url,fullname,name,surname,country,noc_code,discipline,discipline_code
https://en.asiangames2018.id/athletes/athlete/ABDELBASET-Khaled-3030521/,ABDELBASET Khaled,Khaled,Abdelbaset,Qatar,QAT,Basketball,BK
https://en.asiangames2018.id/athletes/athlete/ABDELHALEEM-Abdelrahman-3004890/,ABDELHALEEM Abdelrahman,Abdelrahman,Abdelhaleem,Qatar,QAT,Basketball,BK
https://en.asiangames2018.id/athletes/athlete/ABDELKAWY-Mohamed-3005005/,ABDELKAWY Mohamed,Mohamed,Abdelkawy,Qatar,QAT,Basketball,BK
https://en.asiangames2018.id/athletes/athlete/ABDI-Khalid-3004893/,ABDI Khalid,Khalid,Abdi,Qatar,QAT,Basketball,BK
https://en.asiangames2018.id/athletes/athlete/ABDUL-LATHEEF-Zakariyya-3005033/,ABDUL LATHEEF Zakariyya,Zakariyya,Abdul Latheef,Maldives,MDV,Basketball,BK
https://en.asiangames2018.id/athletes/athlete/ABIKEYEVA-Elmira-3029288/,ABIKEYEVA Elmira,Elmira,Abikeyeva,Kazakhstan,KAZ,Basketball,BK
https://en.asiangames2018.id/athletes/athlete/ABUDUREXITI-Abudushalamu-3011390/,ABUDUREXITI Abudushalamu,Abudushalamu,Abudurexiti,China,CHN,Basketball,BK
https://en.asiangames2018.id/athletes/athlete/ABUISSA-Abdurahim-3004901/,ABUISSA Abdurahim,Abdurahim,Abuissa,Qatar,QAT,Basketball,BK
https://en.asiangames2018.id/athletes/athlete/ABURAHAL-Ibrahim-3013075/,ABURAHAL Ibrahim,IBRAHIM,ABURAHAL,Palestine,PLE,Basketball,BK
https://en.asiangames2018.id/athletes/athlete/ABUSHAMALA-Jamal-Wiliam-3013117/,ABUSHAMALA Jamal Wiliam,JAMAL WILIAM,ABUSHAMALA,Palestine,PLE,Basketball,BK
https://en.asiangames2018.id/athletes/athlete/ADRIBE-Hani-3016165/,ADRIBE Hani,HANI,ADRIBE,Syria,SYR,Basketball,BK
https://en.asiangames2018.id/athletes/athlete/AHANMISI-Maverick-3030526/,AHANMISI Maverick,Maverick,Ahanmisi,Philippines,PHI,Basketball,BK
https://en.asiangames2018.id/athletes/athlete/AL-GHAMIAN-Mohammad-Ammar-3016360/,AL GHAMIAN Mohammad Ammar,Mohammad Ammar,Al Ghamian,Syria,SYR,Basketball,BK
https://en.asiangames2018.id/athletes/athlete/AL-OSH-Sharif-3016131/,AL OSH Sharif,Sharif,Al Osh,Syria,SYR,Basketball,BK
https://en.asiangames2018.id/athletes/athlete/ALBELBEISI-Ahmed-3012507/,ALBELBEISI Ahmed,AHMED,ALBELBEISI,Palestine,PLE,Basketball,BK
https://en.asiangames2018.id/athletes/athlete/ALHAMWI-Abdulwahab-3016102/,ALHAMWI Abdulwahab,Abdulwahab,Alhamwi,Syria,SYR,Basketball,BK
https://en.asiangames2018.id/athletes/athlete/ALIMAA-Khulan-3028065/,ALIMAA Khulan,Khulan,Alimaa,Mongolia,MGL,Basketball,BK
https://en.asiangames2018.id/athletes/athlete/ALJABI-Tarek-3016143/,ALJABI Tarek,Tarek,Aljabi,Syria,SYR,Basketball,BK
https://en.asiangames2018.id/athletes/athlete/ALMAZAN-Raymond-3030534/,ALMAZAN Raymond,Raymond,Almazan,Philippines,PHI,Basketball,BK
https://en.asiangames2018.id/athletes/athlete/ALMUFTAH-Abdullrahman-3004906/,ALMUFTAH Abdullrahman,ABDULLRAHMAN,ALMUFTAH,Qatar,QAT,Basketball,BK
https://en.asiangames2018.id/athletes/athlete/ALRAYES-Nasser-3004907/,ALRAYES Nasser,Nasser,Alrayes,Qatar,QAT,Basketball,BK
https://en.asiangames2018.id/athletes/athlete/ALSHAIKH-Omar-9951418/,ALSHAIKH Omar,Omar,Alshaikh,Syria,SYR,Basketball,BK
https://en.asiangames2018.id/athletes/athlete/ANANTI-Chitchai-3021807/,ANANTI Chitchai,Chitchai,Ananti,Thailand,THA,Basketball,BK
https://en.asiangames2018.id/athletes/athlete/ANJANA-Prasannan-Geetha-3002061/,ANJANA Prasannan Geetha,Prasannan Geetha,Anjana,India,IND,Basketball,BK
https://en.asiangames2018.id/athletes/athlete/ANTONIO-Clarita-3014759/,ANTONIO Clarita,Clarita,Antonio,Indonesia,INA,Basketball,BK
https://en.asiangames2018.id/athletes/athlete/APIROMVILAICHAI-Darongpan-3021808/,APIROMVILAICHAI Darongpan,DARONGPAN,APIROMVILAICHAI,Thailand,THA,Basketball,BK
https://en.asiangames2018.id/athletes/athlete/ARGHAVAN-Rouzbeh-3023157/,ARGHAVAN Rouzbeh,Rouzbeh,Arghavan,IR Iran,IRI,Basketball,BK
https://en.asiangames2018.id/athletes/athlete/ARIUNBOLD-Anand-3028031/,ARIUNBOLD Anand,Anand,Ariunbold,Mongolia,MGL,Basketball,BK
https://en.asiangames2018.id/athletes/athlete/ARZAMASTSEVA-Anastassiya-3029991/,ARZAMASTSEVA Anastassiya,Anastassiya,Arzamastseva,Kazakhstan,KAZ,Basketball,BK
https://en.asiangames2018.id/athletes/athlete/ASTAPENKO-Mariya-3029289/,ASTAPENKO Mariya,Mariya,Astapenko,Kazakhstan,KAZ,Basketball,BK
https://en.asiangames2018.id/athletes/athlete/AU-YEUNG-Wai-Kong-3025959/,AU YEUNG Wai Kong,Wai Kong,Au Yeung,"Hong Kong, China",HKG,Basketball,BK
https://en.asiangames2018.id/athletes/athlete/AVARZED-Gansukh-3028047/,AVARZED Gansukh,GANSUKH,AVARZED,Mongolia,MGL,Basketball,BK
https://en.asiangames2018.id/athletes/athlete/AVDIC-Faris-3004988/,AVDIC Faris,Faris,Avdic,Qatar,QAT,Basketball,BK
https://en.asiangames2018.id/athletes/athlete/AWAWDA-Huthayfa-3013063/,AWAWDA Huthayfa,HUTHAYFA,AWAWDA,Palestine,PLE,Basketball,BK
https://en.asiangames2018.id/athletes/athlete/BAATAR-Bolor-Erdene-3028084/,BAATAR Bolor-Erdene,BOLOR-ERDENE,BAATAR,Mongolia,MGL,Basketball,BK
https://en.asiangames2018.id/athletes/athlete/BABA-Yudai-3023844/,BABA Yudai,YUDAI,BABA,Japan,JPN,Basketball,BK
https://en.asiangames2018.id/athletes/athlete/BAGMET-Oxana-3029290/,BAGMET Oxana,Oxana,Bagmet,Kazakhstan,KAZ,Basketball,BK
https://en.asiangames2018.id/athletes/athlete/BAKAR-Anthouny-3016105/,BAKAR Anthouny,Anthouny,Bakar,Syria,SYR,Basketball,BK
https://en.asiangames2018.id/athletes/athlete/BAO-Hsile-3013550/,BAO Hsile,Hsile,Bao,Chinese Taipei,TPE,Basketball,BK
https://en.asiangames2018.id/athletes/athlete/BAT-ERDENE-Boldbaatar-3028040/,BAT-ERDENE Boldbaatar,Boldbaatar,Bat-Erdene,Mongolia,MGL,Basketball,BK
https://en.asiangames2018.id/athletes/athlete/BATDELGER-Naranbaatar-3028052/,BATDELGER Naranbaatar,NARANBAATAR,BATDELGER,Mongolia,MGL,Basketball,BK
https://en.asiangames2018.id/athletes/athlete/BATTOGTOKH-Unurzaya-3028081/,BATTOGTOKH Unurzaya,Unurzaya,Battogtokh,Mongolia,MGL,Basketball,BK
https://en.asiangames2018.id/athletes/athlete/BATTULGA-Batjavkhlan-3028055/,BATTULGA Batjavkhlan,Batjavkhlan,Battulga,Mongolia,MGL,Basketball,BK
https://en.asiangames2018.id/athletes/athlete/BATTUVSHIN-Bilguun-3028056/,BATTUVSHIN Bilguun,Bilguun,Battuvshin,Mongolia,MGL,Basketball,BK
https://en.asiangames2018.id/athletes/athlete/BAYANKHUU-Erdene-Otgon-3028070/,BAYANKHUU Erdene-Otgon,Erdene-Otgon,Bayankhuu,Mongolia,MGL,Basketball,BK
https://en.asiangames2018.id/athletes/athlete/BAYARMAA-Tsatsral-3028071/,BAYARMAA Tsatsral,Tsatsral,Bayarmaa,Mongolia,MGL,Basketball,BK
https://en.asiangames2018.id/athletes/athlete/BAYASGALAN-Solongo-3028063/,BAYASGALAN Solongo,Solongo,Bayasgalan,Mongolia,MGL,Basketball,BK
https://en.asiangames2018.id/athletes/athlete/BAZHIN-Nikolay-3029274/,BAZHIN Nikolay,Nikolay,Bazhin,Kazakhstan,KAZ,Basketball,BK
https://en.asiangames2018.id/athletes/athlete/BELGA-Beau-Michael-Vincent-3030527/,BELGA Beau Michael Vincent,Beau Michael Vincent,Belga,Philippines,PHI,Basketball,BK
https://en.asiangames2018.id/athletes/athlete/BELOZOR-Vassiliy-3029997/,BELOZOR Vassiliy,Vassiliy,Belozor,Kazakhstan,KAZ,Basketball,BK
https://en.asiangames2018.id/athletes/athlete/BHANDAVYA-Hemmige-Mahesha-3002066/,BHANDAVYA Hemmige Mahesha,Hemmige Mahesha,Bhandavya,India,IND,Basketball,BK
https://en.asiangames2018.id/athletes/athlete/BIAS-Tiffany-Christine-3022293/,BIAS Tiffany Christine,TIFFANY CHRISTINE,BIAS,Thailand,THA,Basketball,BK
https://en.asiangames2018.id/athletes/athlete/BLATCHE-Andray-3029598/,BLATCHE Andray,ANDRAY,BLATCHE,Philippines,PHI,Basketball,BK
https://en.asiangames2018.id/athletes/athlete/BLATCHE-Andray-Maurice-3011472/,BLATCHE Andray Maurice,ANDRAY MAURICE,BLATCHE,Philippines,PHI,Basketball,BK
https://en.asiangames2018.id/athletes/athlete/BOONYAI-Sirapong-3021819/,BOONYAI Sirapong,Sirapong,Boonyai,Thailand,THA,Basketball,BK
https://en.asiangames2018.id/athletes/athlete/BORGIL-Batzolboo-3028049/,BORGIL Batzolboo,BATZOLBOO,BORGIL,Mongolia,MGL,Basketball,BK
https://en.asiangames2018.id/athletes/athlete/BUNSINPROM-Rujiwan-3021576/,BUNSINPROM Rujiwan,Rujiwan,Bunsinprom,Thailand,THA,Basketball,BK
https://en.asiangames2018.id/athletes/athlete/BURIAD-Altanzaya-3028064/,BURIAD Altanzaya,Altanzaya,Buriad,Mongolia,MGL,Basketball,BK
https://en.asiangames2018.id/athletes/athlete/BYKOV-Anton-3029275/,BYKOV Anton,Anton,Bykov,Kazakhstan,KAZ,Basketball,BK
https://en.asiangames2018.id/athletes/athlete/CHAN-Ching-Hang-3026464/,CHAN Ching Hang,Ching Hang,Chan,"Hong Kong, China",HKG,Basketball,BK
https://en.asiangames2018.id/athletes/athlete/CHANTHACHON-Teerawat-3021805/,CHANTHACHON Teerawat,TEERAWAT,CHANTHACHON,Thailand,THA,Basketball,BK
https://en.asiangames2018.id/athletes/athlete/CHEN-Kuanchuan-3014055/,CHEN Kuanchuan,Kuanchuan,Chen,Chinese Taipei,TPE,Basketball,BK
https://en.asiangames2018.id/athletes/athlete/CHEN-Yenyu-3013565/,CHEN Yenyu,Yenyu,Chen,Chinese Taipei,TPE,Basketball,BK
https://en.asiangames2018.id/athletes/athlete/CHEN-Yingchun-3013877/,CHEN Yingchun,Yingchun,Chen,Chinese Taipei,TPE,Basketball,BK
https://en.asiangames2018.id/athletes/athlete/CHEN-Yuchun-3013586/,CHEN Yuchun,Yuchun,Chen,Chinese Taipei,TPE,Basketball,BK
https://en.asiangames2018.id/athletes/athlete/CHENG-Ho-Hang-3025970/,CHENG Ho Hang,Ho Hang,Cheng,"Hong Kong, China",HKG,Basketball,BK
https://en.asiangames2018.id/athletes/athlete/CHENG-Ihsiu-3013556/,CHENG Ihsiu,Ihsiu,Cheng,Chinese Taipei,TPE,Basketball,BK
https://en.asiangames2018.id/athletes/athlete/CHENG-Kam-Hing-3025968/,CHENG Kam Hing,Kam Hing,Cheng,"Hong Kong, China",HKG,Basketball,BK
https://en.asiangames2018.id/athletes/athlete/CHEUK-Ting-3026454/,CHEUK Ting,Ting,Cheuk,"Hong Kong, China",HKG,Basketball,BK
https://en.asiangames2018.id/athletes/athlete/CHIANG-Yuan-3013881/,CHIANG Yuan,Yuan,Chiang,Chinese Taipei,TPE,Basketball,BK
https://en.asiangames2018.id/athletes/athlete/CHOI-Eunsil-3015667/,CHOI Eunsil,Eunsil,Choi,Korea,COR,Basketball,BK
https://en.asiangames2018.id/athletes/athlete/CHOI-Junyong-3015510/,CHOI Junyong,Junyong,Choi,Republic of Korea,KOR,Basketball,BK
https://en.asiangames2018.id/athletes/athlete/CHOU-Pochen-3014052/,CHOU Pochen,Pochen,Chou,Chinese Taipei,TPE,Basketball,BK
https://en.asiangames2018.id/athletes/athlete/CHOU-Yihsiang-3013898/,CHOU Yihsiang,Yihsiang,Chou,Chinese Taipei,TPE,Basketball,BK
https://en.asiangames2018.id/athletes/athlete/CHOW-Ka-Kui-3025962/,CHOW Ka Kui,Ka Kui,Chow,"Hong Kong, China",HKG,Basketball,BK
https://en.asiangames2018.id/athletes/athlete/CHRISTALINE-Nathasa-Debby-3014755/,CHRISTALINE Nathasa Debby,Nathasa Debby,Christaline,Indonesia,INA,Basketball,BK
https://en.asiangames2018.id/athletes/athlete/CHSHERBAK-Vadim-3029284/,CHSHERBAK Vadim,Vadim,Chsherbak,Kazakhstan,KAZ,Basketball,BK
https://en.asiangames2018.id/athletes/athlete/CHUNGYAMPIN-Chatpol-3021570/,CHUNGYAMPIN Chatpol,Chatpol,Chungyampin,Thailand,THA,Basketball,BK
https://en.asiangames2018.id/athletes/athlete/CLARKSON-Jordan-Taylor-3030528/,CLARKSON Jordan Taylor,Jordan Taylor,Clarkson,Philippines,PHI,Basketball,BK
https://en.asiangames2018.id/athletes/athlete/CREIGHTON-Douglas-3013916/,CREIGHTON Douglas,Douglas,Creighton,Chinese Taipei,TPE,Basketball,BK
https://en.asiangames2018.id/athletes/athlete/CRUZ-Jericho-Xavier-3029650/,CRUZ Jericho Xavier,JERICHO XAVIER,CRUZ,Philippines,PHI,Basketball,BK
https://en.asiangames2018.id/athletes/athlete/DALIRZAHAN-Vahid-3023144/,DALIRZAHAN Vahid,Vahid,Dalirzahan,IR Iran,IRI,Basketball,BK
https://en.asiangames2018.id/athletes/athlete/DALISTAN-Paul-John-3030529/,DALISTAN Paul John,Paul John,Dalistan,Philippines,PHI,Basketball,BK
https://en.asiangames2018.id/athletes/athlete/DASHNYAM-Bayanjargal-3028058/,DASHNYAM Bayanjargal,Bayanjargal,Dashnyam,Mongolia,MGL,Basketball,BK
https://en.asiangames2018.id/athletes/athlete/DAVAADORJ-Munkhtuvshin-3028033/,DAVAADORJ Munkhtuvshin,Munkhtuvshin,Davaadorj,Mongolia,MGL,Basketball,BK
https://en.asiangames2018.id/athletes/athlete/DAVAASAMBUU-Delgernyam-3028043/,DAVAASAMBUU Delgernyam,DELGERNYAM,DAVAASAMBUU,Mongolia,MGL,Basketball,BK
https://en.asiangames2018.id/athletes/athlete/DAVAASUREN-Ganzul-3028082/,DAVAASUREN Ganzul,GANZUL,DAVAASUREN,Mongolia,MGL,Basketball,BK
https://en.asiangames2018.id/athletes/athlete/DAVOUDICHEGANI-Aren-3023133/,DAVOUDICHEGANI Aren,Aren,Davoudichegani,IR Iran,IRI,Basketball,BK
https://en.asiangames2018.id/athletes/athlete/DEWI-Kadek-Pratita-Citta-3014754/,DEWI Kadek Pratita Citta,Kadek Pratita Citta,Dewi,Indonesia,INA,Basketball,BK
https://en.asiangames2018.id/athletes/athlete/DHYAKSA-Andakara-Prastawa-3029633/,DHYAKSA Andakara Prastawa,Andakara Prastawa,Dhyaksa,Indonesia,INA,Basketball,BK
https://en.asiangames2018.id/athletes/athlete/DING-Yanyuhang-3012142/,DING Yanyuhang,Yanyuhang,Ding,China,CHN,Basketball,BK
https://en.asiangames2018.id/athletes/athlete/DONG-Hanlin-3011444/,DONG Hanlin,Hanlin,Dong,China,CHN,Basketball,BK
https://en.asiangames2018.id/athletes/athlete/EGHO-Karl-3016375/,EGHO Karl,Karl,Egho,Syria,SYR,Basketball,BK
https://en.asiangames2018.id/athletes/athlete/EHDADI-Hamed-3023163/,EHDADI Hamed,Hamed,Ehdadi,IR Iran,IRI,Basketball,BK
https://en.asiangames2018.id/athletes/athlete/ELDIRAOUI-Omar-3013166/,ELDIRAOUI Omar,OMAR,ELDIRAOUI,Palestine,PLE,Basketball,BK
https://en.asiangames2018.id/athletes/athlete/ELHADARY-Mansour-3004910/,ELHADARY Mansour,MANSOUR,ELHADARY,Qatar,QAT,Basketball,BK
https://en.asiangames2018.id/athletes/athlete/ENKHBAT-Dulguun-3028044/,ENKHBAT Dulguun,DULGUUN,ENKHBAT,Mongolia,MGL,Basketball,BK
https://en.asiangames2018.id/athletes/athlete/ENKHTAIVAN-Chimeddolgor-3028083/,ENKHTAIVAN Chimeddolgor,CHIMEDDOLGOR,ENKHTAIVAN,Mongolia,MGL,Basketball,BK
https://en.asiangames2018.id/athletes/athlete/ENKHTAIVAN-Tserenbaatar-3028046/,ENKHTAIVAN Tserenbaatar,TSERENBAATAR,ENKHTAIVAN,Mongolia,MGL,Basketball,BK
https://en.asiangames2018.id/athletes/athlete/ERDENE-Ariuntungalag-3028079/,ERDENE Ariuntungalag,Ariuntungalag,Erdene,Mongolia,MGL,Basketball,BK
https://en.asiangames2018.id/athletes/athlete/ERRAM-John-Paul-3018576/,ERRAM John Paul,John Paul,Erram,Philippines,PHI,Basketball,BK
https://en.asiangames2018.id/athletes/athlete/FANG-Shuo-3009470/,FANG Shuo,Shuo,Fang,China,CHN,Basketball,BK
https://en.asiangames2018.id/athletes/athlete/FAZEKAS-Nick-3023850/,FAZEKAS Nick,NICK,FAZEKAS,Japan,JPN,Basketball,BK
https://en.asiangames2018.id/athletes/athlete/FIRASH-Ahmed-3004583/,FIRASH Ahmed,Ahmed,Firash,Maldives,MDV,Basketball,BK
https://en.asiangames2018.id/athletes/athlete/GANBAT-Bayartsetseg-3028066/,GANBAT Bayartsetseg,Bayartsetseg,Ganbat,Mongolia,MGL,Basketball,BK
https://en.asiangames2018.id/athletes/athlete/GANBOLD-Battur-3028048/,GANBOLD Battur,BATTUR,GANBOLD,Mongolia,MGL,Basketball,BK
https://en.asiangames2018.id/athletes/athlete/GAVRILOV-Dmitriy-3029276/,GAVRILOV Dmitriy,Dmitriy,Gavrilov,Kazakhstan,KAZ,Basketball,BK
https://en.asiangames2018.id/athletes/athlete/GAVRILYUK-Rufina-3029292/,GAVRILYUK Rufina,Rufina,Gavrilyuk,Kazakhstan,KAZ,Basketball,BK
https://en.asiangames2018.id/athletes/athlete/GEMILANG-Kaleb-Ramot-3020428/,GEMILANG Kaleb Ramot,Kaleb Ramot,Gemilang,Indonesia,INA,Basketball,BK
https://en.asiangames2018.id/athletes/athlete/GOTOV-Tsenguunbayar-3028045/,GOTOV Tsenguunbayar,TSENGUUNBAYAR,GOTOV,Mongolia,MGL,Basketball,BK
https://en.asiangames2018.id/athletes/athlete/GRAHITA-Abraham-Damar-3020431/,GRAHITA Abraham Damar,Abraham Damar,Grahita,Indonesia,INA,Basketball,BK
https://en.asiangames2018.id/athletes/athlete/HABASH-Ibrahim-3013082/,HABASH Ibrahim,IBRAHIM,HABASH,Palestine,PLE,Basketball,BK
https://en.asiangames2018.id/athletes/athlete/HABASH-Kevin-3013124/,HABASH Kevin,KEVIN,HABASH,Palestine,PLE,Basketball,BK
https://en.asiangames2018.id/athletes/athlete/HABASH-Tamer-3013225/,HABASH Tamer,TAMER,HABASH,Palestine,PLE,Basketball,BK
https://en.asiangames2018.id/athletes/athlete/HACHIMURA-Rui-3023853/,HACHIMURA Rui,RUI,HACHIMURA,Japan,JPN,Basketball,BK
https://en.asiangames2018.id/athletes/athlete/HADRAB-Nasim-3013147/,HADRAB Nasim,NASIM,HADRAB,Palestine,PLE,Basketball,BK
https://en.asiangames2018.id/athletes/athlete/HALEEM-Hussain-3004565/,HALEEM Hussain,Hussain,Haleem,Maldives,MDV,Basketball,BK
https://en.asiangames2018.id/athletes/athlete/HAN-Xu-3011388/,HAN Xu,Xu,Han,China,CHN,Basketball,BK
https://en.asiangames2018.id/athletes/athlete/HANTORO-Vonny-3014773/,HANTORO Vonny,Vonny,Hantoro,Indonesia,INA,Basketball,BK
https://en.asiangames2018.id/athletes/athlete/HAQ-Muhammad-Dhiyaul-9951416/,HAQ Muhammad Dhiyaul,Muhammad Dhiyaul,Haq,Indonesia,INA,Basketball,BK
https://en.asiangames2018.id/athletes/athlete/HARIMOTO-Tenketsu-3023855/,HARIMOTO Tenketsu,Tenketsu,Harimoto,Japan,JPN,Basketball,BK
https://en.asiangames2018.id/athletes/athlete/HAROON-Ahmed-3012503/,HAROON Ahmed,AHMED,HAROON,Palestine,PLE,Basketball,BK
https://en.asiangames2018.id/athletes/athlete/HASAN-Alhosain-3016104/,HASAN Alhosain,ALHOSAIN,HASAN,Syria,SYR,Basketball,BK
https://en.asiangames2018.id/athletes/athlete/HASHIMOTO-Takuya-3030470/,HASHIMOTO Takuya,Takuya,Hashimoto,Japan,JPN,Basketball,BK
https://en.asiangames2018.id/athletes/athlete/HASSANZADEH-SABER-AKHLAGH-Mohammad-3023165/,HASSANZADEH SABER AKHLAGH Mohammad,Mohammad,Hassanzadeh Saber Akhlaghi,IR Iran,IRI,Basketball,BK
https://en.asiangames2018.id/athletes/athlete/HAYASHI-Saki-3023932/,HAYASHI Saki,Saki,Hayashi,Japan,JPN,Basketball,BK
https://en.asiangames2018.id/athletes/athlete/HEO-Hoon-3015515/,HEO Hoon,Hoon,Heo,Republic of Korea,KOR,Basketball,BK
https://en.asiangames2018.id/athletes/athlete/HEO-Ilyoung-3015545/,HEO Ilyoung,Ilyoung,Heo,Republic of Korea,KOR,Basketball,BK
https://en.asiangames2018.id/athletes/athlete/HEO-Ung-3015535/,HEO Ung,Ung,Heo,Republic of Korea,KOR,Basketball,BK
https://en.asiangames2018.id/athletes/athlete/HIEJIMA-Makoto-3023857/,HIEJIMA Makoto,MAKOTO,HIEJIMA,Japan,JPN,Basketball,BK
https://en.asiangames2018.id/athletes/athlete/HU-Longmao-3013883/,HU Longmao,Longmao,Hu,Chinese Taipei,TPE,Basketball,BK
https://en.asiangames2018.id/athletes/athlete/HUANG-Fanshan-3013594/,HUANG Fanshan,Fanshan,Huang,Chinese Taipei,TPE,Basketball,BK
https://en.asiangames2018.id/athletes/athlete/HUANG-Jhen-3014112/,HUANG Jhen,Jhen,Huang,Chinese Taipei,TPE,Basketball,BK
https://en.asiangames2018.id/athletes/athlete/HUANG-Lingchuan-3013599/,HUANG Lingchuan,Lingchuan,Huang,Chinese Taipei,TPE,Basketball,BK
https://en.asiangames2018.id/athletes/athlete/HUANG-Pingjen-3013546/,HUANG Pingjen,Pingjen,Huang,Chinese Taipei,TPE,Basketball,BK
https://en.asiangames2018.id/athletes/athlete/HUANG-Sijing-3011664/,HUANG Sijing,Sijing,Huang,China,CHN,Basketball,BK
https://en.asiangames2018.id/athletes/athlete/HUANG-Tsunghan-3013911/,HUANG Tsunghan,Tsunghan,Huang,Chinese Taipei,TPE,Basketball,BK
https://en.asiangames2018.id/athletes/athlete/HUANG-Yingli-3013598/,HUANG Yingli,Yingli,Huang,Chinese Taipei,TPE,Basketball,BK
https://en.asiangames2018.id/athletes/athlete/ICHINKHORLOO-Dolgor-3028068/,ICHINKHORLOO Dolgor,DOLGOR,ICHINKHORLOO,Mongolia,MGL,Basketball,BK
https://en.asiangames2018.id/athletes/athlete/IDELBI-Omar-3016590/,IDELBI Omar,Omar,Idelbi,Syria,SYR,Basketball,BK
https://en.asiangames2018.id/athletes/athlete/IMAMURA-Keita-3030471/,IMAMURA Keita,Keita,Imamura,Japan,JPN,Basketball,BK
https://en.asiangames2018.id/athletes/athlete/INDRAWAN-Ponsianus-Nyoman-3029639/,INDRAWAN Ponsianus Nyoman,Ponsianus Nyoman,Indrawan,Indonesia,INA,Basketball,BK
https://en.asiangames2018.id/athletes/athlete/ISSA-Nadem-3016159/,ISSA Nadem,NADEM,ISSA,Syria,SYR,Basketball,BK
https://en.asiangames2018.id/athletes/athlete/IVANOVA-Oxana-3029293/,IVANOVA Oxana,Oxana,Ivanova,Kazakhstan,KAZ,Basketball,BK
https://en.asiangames2018.id/athletes/athlete/JAISANUK-Nakorn-3021837/,JAISANUK Nakorn,Nakorn,Jaisanuk,Thailand,THA,Basketball,BK
https://en.asiangames2018.id/athletes/athlete/JAKRAWAN-Chanatip-3021568/,JAKRAWAN Chanatip,Chanatip,Jakrawan,Thailand,THA,Basketball,BK
https://en.asiangames2018.id/athletes/athlete/JAMSHIDIJAFARABADI-Mohammad-3023142/,JAMSHIDIJAFARABADI Mohammad,Mohammad,Jamshidijafarabadi,IR Iran,IRI,Basketball,BK
https://en.asiangames2018.id/athletes/athlete/JANG-Mi-Gyong-3030450/,JANG Mi Gyong,Mi Gyong,Jang,Korea,COR,Basketball,BK
https://en.asiangames2018.id/athletes/athlete/JEENA-Palanilkumakalayil-Skaria-3002069/,JEENA Palanilkumakalayil Skaria,Palanilkumakalayil Skaria,Jeena,India,IND,Basketball,BK
https://en.asiangames2018.id/athletes/athlete/JEON-Junbeom-3015536/,JEON Junbeom,Junbeom,Jeon,Republic of Korea,KOR,Basketball,BK
https://en.asiangames2018.id/athletes/athlete/JIN-Jiabao-3011700/,JIN Jiabao,Jiabao,Jin,China,CHN,Basketball,BK
https://en.asiangames2018.id/athletes/athlete/JOHNSON-Clinton-3004984/,JOHNSON Clinton,CLINTON,JOHNSON,Qatar,QAT,Basketball,BK
https://en.asiangames2018.id/athletes/athlete/JOHNSON-Jamarr-Andre-3020419/,JOHNSON Jamarr  Andre,Jamarr  Andre,Johnson,Indonesia,INA,Basketball,BK
https://en.asiangames2018.id/athletes/athlete/KAICHAIYAPOOM-Atchara-3022318/,KAICHAIYAPOOM Atchara,Atchara,Kaichaiyapoom,Thailand,THA,Basketball,BK
https://en.asiangames2018.id/athletes/athlete/KANG-Leeseul-3015660/,KANG Leeseul,Leeseul,Kang,Korea,COR,Basketball,BK
https://en.asiangames2018.id/athletes/athlete/KANG-Sangjae-3015593/,KANG Sangjae,Sangjae,Kang,Republic of Korea,KOR,Basketball,BK
https://en.asiangames2018.id/athletes/athlete/KAREN-Priscilla-Annabel-3014769/,KAREN Priscilla Annabel,Priscilla Annabel,Karen,Indonesia,INA,Basketball,BK
https://en.asiangames2018.id/athletes/athlete/KASABALLI-Mohi-Eddin-3016123/,KASABALLI Mohi Eddin,Mohi Eddin,Kasaballi,Syria,SYR,Basketball,BK
https://en.asiangames2018.id/athletes/athlete/KASSAS-Nazem-3016638/,KASSAS Nazem,Nazem,Kassas,Syria,SYR,Basketball,BK
https://en.asiangames2018.id/athletes/athlete/KAWAMURA-Miyuki-3023937/,KAWAMURA Miyuki,Miyuki,Kawamura,Japan,JPN,Basketball,BK
https://en.asiangames2018.id/athletes/athlete/KAZEMI-NAEINI-Arsalan-3023155/,KAZEMI NAEINI Arsalan,Arsalan,Kazemi Naeini,IR Iran,IRI,Basketball,BK
https://en.asiangames2018.id/athletes/athlete/KHARADJIAN-Sebouh-3016629/,KHARADJIAN Sebouh,SEBOUH,KHARADJIAN,Syria,SYR,Basketball,BK
https://en.asiangames2018.id/athletes/athlete/KHOURI-Khalil-3016111/,KHOURI Khalil,Khalil,Khouri,Syria,SYR,Basketball,BK
https://en.asiangames2018.id/athletes/athlete/KHUKHANDHIN-Suppawich-3021817/,KHUKHANDHIN Suppawich,Suppawich,Khukhandhin,Thailand,THA,Basketball,BK
https://en.asiangames2018.id/athletes/athlete/KHYYATA-Ahmad-3017150/,KHYYATA Ahmad,Ahmad,Khyyata,Syria,SYR,Basketball,BK
https://en.asiangames2018.id/athletes/athlete/KIM-Hanbyul-3015661/,KIM Hanbyul,Hanbyul,Kim,Korea,COR,Basketball,BK
https://en.asiangames2018.id/athletes/athlete/KIM-Hye-Yon-3030425/,KIM Hye Yon,Hye Yon,Kim,Korea,COR,Basketball,BK
https://en.asiangames2018.id/athletes/athlete/KIM-Jongkyu-3015600/,KIM Jongkyu,Jongkyu,Kim,Republic of Korea,KOR,Basketball,BK
https://en.asiangames2018.id/athletes/athlete/KIM-Junyl-3015590/,KIM Junyl,Junyl,Kim,Republic of Korea,KOR,Basketball,BK
https://en.asiangames2018.id/athletes/athlete/KIM-Sodam-9951406/,KIM Sodam,Sodam,Kim,Korea,COR,Basketball,BK
https://en.asiangames2018.id/athletes/athlete/KIM-Sunhyung-3015507/,KIM Sunhyung,Sunhyung,Kim,Republic of Korea,KOR,Basketball,BK
https://en.asiangames2018.id/athletes/athlete/KITRAKSA-Warunee-3021574/,KITRAKSA Warunee,Warunee,Kitraksa,Thailand,THA,Basketball,BK
https://en.asiangames2018.id/athletes/athlete/KLAEWNARONG-Anasawee-3021829/,KLAEWNARONG Anasawee,Anasawee,Klaewnarong,Thailand,THA,Basketball,BK
https://en.asiangames2018.id/athletes/athlete/KLAHAN-Patiphan-3021825/,KLAHAN Patiphan,Patiphan,Klahan,Thailand,THA,Basketball,BK
https://en.asiangames2018.id/athletes/athlete/KLANBUT-Supira-3022317/,KLANBUT Supira,Supira,Klanbut,Thailand,THA,Basketball,BK
https://en.asiangames2018.id/athletes/athlete/KOLESNIKOVA-Olga-3029295/,KOLESNIKOVA Olga,Olga,Kolesnikova,Kazakhstan,KAZ,Basketball,BK
https://en.asiangames2018.id/athletes/athlete/KONDO-Kaede-3023938/,KONDO Kaede,KAEDE,KONDO,Japan,JPN,Basketball,BK
https://en.asiangames2018.id/athletes/athlete/KONDRAKOVA-Nadezhda-3029296/,KONDRAKOVA Nadezhda,Nadezhda,Kondrakova,Kazakhstan,KAZ,Basketball,BK
https://en.asiangames2018.id/athletes/athlete/KORSAH-DICK-Guntapong-3021569/,KORSAH DICK Guntapong,Guntapong,Korsah Dick,Thailand,THA,Basketball,BK
https://en.asiangames2018.id/athletes/athlete/KOVALEVSKAYA-Alexandra-3029294/,KOVALEVSKAYA Alexandra,Alexandra,Kovalevskaya,Kazakhstan,KAZ,Basketball,BK
https://en.asiangames2018.id/athletes/athlete/KUANOV-Shaim-3029278/,KUANOV Shaim,Shaim,Kuanov,Kazakhstan,KAZ,Basketball,BK
https://en.asiangames2018.id/athletes/athlete/KUMAGAE-Naoya-3023863/,KUMAGAE Naoya,Naoya,Kumagae,Japan,JPN,Basketball,BK
https://en.asiangames2018.id/athletes/athlete/KUMARI-Madhu-3002273/,KUMARI Madhu,Madhu,Kumari,India,IND,Basketball,BK
https://en.asiangames2018.id/athletes/athlete/KUNCHUAN-Supavadee-3022315/,KUNCHUAN Supavadee,Supavadee,Kunchuan,Thailand,THA,Basketball,BK
https://en.asiangames2018.id/athletes/athlete/KURAZOVA-Zalina-3029297/,KURAZOVA Zalina,Zalina,Kurazova,Kazakhstan,KAZ,Basketball,BK
https://en.asiangames2018.id/athletes/athlete/KURILIONAKAS-Renatas-3030366/,KURILIONAKAS Renatas,RENATAS,KURILIONAKAS,Lithuania,LTU,Basketball,BK
https://en.asiangames2018.id/athletes/athlete/KURNIAWAN-Sandy-Febiansyakh-3020429/,KURNIAWAN Sandy Febiansyakh,Sandy Febiansyakh,Kurniawan,Indonesia,INA,Basketball,BK
https://en.asiangames2018.id/athletes/athlete/KWAK-Jooyeong-3015709/,KWAK Jooyeong,Jooyeong,Kwak,Korea,COR,Basketball,BK
https://en.asiangames2018.id/athletes/athlete/KWONG-Hiu-Lam-3026463/,KWONG Hiu Lam,Hiu Lam,Kwong,"Hong Kong, China",HKG,Basketball,BK
https://en.asiangames2018.id/athletes/athlete/LAKHAN-Bandit-3021841/,LAKHAN Bandit,Bandit,Lakhan,Thailand,THA,Basketball,BK
https://en.asiangames2018.id/athletes/athlete/LAM-Hoi-Kwong-3025958/,LAM Hoi Kwong,Hoi Kwong,Lam,"Hong Kong, China",HKG,Basketball,BK
https://en.asiangames2018.id/athletes/athlete/LAM-Pik-Yi-3026457/,LAM Pik Yi,Pik Yi,Lam,"Hong Kong, China",HKG,Basketball,BK
https://en.asiangames2018.id/athletes/athlete/LASHIN-Moustafa-3030522/,LASHIN Moustafa,Moustafa,Lashin,Qatar,QAT,Basketball,BK
https://en.asiangames2018.id/athletes/athlete/LAU-Tsz-Lai-3025969/,LAU Tsz Lai,Tsz Lai,Lau,"Hong Kong, China",HKG,Basketball,BK
https://en.asiangames2018.id/athletes/athlete/LEE-Daesung-3015512/,LEE Daesung,Daesung,Lee,Republic of Korea,KOR,Basketball,BK
https://en.asiangames2018.id/athletes/athlete/LEE-Junghyun-3015533/,LEE Junghyun,Junghyun,Lee,Republic of Korea,KOR,Basketball,BK
https://en.asiangames2018.id/athletes/athlete/LEE-Seounghyun-3015592/,LEE Seounghyun,Seounghyun,Lee,Republic of Korea,KOR,Basketball,BK
https://en.asiangames2018.id/athletes/athlete/LEELAPHIPATKUL-Attapong-3021844/,LEELAPHIPATKUL Attapong,Attapong,Leelaphipatkul,Thailand,THA,Basketball,BK
https://en.asiangames2018.id/athletes/athlete/LESTARI-Dyah-3014765/,LESTARI Dyah,Dyah,Lestari,Indonesia,INA,Basketball,BK
https://en.asiangames2018.id/athletes/athlete/LEUNG-Shiu-Wah-3025957/,LEUNG Shiu Wah,Shiu Wah,Leung,"Hong Kong, China",HKG,Basketball,BK
https://en.asiangames2018.id/athletes/athlete/LI-Meng-3011697/,LI Meng,Meng,Li,China,CHN,Basketball,BK
https://en.asiangames2018.id/athletes/athlete/LI-Tsz-Kwan-3026469/,LI Tsz Kwan,Tsz Kwan,Li,"Hong Kong, China",HKG,Basketball,BK
https://en.asiangames2018.id/athletes/athlete/LI-Yuan-3011725/,LI Yuan,Yuan,Li,China,CHN,Basketball,BK
https://en.asiangames2018.id/athletes/athlete/LI-Yueru-3010831/,LI Yueru,Yueru,Li,China,CHN,Basketball,BK
https://en.asiangames2018.id/athletes/athlete/LIM-Yunghui-3015665/,LIM Yunghui,Yunghui,Lim,Korea,COR,Basketball,BK
https://en.asiangames2018.id/athletes/athlete/LIMAYE-Shireen-Vijay-3002091/,LIMAYE Shireen Vijay,Shireen Vijay,Limaye,India,IND,Basketball,BK
https://en.asiangames2018.id/athletes/athlete/LIN-Chihwei-3014074/,LIN Chihwei,Chihwei,Lin,Chinese Taipei,TPE,Basketball,BK
https://en.asiangames2018.id/athletes/athlete/LIN-Yuting-3013552/,LIN Yuting,Yuting,Lin,Chinese Taipei,TPE,Basketball,BK
https://en.asiangames2018.id/athletes/athlete/LIU-Cheng-3013906/,LIU Cheng,Cheng,Liu,Chinese Taipei,TPE,Basketball,BK
https://en.asiangames2018.id/athletes/athlete/LIU-Jiacen-3011634/,LIU Jiacen,Jiacen,Liu,China,CHN,Basketball,BK
https://en.asiangames2018.id/athletes/athlete/LIU-Zhixuan-3011517/,LIU Zhixuan,Zhixuan,Liu,China,CHN,Basketball,BK
https://en.asiangames2018.id/athletes/athlete/LUMDABPANG-Thunchanok-3021579/,LUMDABPANG Thunchanok,Thunchanok,Lumdabpang,Thailand,THA,Basketball,BK
https://en.asiangames2018.id/athletes/athlete/MA-Tan-Fung-3026467/,MA Tan Fung,Tan Fung,Ma,"Hong Kong, China",HKG,Basketball,BK
https://en.asiangames2018.id/athletes/athlete/MAIDEKIN-Askar-3029279/,MAIDEKIN Askar,Askar,Maidekin,Kazakhstan,KAZ,Basketball,BK
https://en.asiangames2018.id/athletes/athlete/MAIHOM-Thidaporn-3022319/,MAIHOM Thidaporn,Thidaporn,Maihom,Thailand,THA,Basketball,BK
https://en.asiangames2018.id/athletes/athlete/MARCHUK-Maxim-3029280/,MARCHUK Maxim,Maxim,Marchuk,Kazakhstan,KAZ,Basketball,BK
https://en.asiangames2018.id/athletes/athlete/MASHAYEKHI-Sajjad-3023132/,MASHAYEKHI Sajjad,Sajjad,Mashayekhi,IR Iran,IRI,Basketball,BK
https://en.asiangames2018.id/athletes/athlete/MATALKEH-Abduallah-3004919/,MATALKEH Abduallah,ABDUALLAH,MATALKEH,Qatar,QAT,Basketball,BK
https://en.asiangames2018.id/athletes/athlete/MAWULI-Stephanie-3023944/,MAWULI Stephanie,Stephanie,Mawuli,Japan,JPN,Basketball,BK
https://en.asiangames2018.id/athletes/athlete/MIRZAEITALARPOSHTI-Meisam-3023189/,MIRZAEITALARPOSHTI Meisam,Meisam,Mirzaeitalarposhti,IR Iran,IRI,Basketball,BK
https://en.asiangames2018.id/athletes/athlete/MIYAZAKI-Saori-3023946/,MIYAZAKI Saori,Saori,Miyazaki,Japan,JPN,Basketball,BK
https://en.asiangames2018.id/athletes/athlete/MOHAMED-Abdulla-Amzar-3004562/,MOHAMED Abdulla Amzar,Abdulla Amzar,Mohamed,Maldives,MDV,Basketball,BK
https://en.asiangames2018.id/athletes/athlete/MOHAMED-Mafaz-3004871/,MOHAMED Mafaz,Mafaz,Mohamed,Maldives,MDV,Basketball,BK
https://en.asiangames2018.id/athletes/athlete/MOHAMED-Mohamed-Hassan-3004922/,MOHAMED Mohamed Hassan,Mohamed Hassan,Mohamed,Qatar,QAT,Basketball,BK
https://en.asiangames2018.id/athletes/athlete/MOHAMMED-Mohd-3004925/,MOHAMMED Mohd,Mohd,Mohammed,Qatar,QAT,Basketball,BK
https://en.asiangames2018.id/athletes/athlete/MOUSA-Mohammed-3013134/,MOUSA Mohammed,MOHAMMED,MOUSA,Palestine,PLE,Basketball,BK
https://en.asiangames2018.id/athletes/athlete/MUJKIC-Emir-3004998/,MUJKIC Emir,Emir,Mujkic,Qatar,QAT,Basketball,BK
https://en.asiangames2018.id/athletes/athlete/MURAT-Bulbul-3028080/,MURAT Bulbul,Bulbul,Murat,Mongolia,MGL,Basketball,BK
https://en.asiangames2018.id/athletes/athlete/MURZAGALIYEV-Rustam-3029281/,MURZAGALIYEV Rustam,Rustam,Murzagaliyev,Kazakhstan,KAZ,Basketball,BK
https://en.asiangames2018.id/athletes/athlete/NAGATA-Moe-3023953/,NAGATA Moe,Moe,Nagata,Japan,JPN,Basketball,BK
https://en.asiangames2018.id/athletes/athlete/NAGAYOSHI-Yuya-3023865/,NAGAYOSHI Yuya,Yuya,Nagayoshi,Japan,JPN,Basketball,BK
https://en.asiangames2018.id/athletes/athlete/NAKADA-Tamami-3023954/,NAKADA Tamami,Tamami,Nakada,Japan,JPN,Basketball,BK
https://en.asiangames2018.id/athletes/athlete/NAKAMURA-Taichi-3030469/,NAKAMURA Taichi,Taichi,Nakamura,Japan,JPN,Basketball,BK
https://en.asiangames2018.id/athletes/athlete/NARANGEREL-Batbayar-3028037/,NARANGEREL Batbayar,Batbayar,Narangerel,Mongolia,MGL,Basketball,BK
https://en.asiangames2018.id/athletes/athlete/NGOMBO-Tanguy-3004936/,NGOMBO Tanguy,Tanguy,Ngombo,Qatar,QAT,Basketball,BK
https://en.asiangames2018.id/athletes/athlete/NIKKHAHBAHRAMI-Mohammadsamad-3023152/,NIKKHAHBAHRAMI Mohammadsamad,Mohammadsamad,Nikkhahbahrami,IR Iran,IRI,Basketball,BK
https://en.asiangames2018.id/athletes/athlete/NORWOOD-Gabriel-Daniel-3018580/,NORWOOD Gabriel Daniel,Gabriel Daniel,Norwood,Philippines,PHI,Basketball,BK
https://en.asiangames2018.id/athletes/athlete/NUGROHO-Firman-Dwi-3020434/,NUGROHO Firman Dwi,Firman Dwi,Nugroho,Indonesia,INA,Basketball,BK
https://en.asiangames2018.id/athletes/athlete/OCHBADRAKH-Dulguun-3028038/,OCHBADRAKH Dulguun,Dulguun,Ochbadrakh,Mongolia,MGL,Basketball,BK
https://en.asiangames2018.id/athletes/athlete/OCHIRBAT-Erdenetsogt-3028026/,OCHIRBAT Erdenetsogt,Erdenetsogt,Ochirbat,Mongolia,MGL,Basketball,BK
https://en.asiangames2018.id/athletes/athlete/ODEH-Enar-3013239/,ODEH Enar,ENAR,ODEH,Palestine,PLE,Basketball,BK
https://en.asiangames2018.id/athletes/athlete/ONOLBAATAR-Enkhbaatar-3028050/,ONOLBAATAR Enkhbaatar,ENKHBAATAR,ONOLBAATAR,Mongolia,MGL,Basketball,BK
https://en.asiangames2018.id/athletes/athlete/ORVILLE-Nathania-Claresta-3014767/,ORVILLE Nathania Claresta,Nathania Claresta,Orville,Indonesia,INA,Basketball,BK
https://en.asiangames2018.id/athletes/athlete/OSSIPENKO-Oxana-3029298/,OSSIPENKO Oxana,Oxana,Ossipenko,Kazakhstan,KAZ,Basketball,BK
https://en.asiangames2018.id/athletes/athlete/OTA-Atsuya-3023875/,OTA Atsuya,Atsuya,Ota,Japan,JPN,Basketball,BK
https://en.asiangames2018.id/athletes/athlete/OTGONBAATAR-Sergelen-3028042/,OTGONBAATAR Sergelen,Sergelen,Otgonbaatar,Mongolia,MGL,Basketball,BK
https://en.asiangames2018.id/athletes/athlete/OTGONBAYAR-Bolortuya-3028059/,OTGONBAYAR Bolortuya,Bolortuya,Otgonbayar,Mongolia,MGL,Basketball,BK
https://en.asiangames2018.id/athletes/athlete/OTGONBAYAR-Ochirbat-3028041/,OTGONBAYAR Ochirbat,Ochirbat,Otgonbayar,Mongolia,MGL,Basketball,BK
https://en.asiangames2018.id/athletes/athlete/OYUNBOLD-Tselmeg-3028054/,OYUNBOLD Tselmeg,TSELMEG,OYUNBOLD,Mongolia,MGL,Basketball,BK
https://en.asiangames2018.id/athletes/athlete/PARAS-Kobe-Lorenzo-3029636/,PARAS Kobe Lorenzo,KOBE LORENZO,PARAS,Philippines,PHI,Basketball,BK
https://en.asiangames2018.id/athletes/athlete/PARK-Chanhee-3015508/,PARK Chanhee,Chanhee,Park,Republic of Korea,KOR,Basketball,BK
https://en.asiangames2018.id/athletes/athlete/PARK-Hana-3015725/,PARK Hana,Hana,Park,Korea,COR,Basketball,BK
https://en.asiangames2018.id/athletes/athlete/PARK-Hyejin-3015612/,PARK Hyejin,Hyejin,Park,Korea,COR,Basketball,BK
https://en.asiangames2018.id/athletes/athlete/PARK-Jihyun-9951407/,PARK Jihyun,Jihyun,Park,Korea,COR,Basketball,BK
https://en.asiangames2018.id/athletes/athlete/PARK-Jisu-3015719/,PARK Jisu,Jisu,Park,Korea,COR,Basketball,BK
https://en.asiangames2018.id/athletes/athlete/PENG-Chunyen-3014101/,PENG Chunyen,Chunyen,Peng,Chinese Taipei,TPE,Basketball,BK
https://en.asiangames2018.id/athletes/athlete/PENG-Hsiaotong-3013506/,PENG Hsiaotong,Hsiaotong,Peng,Chinese Taipei,TPE,Basketball,BK
https://en.asiangames2018.id/athletes/athlete/PENG-Szuchin-3013547/,PENG Szuchin,Szuchin,Peng,Chinese Taipei,TPE,Basketball,BK
https://en.asiangames2018.id/athletes/athlete/PHETSAENKHA-Kloyjai-3022295/,PHETSAENKHA Kloyjai,Kloyjai,Phetsaenkha,Thailand,THA,Basketball,BK
https://en.asiangames2018.id/athletes/athlete/PHOSUT-Yanee-3022300/,PHOSUT Yanee,Yanee,Phosut,Thailand,THA,Basketball,BK
https://en.asiangames2018.id/athletes/athlete/PHROMRAT-Suree-3022288/,PHROMRAT Suree,Suree,Phromrat,Thailand,THA,Basketball,BK
https://en.asiangames2018.id/athletes/athlete/PHUANGLA-Arnat-3021818/,PHUANGLA Arnat,Arnat,Phuangla,Thailand,THA,Basketball,BK
https://en.asiangames2018.id/athletes/athlete/POGOY-Roger-Ray-3018585/,POGOY Roger Ray,ROGER RAY,POGOY,Philippines,PHI,Basketball,BK
https://en.asiangames2018.id/athletes/athlete/POGOY-Roger-Ray-3029599/,POGOY Roger Ray,ROGER RAY,POGOY,Philippines,PHI,Basketball,BK
https://en.asiangames2018.id/athletes/athlete/PONOMAREV-Anton-3029282/,PONOMAREV Anton,ANTON,PONOMAREV,Kazakhstan,KAZ,Basketball,BK
https://en.asiangames2018.id/athletes/athlete/PRABHAKARA-Priyanka-3002094/,PRABHAKARA Priyanka,Priyanka,Prabhakara,India,IND,Basketball,BK
https://en.asiangames2018.id/athletes/athlete/PRAJUAPSOOK-Kanokwan-3021577/,PRAJUAPSOOK Kanokwan,Kanokwan,Prajuapsook,Thailand,THA,Basketball,BK
https://en.asiangames2018.id/athletes/athlete/PRAWIRO-Xaverius-3020425/,PRAWIRO Xaverius,Xaverius,Prawiro,Indonesia,INA,Basketball,BK
https://en.asiangames2018.id/athletes/athlete/PRINGLE-Stanley-3030530/,PRINGLE Stanley,Stanley,Pringle,Philippines,PHI,Basketball,BK
https://en.asiangames2018.id/athletes/athlete/PUREVJAV-Bolortulga-3030503/,PUREVJAV Bolortulga,Bolortulga,Purevjav,Mongolia,MGL,Basketball,BK
https://en.asiangames2018.id/athletes/athlete/PUTRA-Adhi-Pratama-Prasetyo-3020421/,PUTRA Adhi Pratama Prasetyo,Adhi Pratama Prasetyo,Putra,Indonesia,INA,Basketball,BK
https://en.asiangames2018.id/athletes/athlete/RAJAGANAPATHI-Rajapriyadharshini-3002089/,RAJAGANAPATHI Rajapriyadharshini,Rajapriyadharshini,Rajaganapathi,India,IND,Basketball,BK
https://en.asiangames2018.id/athletes/athlete/RAMESH-Sanjana-3001845/,RAMESH Sanjana,Sanjana,Ramesh,India,IND,Basketball,BK
https://en.asiangames2018.id/athletes/athlete/RASHAD-Ahmed-Afsan-3004221/,RASHAD Ahmed Afsan,Ahmed Afsan,Rashad,Maldives,MDV,Basketball,BK
https://en.asiangames2018.id/athletes/athlete/RASHEED-Rishfaan-3005035/,RASHEED Rishfaan,Rishfaan,Rasheed,Maldives,MDV,Basketball,BK
https://en.asiangames2018.id/athletes/athlete/RASHWAAN-Ibrahim-3004602/,RASHWAAN Ibrahim,Ibrahim,Rashwaan,Maldives,MDV,Basketball,BK
https://en.asiangames2018.id/athletes/athlete/RATLIFFE-Ricardo-Preston-3015589/,RATLIFFE Ricardo Preston,Ricardo Preston,Ratliffe,Republic of Korea,KOR,Basketball,BK
https://en.asiangames2018.id/athletes/athlete/REZAEIFAR-Navid-3023141/,REZAEIFAR Navid,Navid,Rezaeifar,IR Iran,IRI,Basketball,BK
https://en.asiangames2018.id/athletes/athlete/RIVERO-Ricci-Paolo-3029603/,RIVERO Ricci Paolo,RICCI PAOLO,RIVERO,Philippines,PHI,Basketball,BK
https://en.asiangames2018.id/athletes/athlete/RO-Suk-Yong-3030426/,RO Suk Yong,Suk Yong,Ro,Korea,COR,Basketball,BK
https://en.asiangames2018.id/athletes/athlete/ROMEO-Terrence-Bill-3029600/,ROMEO Terrence Bill,TERRENCE BILL,ROMEO,Philippines,PHI,Basketball,BK
https://en.asiangames2018.id/athletes/athlete/ROMEO-Terrence-Bill-3018588/,ROMEO Terrence Bill,TERRENCE BILL,ROMEO,Philippines,PHI,Basketball,BK
https://en.asiangames2018.id/athletes/athlete/ROSARIO-Jeth-Troy-3018592/,ROSARIO Jeth Troy,JETH TROY,ROSARIO,Philippines,PHI,Basketball,BK
https://en.asiangames2018.id/athletes/athlete/ROSARIO-Jeth-Troy-3029634/,ROSARIO Jeth Troy,JETH TROY,ROSARIO,Philippines,PHI,Basketball,BK
https://en.asiangames2018.id/athletes/athlete/SAAD-Abdullrahman-3004928/,SAAD Abdullrahman,ABDULLRAHMAN,SAAD,Qatar,QAT,Basketball,BK
https://en.asiangames2018.id/athletes/athlete/SABAT-Jack-3013106/,SABAT Jack,JACK,SABAT,Palestine,PLE,Basketball,BK
https://en.asiangames2018.id/athletes/athlete/SADDIR-Jamil-3016107/,SADDIR Jamil,Jamil,Saddir,Syria,SYR,Basketball,BK
https://en.asiangames2018.id/athletes/athlete/SAECHUA-Wipaporn-3022302/,SAECHUA Wipaporn,Wipaporn,Saechua,Thailand,THA,Basketball,BK
https://en.asiangames2018.id/athletes/athlete/SAKAKINI-Salim-3013181/,SAKAKINI Salim,SALIM,SAKAKINI,Palestine,PLE,Basketball,BK
https://en.asiangames2018.id/athletes/athlete/SAKAKINI-Sani-3013214/,SAKAKINI Sani,SANI,SAKAKINI,Palestine,PLE,Basketball,BK
https://en.asiangames2018.id/athletes/athlete/SALMAN-Amin-3013045/,SALMAN Amin,AMIN,SALMAN,Palestine,PLE,Basketball,BK
https://en.asiangames2018.id/athletes/athlete/SANGEETA-KAUR-3002510/,SANGEETA KAUR,,Sangeeta Kaur,India,IND,Basketball,BK
https://en.asiangames2018.id/athletes/athlete/SATKEYEV-Aimurat-3029283/,SATKEYEV Aimurat,Aimurat,Satkeyev,Kazakhstan,KAZ,Basketball,BK
https://en.asiangames2018.id/athletes/athlete/SATO-Takuma-3030472/,SATO Takuma,Takuma,Sato,Japan,JPN,Basketball,BK
https://en.asiangames2018.id/athletes/athlete/SAWATHAVORN-Nithipol-3021567/,SAWATHAVORN Nithipol,Nithipol,Sawathavorn,Thailand,THA,Basketball,BK
https://en.asiangames2018.id/athletes/athlete/SAWATONG-Pornnutcha-3022308/,SAWATONG Pornnutcha,Pornnutcha,Sawatong,Thailand,THA,Basketball,BK
https://en.asiangames2018.id/athletes/athlete/SCHAFER-Avi-Koki-3023876/,SCHAFER Avi Koki,Avi Koki,Schafer,Japan,JPN,Basketball,BK
https://en.asiangames2018.id/athletes/athlete/SEMERAD-Anthony-Paul-3029602/,SEMERAD Anthony Paul,ANTHONY PAUL,SEMERAD,Philippines,PHI,Basketball,BK
https://en.asiangames2018.id/athletes/athlete/SENTHIL-KUMAR-Pushpa-3001846/,SENTHIL KUMAR Pushpa,Pushpa,Senthil Kumar,India,IND,Basketball,BK
https://en.asiangames2018.id/athletes/athlete/SHAKIROV-Anuar-3030367/,SHAKIROV Anuar,Anuar,Shakirov,Kazakhstan,KAZ,Basketball,BK
https://en.asiangames2018.id/athletes/athlete/SHAO-Ting-3011641/,SHAO Ting,Ting,Shao,China,CHN,Basketball,BK
https://en.asiangames2018.id/athletes/athlete/SHARMA-Nisha-3002138/,SHARMA Nisha,Nisha,Sharma,India,IND,Basketball,BK
https://en.asiangames2018.id/athletes/athlete/SHINOYAMA-Ryusei-3023878/,SHINOYAMA Ryusei,RYUSEI,SHINOYAMA,Japan,JPN,Basketball,BK
https://en.asiangames2018.id/athletes/athlete/SHINOZAKI-Mio-3023962/,SHINOZAKI Mio,Mio,Shinozaki,Japan,JPN,Basketball,BK
https://en.asiangames2018.id/athletes/athlete/SIDHU-Raspreet-3002090/,SIDHU Raspreet,Raspreet,Sidhu,India,IND,Basketball,BK
https://en.asiangames2018.id/athletes/athlete/SINATRA-Ivonne-Febriani-3014771/,SINATRA Ivonne Febriani,Ivonne Febriani,Sinatra,Indonesia,INA,Basketball,BK
https://en.asiangames2018.id/athletes/athlete/SITORUS-Kevin-Yonas-Argadiba-3020422/,SITORUS Kevin Yonas Argadiba,Kevin Yonas Argadiba,Sitorus,Indonesia,INA,Basketball,BK
https://en.asiangames2018.id/athletes/athlete/SOPHIA-Gabriel-3014758/,SOPHIA Gabriel,Gabriel,Sophia,Indonesia,INA,Basketball,BK
https://en.asiangames2018.id/athletes/athlete/STANDHARDINGER-Christian-Karl-3018593/,STANDHARDINGER Christian Karl,Christian Karl,Standhardinger,Philippines,PHI,Basketball,BK
https://en.asiangames2018.id/athletes/athlete/STEPHY-NIXON-3028653/,STEPHY NIXON,,Stephy Nixon,India,IND,Basketball,BK
https://en.asiangames2018.id/athletes/athlete/SUKTUB-Tawatchai-3021826/,SUKTUB Tawatchai,Tawatchai,Suktub,Thailand,THA,Basketball,BK
https://en.asiangames2018.id/athletes/athlete/SUN-Mengran-3011601/,SUN Mengran,Mengran,Sun,China,CHN,Basketball,BK
https://en.asiangames2018.id/athletes/athlete/SUN-Minghui-3011529/,SUN Minghui,Minghui,Sun,China,CHN,Basketball,BK
https://en.asiangames2018.id/athletes/athlete/SUNTHONSIRI-Sorot-3021816/,SUNTHONSIRI Sorot,Sorot,Sunthonsiri,Thailand,THA,Basketball,BK
https://en.asiangames2018.id/athletes/athlete/SUPYEN-Pimchosita-3022298/,SUPYEN Pimchosita,Pimchosita,Supyen,Thailand,THA,Basketball,BK
https://en.asiangames2018.id/athletes/athlete/SUTJIONO-Henny-3014756/,SUTJIONO Henny,Henny,Sutjiono,Indonesia,INA,Basketball,BK
https://en.asiangames2018.id/athletes/athlete/SUZUKI-Haruka-3023963/,SUZUKI Haruka,Haruka,Suzuki,Japan,JPN,Basketball,BK
https://en.asiangames2018.id/athletes/athlete/SZETO-Wai-Kit-3025955/,SZETO Wai Kit,Wai Kit,Szeto,"Hong Kong, China",HKG,Basketball,BK
https://en.asiangames2018.id/athletes/athlete/TAKEHARA-Layla-3023965/,TAKEHARA Layla,Layla,Takehara,Japan,JPN,Basketball,BK
https://en.asiangames2018.id/athletes/athlete/TAKEUCHI-Joji-3023881/,TAKEUCHI Joji,JOJI,TAKEUCHI,Japan,JPN,Basketball,BK
https://en.asiangames2018.id/athletes/athlete/TAMAKI-Shogo-3030473/,TAMAKI Shogo,Shogo,Tamaki,Japan,JPN,Basketball,BK
https://en.asiangames2018.id/athletes/athlete/TANAKA-Daiki-3023885/,TANAKA Daiki,DAIKI,TANAKA,Japan,JPN,Basketball,BK
https://en.asiangames2018.id/athletes/athlete/TAULAVA-Pauliasi-3030531/,TAULAVA Pauliasi,Pauliasi,Taulava,Philippines,PHI,Basketball,BK
https://en.asiangames2018.id/athletes/athlete/THUAMON-Amphawa-3021575/,THUAMON Amphawa,Amphawa,Thuamon,Thailand,THA,Basketball,BK
https://en.asiangames2018.id/athletes/athlete/TIAN-Yuxiang-3021445/,TIAN Yuxiang,Yuxiang,Tian,China,CHN,Basketball,BK
https://en.asiangames2018.id/athletes/athlete/TIU-Christopher-John-3030532/,TIU Christopher John,Christopher John,Tiu,Philippines,PHI,Basketball,BK
https://en.asiangames2018.id/athletes/athlete/TJUNDAWAN-Christine-Aldora-3014763/,TJUNDAWAN Christine Aldora,Christine Aldora,Tjundawan,Indonesia,INA,Basketball,BK
https://en.asiangames2018.id/athletes/athlete/TO-NGIW-Eaktanat-3021838/,TO NGIW Eaktanat,Eaktanat,To Ngiw,Thailand,THA,Basketball,BK
https://en.asiangames2018.id/athletes/athlete/TOGASHI-Yuki-3023887/,TOGASHI Yuki,YUKI,TOGASHI,Japan,JPN,Basketball,BK
https://en.asiangames2018.id/athletes/athlete/TRATTER-Abu-3029637/,TRATTER Abu,ABU,TRATTER,Philippines,PHI,Basketball,BK
https://en.asiangames2018.id/athletes/athlete/TROLLANO-Celedonio-9951417/,TROLLANO Celedonio,Celedonio,Trollano,Philippines,PHI,Basketball,BK
https://en.asiangames2018.id/athletes/athlete/TROLLANO-Celedonio-Jr-3029601/,TROLLANO Celedonio Jr,CELEDONIO JR,TROLLANO,Philippines,PHI,Basketball,BK
https://en.asiangames2018.id/athletes/athlete/TSAI-Choi-Kwan-3025956/,TSAI Choi Kwan,Choi Kwan,Tsai,"Hong Kong, China",HKG,Basketball,BK
https://en.asiangames2018.id/athletes/athlete/TSOGT-Otgonjargal-3028051/,TSOGT Otgonjargal,OTGONJARGAL,TSOGT,Mongolia,MGL,Basketball,BK
https://en.asiangames2018.id/athletes/athlete/TSUJI-Naoto-3023888/,TSUJI Naoto,Naoto,Tsuji,Japan,JPN,Basketball,BK
https://en.asiangames2018.id/athletes/athlete/TUNGALAG-Sanchir-3028039/,TUNGALAG Sanchir,Sanchir,Tungalag,Mongolia,MGL,Basketball,BK
https://en.asiangames2018.id/athletes/athlete/ULAANKHUU-Enerel-3028069/,ULAANKHUU Enerel,Enerel,Ulaankhuu,Mongolia,MGL,Basketball,BK
https://en.asiangames2018.id/athletes/athlete/UMEZAWA-Kadysha-Juna-3023971/,UMEZAWA Kadysha Juna,Kadysha Juna,Umezawa,Japan,JPN,Basketball,BK
https://en.asiangames2018.id/athletes/athlete/VENDRAME-Leo-3023890/,VENDRAME Leo,Leo,Vendrame,Japan,JPN,Basketball,BK
https://en.asiangames2018.id/athletes/athlete/VINOKUROVA-Anna-3029291/,VINOKUROVA Anna,Anna,Vinokurova,Kazakhstan,KAZ,Basketball,BK
https://en.asiangames2018.id/athletes/athlete/WANG-Lili-3011709/,WANG Lili,Lili,Wang,China,CHN,Basketball,BK
https://en.asiangames2018.id/athletes/athlete/WANG-Siyu-3028693/,WANG Siyu,Siyu,Wang,China,CHN,Basketball,BK
https://en.asiangames2018.id/athletes/athlete/WANG-Weilin-3013564/,WANG Weilin,Weilin,Wang,Chinese Taipei,TPE,Basketball,BK
https://en.asiangames2018.id/athletes/athlete/WANG-Xuemeng-3011673/,WANG Xuemeng,Xuemeng,Wang,China,CHN,Basketball,BK
https://en.asiangames2018.id/athletes/athlete/WANG-Zhelin-3009858/,WANG Zhelin,Zhelin,Wang,China,CHN,Basketball,BK
https://en.asiangames2018.id/athletes/athlete/WATANABE-Aya-3023972/,WATANABE Aya,Aya,Watanabe,Japan,JPN,Basketball,BK
https://en.asiangames2018.id/athletes/athlete/WILLIAM-Jayson-3029635/,WILLIAM Jayson,JAYSON,WILLIAM,Philippines,PHI,Basketball,BK
https://en.asiangames2018.id/athletes/athlete/WISHAH-Ahmed-3013248/,WISHAH Ahmed,AHMED,WISHAH,Palestine,PLE,Basketball,BK
https://en.asiangames2018.id/athletes/athlete/WISNU-Arki-Dikania-3020418/,WISNU Arki Dikania,Arki Dikania,Wisnu,Indonesia,INA,Basketball,BK
https://en.asiangames2018.id/athletes/athlete/WONG-Chun-Wai-3025953/,WONG Chun Wai,Chun Wai,Wong,"Hong Kong, China",HKG,Basketball,BK
https://en.asiangames2018.id/athletes/athlete/WONG-Ka-Man-3026459/,WONG Ka Man,Ka Man,Wong,"Hong Kong, China",HKG,Basketball,BK
https://en.asiangames2018.id/athletes/athlete/WONG-Ka-Yee-3026450/,WONG Ka Yee,Ka Yee,Wong,"Hong Kong, China",HKG,Basketball,BK
https://en.asiangames2018.id/athletes/athlete/WONG-Ki-Ki-3026455/,WONG Ki Ki,Ki Ki,Wong,"Hong Kong, China",HKG,Basketball,BK
https://en.asiangames2018.id/athletes/athlete/WONG-Po-Sze-3026452/,WONG Po Sze,Po Sze,Wong,"Hong Kong, China",HKG,Basketball,BK
https://en.asiangames2018.id/athletes/athlete/WONG-Tsz-Ching-3026456/,WONG Tsz Ching,Tsz Ching,Wong,"Hong Kong, China",HKG,Basketball,BK
https://en.asiangames2018.id/athletes/athlete/WONG-Yan-Ling-3026458/,WONG Yan Ling,Yan Ling,Wong,"Hong Kong, China",HKG,Basketball,BK
https://en.asiangames2018.id/athletes/athlete/WONGSOHARDJO-Adelaide-Callista-3014764/,WONGSOHARDJO Adelaide Callista,Adelaide Callista,Wongsohardjo,Indonesia,INA,Basketball,BK
https://en.asiangames2018.id/athletes/athlete/WU-Cheuk-Pan-3025961/,WU Cheuk Pan,Cheuk Pan,Wu,"Hong Kong, China",HKG,Basketball,BK
https://en.asiangames2018.id/athletes/athlete/WU-Yingchieh-3013570/,WU Yingchieh,Yingchieh,Wu,Chinese Taipei,TPE,Basketball,BK
https://en.asiangames2018.id/athletes/athlete/WUWUNGAN-Valentino-3020427/,WUWUNGAN Valentino,Valentino,Wuwungan,Indonesia,INA,Basketball,BK
https://en.asiangames2018.id/athletes/athlete/XU-Adam-3025954/,XU Adam,Adam,Xu,"Hong Kong, China",HKG,Basketball,BK
https://en.asiangames2018.id/athletes/athlete/YAGODKIN-Azim-3029285/,YAGODKIN Azim,Azim,Yagodkin,Kazakhstan,KAZ,Basketball,BK
https://en.asiangames2018.id/athletes/athlete/YAGODKINA-Tamara-3029299/,YAGODKINA Tamara,Tamara,Yagodkina,Kazakhstan,KAZ,Basketball,BK
https://en.asiangames2018.id/athletes/athlete/YAKHCHALIDEHKORDI-Behnam-3023140/,YAKHCHALIDEHKORDI Behnam,Behnam,Yakhchalidehkordi,IR Iran,IRI,Basketball,BK
https://en.asiangames2018.id/athletes/athlete/YANG-Liwei-9951431/,YANG Liwei,Liwei,Yang,China,CHN,Basketball,BK
https://en.asiangames2018.id/athletes/athlete/YANG-Ricky-3026983/,YANG Ricky,Ricky,Yang,"Hong Kong, China",HKG,Basketball,BK
https://en.asiangames2018.id/athletes/athlete/YAP-James-Carlos-3030533/,YAP James Carlos,James Carlos,Yap,Philippines,PHI,Basketball,BK
https://en.asiangames2018.id/athletes/athlete/YASUMA-Shiori-3023974/,YASUMA Shiori,Shiori,Yasuma,Japan,JPN,Basketball,BK
https://en.asiangames2018.id/athletes/athlete/YERGALI-Rustam-3029277/,YERGALI Rustam,Rustam,Yergali,Kazakhstan,KAZ,Basketball,BK
https://en.asiangames2018.id/athletes/athlete/YOOSUF-Ismail-Vildhan-3004891/,YOOSUF Ismail Vildhan,Ismail Vildhan,Yoosuf,Maldives,MDV,Basketball,BK
https://en.asiangames2018.id/athletes/athlete/YOTHANAN-Penphan-3022310/,YOTHANAN Penphan,Penphan,Yothanan,Thailand,THA,Basketball,BK
https://en.asiangames2018.id/athletes/athlete/YU-Changdong-3011403/,YU Changdong,Changdong,Yu,China,CHN,Basketball,BK
https://en.asiangames2018.id/athletes/athlete/ZABEER-Ahmed-3005024/,ZABEER Ahmed,Ahmed,Zabeer,Maldives,MDV,Basketball,BK
https://en.asiangames2018.id/athletes/athlete/ZAHIR-Mohamed-Evan-3004572/,ZAHIR Mohamed Evan,Mohamed Evan,Zahir,Maldives,MDV,Basketball,BK
https://en.asiangames2018.id/athletes/athlete/ZHAO-Jiwei-3009978/,ZHAO Jiwei,Jiwei,Zhao,China,CHN,Basketball,BK
https://en.asiangames2018.id/athletes/athlete/ZHAO-Rui-3012146/,ZHAO Rui,Rui,Zhao,China,CHN,Basketball,BK
https://en.asiangames2018.id/athletes/athlete/ZHAO-Tailong-3011476/,ZHAO Tailong,Tailong,Zhao,China,CHN,Basketball,BK
https://en.asiangames2018.id/athletes/athlete/ZHIGULIN-Alexandr-3029982/,ZHIGULIN Alexandr,Alexandr,Zhigulin,Kazakhstan,KAZ,Basketball,BK
https://en.asiangames2018.id/athletes/athlete/ZHOU-Qi-3009851/,ZHOU Qi,Qi,Zhou,China,CHN,Basketball,BK
https://en.asiangames2018.id/athletes/athlete/ZILAAL-Mohamed-3005031/,ZILAAL Mohamed,Mohamed,Zilaal,Maldives,MDV,Basketball,BK
