url,fullname,name,surname,country,noc_code,discipline,discipline_code
https://en.asiangames2018.id/athletes/athlete/AGAYEVA-Albina-3017421/,AGAYEVA Albina,ALBINA,AGAYEVA,Kazakhstan,KAZ,Golf,GO
https://en.asiangames2018.id/athletes/athlete/AKBAR-Kevin-Caesario-3020235/,AKBAR Kevin Caesario,KEVIN CAESARIO,AKBAR,Indonesia,INA,Golf,GO
https://en.asiangames2018.id/athletes/athlete/AKTER-Liza-3004787/,AKTER Liza,LIZA,AKTER,Bangladesh,BAN,Golf,GO
https://en.asiangames2018.id/athletes/athlete/AKTHER-Sonya-3004785/,AKTHER Sonya,SONYA,AKTHER,Bangladesh,BAN,Golf,GO
https://en.asiangames2018.id/athletes/athlete/AL-KAABI-Saleh-3001431/,AL KAABI Saleh,SALEH,AL KAABI,Qatar,QAT,Golf,GO
https://en.asiangames2018.id/athletes/athlete/AL-KUWARI-Jaham-3001434/,AL KUWARI Jaham,JAHAM,AL KUWARI,Qatar,QAT,Golf,GO
https://en.asiangames2018.id/athletes/athlete/AL-SHAHRANI-Abdulrahman-3001435/,AL SHAHRANI Abdulrahman,ABDULRAHMAN,AL SHAHRANI,Qatar,QAT,Golf,GO
https://en.asiangames2018.id/athletes/athlete/AL-SHAHRANI-Ali-3001433/,AL SHAHRANI Ali,ALI,AL SHAHRANI,Qatar,QAT,Golf,GO
https://en.asiangames2018.id/athletes/athlete/ALHAJERI-Mohamed-3016782/,ALHAJERI Mohamed,MOHAMED,ALHAJERI,United Arab Emirates,UAE,Golf,GO
https://en.asiangames2018.id/athletes/athlete/ALHELOO-Reema-3016793/,ALHELOO Reema,REEMA,ALHELOO,United Arab Emirates,UAE,Golf,GO
https://en.asiangames2018.id/athletes/athlete/ALTANSUKH-Enerel-3028717/,ALTANSUKH Enerel,ENEREL,ALTANSUKH,Mongolia,MGL,Golf,GO
https://en.asiangames2018.id/athletes/athlete/AMGALAN-Khayankhyarvaa-3028704/,AMGALAN Khayankhyarvaa,KHAYANKHYARVAA,AMGALAN,Mongolia,MGL,Golf,GO
https://en.asiangames2018.id/athletes/athlete/AN-Hoyu-3012105/,AN Hoyu,HOYU,AN,Chinese Taipei,TPE,Golf,GO
https://en.asiangames2018.id/athletes/athlete/AO-Ka-Hou-3004501/,AO Ka Hou,KA HOU,AO,"Macau, China",MAC,Golf,GO
https://en.asiangames2018.id/athletes/athlete/ASHLEY-LAU-Jen-Wen-3007384/,ASHLEY LAU Jen Wen,JEN WEN,ASHLEY LAU,Malaysia,MAS,Golf,GO
https://en.asiangames2018.id/athletes/athlete/B-K-Ajit-3018125/,B K Ajit,AJIT,B K,Nepal,NEP,Golf,GO
https://en.asiangames2018.id/athletes/athlete/BAKHA-Md-Shafique-3004781/,BAKHA Md Shafique,MD SHAFIQUE,BAKHA,Bangladesh,BAN,Golf,GO
https://en.asiangames2018.id/athletes/athlete/BEDI-Aadil-3003781/,BEDI Aadil,AADIL,BEDI,India,IND,Golf,GO
https://en.asiangames2018.id/athletes/athlete/BIN-MOHD-FATHI-Muhammad-Afif-3007414/,BIN MOHD FATHI Muhammad Afif,MUHAMMAD AFIF,BIN MOHD FATHI,Malaysia,MAS,Golf,GO
https://en.asiangames2018.id/athletes/athlete/BOLDBAATAR-Munkhbaatar-3028702/,BOLDBAATAR Munkhbaatar,MUNKHBAATAR,BOLDBAATAR,Mongolia,MGL,Golf,GO
https://en.asiangames2018.id/athletes/athlete/BUNNABODEE-Kan-3012631/,BUNNABODEE Kan,KAN,BUNNABODEE,Thailand,THA,Golf,GO
https://en.asiangames2018.id/athletes/athlete/BYAMBAJAV-Batnaran-3028715/,BYAMBAJAV Batnaran,BATNARAN,BYAMBAJAV,Mongolia,MGL,Golf,GO
https://en.asiangames2018.id/athletes/athlete/CASTRO-Luis-Miguel-3016879/,CASTRO Luis Miguel,LUIS MIGUEL,CASTRO,Philippines,PHI,Golf,GO
https://en.asiangames2018.id/athletes/athlete/CHANG-Ervin-3007400/,CHANG Ervin,ERVIN,CHANG,Malaysia,MAS,Golf,GO
https://en.asiangames2018.id/athletes/athlete/CHEN-Sergey-3002056/,CHEN Sergey,SERGEY,CHEN,Uzbekistan,UZB,Golf,GO
https://en.asiangames2018.id/athletes/athlete/CHEN-Yilong-9954204/,CHEN Yilong,YILONG,CHEN,China,CHN,Golf,GO
https://en.asiangames2018.id/athletes/athlete/CHEUNG-Matthew-3024276/,CHEUNG Matthew,MATTHEW,CHEUNG,"Hong Kong, China",HKG,Golf,GO
https://en.asiangames2018.id/athletes/athlete/CHEUNG-Michelle-3024283/,CHEUNG Michelle,MICHELLE,CHEUNG,"Hong Kong, China",HKG,Golf,GO
https://en.asiangames2018.id/athletes/athlete/CHOI-Hoyoung-3012785/,CHOI Hoyoung,HOYOUNG,CHOI,Republic of Korea,KOR,Golf,GO
https://en.asiangames2018.id/athletes/athlete/CHOIJAMTS-Gantumur-3028710/,CHOIJAMTS Gantumur,GANTUMUR,CHOIJAMTS,Mongolia,MGL,Golf,GO
https://en.asiangames2018.id/athletes/athlete/CHOTHIRUNRUNGRUENG-Witchayanon-3012623/,CHOTHIRUNRUNGRUENG Witchayanon,WITCHAYANON,CHOTHIRUNRUNGRUENG,Thailand,THA,Golf,GO
https://en.asiangames2018.id/athletes/athlete/DAGAR-Diksha-3020717/,DAGAR Diksha,DIKSHA,DAGAR,India,IND,Golf,GO
https://en.asiangames2018.id/athletes/athlete/de-SILVA-Sachin-9954202/,de SILVA Sachin,SACHIN,DE SILVA,Sri Lanka,SRI,Golf,GO
https://en.asiangames2018.id/athletes/athlete/de-SOYSA-Joseph-9954203/,de SOYSA Joseph,JOSEPH,DE SOYSA,Sri Lanka,SRI,Golf,GO
https://en.asiangames2018.id/athletes/athlete/DILAWARI-Ridhima-3003898/,DILAWARI Ridhima,RIDHIMA,DILAWARI,India,IND,Golf,GO
https://en.asiangames2018.id/athletes/athlete/DOAN-Xuan-Khue-Minh-3002526/,DOAN Xuan Khue Minh,XUAN KHUE MINH,DOAN,Vietnam,VIE,Golf,GO
https://en.asiangames2018.id/athletes/athlete/DOLGORSUREN-Ichinnorov-3028718/,DOLGORSUREN Ichinnorov,ICHINNOROV,DOLGORSUREN,Mongolia,MGL,Golf,GO
https://en.asiangames2018.id/athletes/athlete/DORJI-Ugen-3022306/,DORJI Ugen,UGEN,DORJI,Bhutan,BHU,Golf,GO
https://en.asiangames2018.id/athletes/athlete/Du-Mohan-3012165/,Du Mohan,MOHAN,DU,China,CHN,Golf,GO
https://en.asiangames2018.id/athletes/athlete/FARHAD-Mohammad-3004782/,FARHAD Mohammad,MOHAMMAD,FARHAD,Bangladesh,BAN,Golf,GO
https://en.asiangames2018.id/athletes/athlete/FOO-Gregory-Raymund-Yongen-3004232/,FOO Gregory Raymund Yongen,GREGORY RAYMUND YONGEN,FOO,Singapore,SGP,Golf,GO
https://en.asiangames2018.id/athletes/athlete/FURUE-Ayaka-3030138/,FURUE Ayaka,AYAKA,FURUE,Japan,JPN,Golf,GO
https://en.asiangames2018.id/athletes/athlete/GANGAA-Mendsaikhan-3028705/,GANGAA Mendsaikhan,MENDSAIKHAN,GANGAA,Mongolia,MGL,Golf,GO
https://en.asiangames2018.id/athletes/athlete/GAO-Weiwei-3016861/,GAO Weiwei,WEIWEI,GAO,Philippines,PHI,Golf,GO
https://en.asiangames2018.id/athletes/athlete/GEORGE-PATRICK-Sisira-Kumara-9954201/,GEORGE PATRICK Sisira Kumara,SISIRA KUMARA,GEORGE PATRICK,Sri Lanka,SRI,Golf,GO
https://en.asiangames2018.id/athletes/athlete/GO-Lloyd-Jefferson-3016857/,GO Lloyd Jefferson,LLOYD JEFFERSON,GO,Philippines,PHI,Golf,GO
https://en.asiangames2018.id/athletes/athlete/GO-Lois-Kaye-3016859/,GO Lois Kaye,LOIS KAYE,GO,Philippines,PHI,Golf,GO
https://en.asiangames2018.id/athletes/athlete/HADI-Abdul-3004250/,HADI Abdul,ABDUL,HADI,Singapore,SGP,Golf,GO
https://en.asiangames2018.id/athletes/athlete/HAMAMOTO-Kosuke-3012607/,HAMAMOTO Kosuke,KOSUKE,HAMAMOTO,Thailand,THA,Golf,GO
https://en.asiangames2018.id/athletes/athlete/HJ-ABDUL-MAJID-Mohd-Aritz-Maldini-3016974/,HJ ABDUL MAJID Mohd Aritz Maldini,MOHD ARITZ MALDINI,HJ ABDUL MAJID,Brunei Darussalam,BRU,Golf,GO
https://en.asiangames2018.id/athletes/athlete/HO-Joshua-3004233/,HO Joshua,JOSHUA,HO,Singapore,SGP,Golf,GO
https://en.asiangames2018.id/athletes/athlete/HO-Miu-Yee-Mimi-3024282/,HO Miu Yee Mimi,MIU YEE MIMI,HO,"Hong Kong, China",HKG,Golf,GO
https://en.asiangames2018.id/athletes/athlete/HOU-Yuchiang-3012114/,HOU Yuchiang,YUCHIANG,HOU,Chinese Taipei,TPE,Golf,GO
https://en.asiangames2018.id/athletes/athlete/HOU-Yusang-3012102/,HOU Yusang,YUSANG,HOU,Chinese Taipei,TPE,Golf,GO
https://en.asiangames2018.id/athletes/athlete/HSU-Hunghsuan-3012147/,HSU Hunghsuan,HUNGHSUAN,HSU,Chinese Taipei,TPE,Golf,GO
https://en.asiangames2018.id/athletes/athlete/HUN-Pui-In-3004492/,HUN Pui In,PUI IN,HUN,"Macau, China",MAC,Golf,GO
https://en.asiangames2018.id/athletes/athlete/HUN-Teng-Teng-3004497/,HUN Teng Teng,TENG TENG,HUN,"Macau, China",MAC,Golf,GO
https://en.asiangames2018.id/athletes/athlete/HUSSAIN-Ashiq-3030127/,HUSSAIN Ashiq,ASHIQ,HUSSAIN,Pakistan,PAK,Golf,GO
https://en.asiangames2018.id/athletes/athlete/IDA-AYU-INDIRA-Melati-Putri-3020243/,IDA AYU INDIRA Melati Putri,MELATI PUTRI,IDA AYU INDIRA,Indonesia,INA,Golf,GO
https://en.asiangames2018.id/athletes/athlete/IMANO-Daiki-3030137/,IMANO Daiki,DAIKI,IMANO,Japan,JPN,Golf,GO
https://en.asiangames2018.id/athletes/athlete/JAMBALDORJ-Margad-3028712/,JAMBALDORJ Margad,MARGAD,JAMBALDORJ,Mongolia,MGL,Golf,GO
https://en.asiangames2018.id/athletes/athlete/JANG-Seungbo-3012782/,JANG Seungbo,SEUNGBO,JANG,Republic of Korea,KOR,Golf,GO
https://en.asiangames2018.id/athletes/athlete/JARGALSAIKHAN-Anarbat-3028711/,JARGALSAIKHAN Anarbat,ANARBAT,JARGALSAIKHAN,Mongolia,MGL,Golf,GO
https://en.asiangames2018.id/athletes/athlete/JEONG-Yunji-3012819/,JEONG Yunji,YUNJI,JEONG,Republic of Korea,KOR,Golf,GO
https://en.asiangames2018.id/athletes/athlete/JIN-Cheng-3012097/,JIN Cheng,CHENG,JIN,China,CHN,Golf,GO
https://en.asiangames2018.id/athletes/athlete/JOHN-THOMAS-Rayhan-3003795/,JOHN THOMAS Rayhan,RAYHAN,JOHN THOMAS,India,IND,Golf,GO
https://en.asiangames2018.id/athletes/athlete/JUMAGULOVA-Rivekka-3030362/,JUMAGULOVA Rivekka,RIVEKKA,JUMAGULOVA,Kazakhstan,KAZ,Golf,GO
https://en.asiangames2018.id/athletes/athlete/KAEWKANJANA-Sadom-3012629/,KAEWKANJANA Sadom,SADOM,KAEWKANJANA,Thailand,THA,Golf,GO
https://en.asiangames2018.id/athletes/athlete/KANAVATHI-Rhaasrikanesh-3007410/,KANAVATHI Rhaasrikanesh,RHAASRIKANESH,KANAVATHI,Malaysia,MAS,Golf,GO
https://en.asiangames2018.id/athletes/athlete/KANAYA-Takumi-3030139/,KANAYA Takumi,TAKUMI,KANAYA,Japan,JPN,Golf,GO
https://en.asiangames2018.id/athletes/athlete/KARKI-Tanka-Bahadur-3017920/,KARKI Tanka Bahadur,TANKA BAHADUR,KARKI,Nepal,NEP,Golf,GO
https://en.asiangames2018.id/athletes/athlete/KAUL-Kshitij-Naveed-3003809/,KAUL Kshitij Naveed,KSHITIJ NAVEED,KAUL,India,IND,Golf,GO
https://en.asiangames2018.id/athletes/athlete/KIM-Dongmin-3012748/,KIM Dongmin,DONGMIN,KIM,Republic of Korea,KOR,Golf,GO
https://en.asiangames2018.id/athletes/athlete/KOZHABERGEN-Adilet-3030360/,KOZHABERGEN Adilet,ADILET,KOZHABERGEN,Kazakhstan,KAZ,Golf,GO
https://en.asiangames2018.id/athletes/athlete/KUAN-Ieong-Sin-3004498/,KUAN Ieong Sin,IEONG SIN,KUAN,"Macau, China",MAC,Golf,GO
https://en.asiangames2018.id/athletes/athlete/KURBANALIEV-Kanatbek-3002055/,KURBANALIEV Kanatbek,KANATBEK,KURBANALIEV,Uzbekistan,UZB,Golf,GO
https://en.asiangames2018.id/athletes/athlete/LAI-Jonathan-3024278/,LAI Jonathan,JONATHAN,LAI,"Hong Kong, China",HKG,Golf,GO
https://en.asiangames2018.id/athletes/athlete/LEUNG-Isabella-3024284/,LEUNG Isabella,ISABELLA,LEUNG,"Hong Kong, China",HKG,Golf,GO
https://en.asiangames2018.id/athletes/athlete/LI-Yevgeniy-3002058/,LI Yevgeniy,YEVGENIY,LI,Uzbekistan,UZB,Golf,GO
https://en.asiangames2018.id/athletes/athlete/LIM-Heejeong-3012818/,LIM Heejeong,HEEJEONG,LIM,Republic of Korea,KOR,Golf,GO
https://en.asiangames2018.id/athletes/athlete/LIN-Chuantai-3012135/,LIN Chuantai,CHUANTAI,LIN,Chinese Taipei,TPE,Golf,GO
https://en.asiangames2018.id/athletes/athlete/LIU-Wenbo-3012156/,LIU Wenbo,WENBO,LIU,China,CHN,Golf,GO
https://en.asiangames2018.id/athletes/athlete/LOW-Wee-Jin-3004234/,LOW Wee Jin,WEE JIN,LOW,Singapore,SGP,Golf,GO
https://en.asiangames2018.id/athletes/athlete/LUANGNITIKUL-Vanchai-3012976/,LUANGNITIKUL Vanchai,VANCHAI,LUANGNITIKUL,Thailand,THA,Golf,GO
https://en.asiangames2018.id/athletes/athlete/MADZRI-Adam-Arif-3007416/,MADZRI Adam Arif,ADAM ARIF,MADZRI,Malaysia,MAS,Golf,GO
https://en.asiangames2018.id/athletes/athlete/MALLA-Prithvi-3017839/,MALLA Prithvi,PRITHVI,MALLA,Nepal,NEP,Golf,GO
https://en.asiangames2018.id/athletes/athlete/MUKHAMEJANOV-Adil-3030361/,MUKHAMEJANOV Adil,ADIL,MUKHAMEJANOV,Kazakhstan,KAZ,Golf,GO
https://en.asiangames2018.id/athletes/athlete/NADMID-Namuunaa-3028716/,NADMID Namuunaa,NAMUUNAA,NADMID,Mongolia,MGL,Golf,GO
https://en.asiangames2018.id/athletes/athlete/NAKAJIMA-Keita-3025436/,NAKAJIMA Keita,KEITA,NAKAJIMA,Japan,JPN,Golf,GO
https://en.asiangames2018.id/athletes/athlete/NG-Shing-Fung-3024277/,NG Shing Fung,SHING FUNG,NG,"Hong Kong, China",HKG,Golf,GO
https://en.asiangames2018.id/athletes/athlete/NG-Yu-Xuan-3008278/,NG Yu Xuan,YU XUAN,NG,Malaysia,MAS,Golf,GO
https://en.asiangames2018.id/athletes/athlete/NGUYEN-Hung-Dung-3002520/,NGUYEN Hung Dung,HUNG DUNG,NGUYEN,Vietnam,VIE,Golf,GO
https://en.asiangames2018.id/athletes/athlete/NGUYEN-Phuong-Toan-3002519/,NGUYEN Phuong Toan,PHUONG TOAN,NGUYEN,Vietnam,VIE,Golf,GO
https://en.asiangames2018.id/athletes/athlete/OGURA-Sae-3025438/,OGURA Sae,SAE,OGURA,Japan,JPN,Golf,GO
https://en.asiangames2018.id/athletes/athlete/OH-Seungtaek-3012778/,OH Seungtaek,SEUNGTAEK,OH,Republic of Korea,KOR,Golf,GO
https://en.asiangames2018.id/athletes/athlete/OON-Natasha-Andrea-3007387/,OON Natasha Andrea,NATASHA ANDREA,OON,Malaysia,MAS,Golf,GO
https://en.asiangames2018.id/athletes/athlete/PAGDANGANAN-Bianca-3016844/,PAGDANGANAN Bianca,BIANCA,PAGDANGANAN,Philippines,PHI,Golf,GO
https://en.asiangames2018.id/athletes/athlete/PG-HJ-ALLI-Ak-Muhd-Syakir-3019146/,PG HJ ALLI Ak Muhd Syakir,AK MUHD SYAKIR,PG HJ ALLI,Brunei Darussalam,BRU,Golf,GO
https://en.asiangames2018.id/athletes/athlete/PRAMPHUN-Kultida-3012641/,PRAMPHUN Kultida,KULTIDA,PRAMPHUN,Thailand,THA,Golf,GO
https://en.asiangames2018.id/athletes/athlete/RAI-Sukra-Bahadur-3017907/,RAI Sukra Bahadur,SUKRA BAHADUR,RAI,Nepal,NEP,Golf,GO
https://en.asiangames2018.id/athletes/athlete/RAMADHAN-PUTRA-Naraajie-Emerald-3020236/,RAMADHAN PUTRA Naraajie Emerald,NARAAJIE EMERALD,RAMADHAN PUTRA,Indonesia,INA,Golf,GO
https://en.asiangames2018.id/athletes/athlete/RYU-Haeran-3012811/,RYU Haeran,HAERAN,RYU,Republic of Korea,KOR,Golf,GO
https://en.asiangames2018.id/athletes/athlete/SADOYAMA-Riri-3025440/,SADOYAMA Riri,RIRI,SADOYAMA,Japan,JPN,Golf,GO
https://en.asiangames2018.id/athletes/athlete/SAGOO-Sifat-3003875/,SAGOO Sifat,SIFAT,SAGOO,India,IND,Golf,GO
https://en.asiangames2018.id/athletes/athlete/SARKYTBAYEV-Baurzhan-3017419/,SARKYTBAYEV Baurzhan,BAURZHAN,SARKYTBAYEV,Kazakhstan,KAZ,Golf,GO
https://en.asiangames2018.id/athletes/athlete/SASO-Yuka-3016838/,SASO Yuka,YUKA,SASO,Philippines,PHI,Golf,GO
https://en.asiangames2018.id/athletes/athlete/SI-Ngai-3004487/,SI Ngai,NGAI,SI,"Macau, China",MAC,Golf,GO
https://en.asiangames2018.id/athletes/athlete/SIHOTANG-Rivani-Adelia-3020239/,SIHOTANG Rivani Adelia,RIVANI ADELIA,SIHOTANG,Indonesia,INA,Golf,GO
https://en.asiangames2018.id/athletes/athlete/SIKDER-Md-Shomrat-3004773/,SIKDER Md Shomrat,MD SHOMRAT,SIKDER,Bangladesh,BAN,Golf,GO
https://en.asiangames2018.id/athletes/athlete/SINGH-Hari-Mohan-3003789/,SINGH Hari Mohan,HARI MOHAN,SINGH,India,IND,Golf,GO
https://en.asiangames2018.id/athletes/athlete/SUGUR-Sherkhan-3017416/,SUGUR Sherkhan,SHERKHAN,SUGUR,Kazakhstan,KAZ,Golf,GO
https://en.asiangames2018.id/athletes/athlete/TEGAY-Yana-3002054/,TEGAY Yana,YANA,TEGAY,Uzbekistan,UZB,Golf,GO
https://en.asiangames2018.id/athletes/athlete/TEN-Roman-3002057/,TEN Roman,ROMAN,TEN,Uzbekistan,UZB,Golf,GO
https://en.asiangames2018.id/athletes/athlete/THAI-Trung-Hieu-3028724/,THAI Trung Hieu,TRUNG HIEU,THAI,Vietnam,VIE,Golf,GO
https://en.asiangames2018.id/athletes/athlete/THITIKUL-Atthaya-3012653/,THITIKUL Atthaya,ATTHAYA,THITIKUL,Thailand,THA,Golf,GO
https://en.asiangames2018.id/athletes/athlete/TRAN-Chieu-Duong-3002527/,TRAN Chieu Duong,CHIEU DUONG,TRAN,Vietnam,VIE,Golf,GO
https://en.asiangames2018.id/athletes/athlete/TRUONG-Chi-Quan-3002517/,TRUONG Chi Quan,CHI QUAN,TRUONG,Vietnam,VIE,Golf,GO
https://en.asiangames2018.id/athletes/athlete/TULEUBAYEV-Daulet-3017414/,TULEUBAYEV Daulet,DAULET,TULEUBAYEV,Kazakhstan,KAZ,Golf,GO
https://en.asiangames2018.id/athletes/athlete/UDDIN-Md-Shahab-3004776/,UDDIN Md Shahab`,MD SHAHAB`,UDDIN,Bangladesh,BAN,Golf,GO
https://en.asiangames2018.id/athletes/athlete/VANIA-Ribka-3020240/,VANIA Ribka,RIBKA,VANIA,Indonesia,INA,Golf,GO
https://en.asiangames2018.id/athletes/athlete/WANG-Weihsuan-3012137/,WANG Weihsuan,WEIHSUAN,WANG,Chinese Taipei,TPE,Golf,GO
https://en.asiangames2018.id/athletes/athlete/WIJONO-Jonathan-3020234/,WIJONO Jonathan,JONATHAN,WIJONO,Indonesia,INA,Golf,GO
https://en.asiangames2018.id/athletes/athlete/WONG-Shuai-Ming-3024275/,WONG Shuai Ming,SHUAI MING,WONG,"Hong Kong, China",HKG,Golf,GO
https://en.asiangames2018.id/athletes/athlete/XIAO-Jieyu-3004494/,XIAO Jieyu,JIEYU,XIAO,"Macau, China",MAC,Golf,GO
https://en.asiangames2018.id/athletes/athlete/YAGUTAH-Almay-Rayhan-3020237/,YAGUTAH Almay Rayhan,ALMAY RAYHAN,YAGUTAH,Indonesia,INA,Golf,GO
https://en.asiangames2018.id/athletes/athlete/YANJIV-Bayarkhuu-3028707/,YANJIV Bayarkhuu,BAYARKHUU,YANJIV,Mongolia,MGL,Golf,GO
https://en.asiangames2018.id/athletes/athlete/YIN-Ruoning-3012362/,YIN Ruoning,RUONING,YIN,China,CHN,Golf,GO
https://en.asiangames2018.id/athletes/athlete/YONEZAWA-Ren-3025443/,YONEZAWA Ren,REN,YONEZAWA,Japan,JPN,Golf,GO
https://en.asiangames2018.id/athletes/athlete/YU-Chunan-3012133/,YU Chunan,CHUNAN,YU,Chinese Taipei,TPE,Golf,GO
https://en.asiangames2018.id/athletes/athlete/YUAN-Yechun-3012111/,YUAN Yechun,YECHUN,YUAN,China,CHN,Golf,GO
https://en.asiangames2018.id/athletes/athlete/ZARAGOSA-Ruperto-Iii-3016834/,ZARAGOSA Ruperto Iii,RUPERTO III,ZARAGOSA,Philippines,PHI,Golf,GO
https://en.asiangames2018.id/athletes/athlete/ZEIN-Salim-3028230/,ZEIN Salim,SALIM,ZEIN,Lebanon,LBN,Golf,GO
https://en.asiangames2018.id/athletes/athlete/ZHANG-Huachuang-3012101/,ZHANG Huachuang,HUACHUANG,ZHANG,China,CHN,Golf,GO
