url,fullname,name,surname,country,noc_code,discipline,discipline_code
https://en.asiangames2018.id/athletes/athlete/AFTAB-Muhammad-Nauman-3021149/,AFTAB Muhammad Nauman,MUHAMMAD NAUMAN,AFTAB,Pakistan,PAK,Soft Tennis,SF
https://en.asiangames2018.id/athletes/athlete/ALCOSEBA-Mark-Anthony-3009537/,ALCOSEBA Mark Anthony,MARK ANTHONY,ALCOSEBA,Philippines,PHI,Soft Tennis,SF
https://en.asiangames2018.id/athletes/athlete/ALIYA-Maniphone-3012174/,ALIYA Maniphone,MANIPHONE,ALIYA,Lao PDR,LAO,Soft Tennis,SF
https://en.asiangames2018.id/athletes/athlete/ALTANKHUYAG-Damdin-3028945/,ALTANKHUYAG Damdin,DAMDIN,ALTANKHUYAG,Mongolia,MGL,Soft Tennis,SF
https://en.asiangames2018.id/athletes/athlete/ANUGERAH-M-Hemat-Bhakti-3020722/,ANUGERAH M. Hemat Bhakti,M. HEMAT BHAKTI,ANUGERAH,Indonesia,INA,Soft Tennis,SF
https://en.asiangames2018.id/athletes/athlete/ARASY-Siti-Nur-3020726/,ARASY Siti Nur,SITI NUR,ARASY,Indonesia,INA,Soft Tennis,SF
https://en.asiangames2018.id/athletes/athlete/ARCILLA-Joseph-3009534/,ARCILLA Joseph,JOSEPH,ARCILLA,Philippines,PHI,Soft Tennis,SF
https://en.asiangames2018.id/athletes/athlete/ARZAGA-Odessa-Mariel-3009524/,ARZAGA Odessa Mariel,ODESSA MARIEL,ARZAGA,Philippines,PHI,Soft Tennis,SF
https://en.asiangames2018.id/athletes/athlete/BAEK-Seol-3014902/,BAEK Seol,SEOL,BAEK,Republic of Korea,KOR,Soft Tennis,SF
https://en.asiangames2018.id/athletes/athlete/BATAA-Chinmurun-3028954/,BATAA Chinmurun,CHINMURUN,BATAA,Mongolia,MGL,Soft Tennis,SF
https://en.asiangames2018.id/athletes/athlete/BOLDBAATAR-Sevjidmaa-3111159/,BOLDBAATAR Sevjidmaa,SEVJIDMAA,BOLDBAATAR,Mongolia,MGL,Soft Tennis,SF
https://en.asiangames2018.id/athletes/athlete/BOLORTUYA-Enkhjin-3028946/,BOLORTUYA Enkhjin,ENKHJIN,BOLORTUYA,Mongolia,MGL,Soft Tennis,SF
https://en.asiangames2018.id/athletes/athlete/BULGAN-Norovsuren-3028951/,BULGAN Norovsuren,NOROVSUREN,BULGAN,Mongolia,MGL,Soft Tennis,SF
https://en.asiangames2018.id/athletes/athlete/BUNTENG-Thatdao-3005335/,BUNTENG Thatdao,THATDAO,BUNTENG,Thailand,THA,Soft Tennis,SF
https://en.asiangames2018.id/athletes/athlete/CATINDIG-Princess-Lorben-3009518/,CATINDIG Princess Lorben,PRINCESS LORBEN,CATINDIG,Philippines,PHI,Soft Tennis,SF
https://en.asiangames2018.id/athletes/athlete/CHAMPAMANIVONG-Phonesamai-3012175/,CHAMPAMANIVONG Phonesamai,PHONESAMAI,CHAMPAMANIVONG,Lao PDR,LAO,Soft Tennis,SF
https://en.asiangames2018.id/athletes/athlete/CHAN-Chiahsin-3009209/,CHAN Chiahsin,CHIAHSIN,CHAN,Chinese Taipei,TPE,Soft Tennis,SF
https://en.asiangames2018.id/athletes/athlete/CHEN-Tsungwen-3009156/,CHEN Tsungwen,TSUNGWEN,CHEN,Chinese Taipei,TPE,Soft Tennis,SF
https://en.asiangames2018.id/athletes/athlete/CHEN-Yuhsun-3009168/,CHEN Yuhsun,YUHSUN,CHEN,Chinese Taipei,TPE,Soft Tennis,SF
https://en.asiangames2018.id/athletes/athlete/CHENG-Chuling-3009199/,CHENG Chuling,CHULING,CHENG,Chinese Taipei,TPE,Soft Tennis,SF
https://en.asiangames2018.id/athletes/athlete/DAMIAN-Noel-Jr-3009536/,DAMIAN Noel Jr,NOEL JR,DAMIAN,Philippines,PHI,Soft Tennis,SF
https://en.asiangames2018.id/athletes/athlete/DAQUIO-Jamaica-3009527/,DAQUIO Jamaica,JAMAICA,DAQUIO,Philippines,PHI,Soft Tennis,SF
https://en.asiangames2018.id/athletes/athlete/DARLINA-Voni-3020727/,DARLINA Voni,VONI,DARLINA,Indonesia,INA,Soft Tennis,SF
https://en.asiangames2018.id/athletes/athlete/DHIMAN-Rohit-3007740/,DHIMAN Rohit,ROHIT,DHIMAN,India,IND,Soft Tennis,SF
https://en.asiangames2018.id/athletes/athlete/DOEUM-Samsocheaphearun-3005911/,DOEUM Samsocheaphearun,SAMSOCHEAPHEARUN,DOEUM,Cambodia,CAM,Soft Tennis,SF
https://en.asiangames2018.id/athletes/athlete/EHTISHAM-Muhammad-Ahmed-3021147/,EHTISHAM Muhammad Ahmed,MUHAMMAD AHMED,EHTISHAM,Pakistan,PAK,Soft Tennis,SF
https://en.asiangames2018.id/athletes/athlete/EK-Chamroeun-3005903/,EK Chamroeun,CHAMROEUN,EK,Cambodia,CAM,Soft Tennis,SF
https://en.asiangames2018.id/athletes/athlete/ENKHBAATAR-Telmen-3028950/,ENKHBAATAR Telmen,TELMEN,ENKHBAATAR,Mongolia,MGL,Soft Tennis,SF
https://en.asiangames2018.id/athletes/athlete/FENG-Zixuan-3007310/,FENG Zixuan,ZIXUAN,FENG,China,CHN,Soft Tennis,SF
https://en.asiangames2018.id/athletes/athlete/FUNEMIZU-Hayato-3027195/,FUNEMIZU Hayato,HAYATO,FUNEMIZU,Japan,JPN,Soft Tennis,SF
https://en.asiangames2018.id/athletes/athlete/GANTULGA-Enkhtuvshin-3028947/,GANTULGA Enkhtuvshin,ENKHTUVSHIN,GANTULGA,Mongolia,MGL,Soft Tennis,SF
https://en.asiangames2018.id/athletes/athlete/GULATI-Shubh-3007771/,GULATI Shubh,SHUBH,GULATI,India,IND,Soft Tennis,SF
https://en.asiangames2018.id/athletes/athlete/HANGAI-Misaki-3027198/,HANGAI Misaki,MISAKI,HANGAI,Japan,JPN,Soft Tennis,SF
https://en.asiangames2018.id/athletes/athlete/HAYASHIDA-Riko-3027201/,HAYASHIDA Riko,RIKO,HAYASHIDA,Japan,JPN,Soft Tennis,SF
https://en.asiangames2018.id/athletes/athlete/HENDRAWAN-Irfandi-3020721/,HENDRAWAN Irfandi,IRFANDI,HENDRAWAN,Indonesia,INA,Soft Tennis,SF
https://en.asiangames2018.id/athletes/athlete/HITOSIS-Khyshana-Athena-3009495/,HITOSIS Khyshana Athena,KHYSHANA ATHENA,HITOSIS,Philippines,PHI,Soft Tennis,SF
https://en.asiangames2018.id/athletes/athlete/HONG-Ji-Sun-3027650/,HONG Ji Sun,JI SUN,HONG,DPR Korea,PRK,Soft Tennis,SF
https://en.asiangames2018.id/athletes/athlete/HUANG-Shihyuan-3009208/,HUANG Shihyuan,SHIHYUAN,HUANG,Chinese Taipei,TPE,Soft Tennis,SF
https://en.asiangames2018.id/athletes/athlete/INTHALANGSY-Palinya-3017426/,INTHALANGSY Palinya,PALINYA,INTHALANGSY,Lao PDR,LAO,Soft Tennis,SF
https://en.asiangames2018.id/athletes/athlete/JEON-Jeeheon-3014876/,JEON Jeeheon,JEEHEON,JEON,Republic of Korea,KOR,Soft Tennis,SF
https://en.asiangames2018.id/athletes/athlete/KANN-Sophorn-3005916/,KANN Sophorn,SOPHORN,KANN,Cambodia,CAM,Soft Tennis,SF
https://en.asiangames2018.id/athletes/athlete/KAWENGIAN-Anadeleyda-3020728/,KAWENGIAN Anadeleyda,ANADELEYDA,KAWENGIAN,Indonesia,INA,Soft Tennis,SF
https://en.asiangames2018.id/athletes/athlete/KERDSOMBOON-Natchatjira-3005329/,KERDSOMBOON Natchatjira,NATCHATJIRA,KERDSOMBOON,Thailand,THA,Soft Tennis,SF
https://en.asiangames2018.id/athletes/athlete/KHAMPHOUMY-Anandone-3017413/,KHAMPHOUMY Anandone,ANANDONE,KHAMPHOUMY,Lao PDR,LAO,Soft Tennis,SF
https://en.asiangames2018.id/athletes/athlete/KHAN-Eibad-Sarwar-Hussain-3021144/,KHAN Eibad Sarwar Hussain,EIBAD SARWAR HUSSAIN,KHAN,Pakistan,PAK,Soft Tennis,SF
https://en.asiangames2018.id/athletes/athlete/KHAN-Varisha-3021155/,KHAN Varisha,VARISHA,KHAN,Pakistan,PAK,Soft Tennis,SF
https://en.asiangames2018.id/athletes/athlete/KIM-Beomjun-3014878/,KIM Beomjun,BEOMJUN,KIM,Republic of Korea,KOR,Soft Tennis,SF
https://en.asiangames2018.id/athletes/athlete/KIM-Donghoon-3014871/,KIM Donghoon,DONGHOON,KIM,Republic of Korea,KOR,Soft Tennis,SF
https://en.asiangames2018.id/athletes/athlete/KIM-Jinwoong-3014880/,KIM Jinwoong,JINWOONG,KIM,Republic of Korea,KOR,Soft Tennis,SF
https://en.asiangames2018.id/athletes/athlete/KIM-Jisu-3014917/,KIM Jisu,JISU,KIM,Republic of Korea,KOR,Soft Tennis,SF
https://en.asiangames2018.id/athletes/athlete/KIM-Jiyeon-3014904/,KIM Jiyeon,JIYEON,KIM,Republic of Korea,KOR,Soft Tennis,SF
https://en.asiangames2018.id/athletes/athlete/KIM-Kisung-3014874/,KIM Kisung,KISUNG,KIM,Republic of Korea,KOR,Soft Tennis,SF
https://en.asiangames2018.id/athletes/athlete/KIM-Mi-Hyang-3027648/,KIM Mi Hyang,MI HYANG,KIM,DPR Korea,PRK,Soft Tennis,SF
https://en.asiangames2018.id/athletes/athlete/KIM-Younghai-3014914/,KIM Younghai,YOUNGHAI,KIM,Republic of Korea,KOR,Soft Tennis,SF
https://en.asiangames2018.id/athletes/athlete/KRAIYA-Sunatcha-3005334/,KRAIYA Sunatcha,SUNATCHA,KRAIYA,Thailand,THA,Soft Tennis,SF
https://en.asiangames2018.id/athletes/athlete/KUO-Chienchi-3009202/,KUO Chienchi,CHIENCHI,KUO,Chinese Taipei,TPE,Soft Tennis,SF
https://en.asiangames2018.id/athletes/athlete/KUO-Chienchun-3009172/,KUO Chienchun,CHIENCHUN,KUO,Chinese Taipei,TPE,Soft Tennis,SF
https://en.asiangames2018.id/athletes/athlete/KUROKI-Rurika-3027214/,KUROKI Rurika,RURIKA,KUROKI,Japan,JPN,Soft Tennis,SF
https://en.asiangames2018.id/athletes/athlete/KUSRINI-Dede-Tari-3020725/,KUSRINI Dede Tari,DEDE TARI,KUSRINI,Indonesia,INA,Soft Tennis,SF
https://en.asiangames2018.id/athletes/athlete/KUSUMA-Gusti-Jaya-3020723/,KUSUMA Gusti Jaya,GUSTI JAYA,KUSUMA,Indonesia,INA,Soft Tennis,SF
https://en.asiangames2018.id/athletes/athlete/LAM-Quang-Tri-3030386/,LAM Quang Tri,QUANG TRI,LAM,Vietnam,VIE,Soft Tennis,SF
https://en.asiangames2018.id/athletes/athlete/le-Phuoc-Vinh-3030387/,le Phuoc Vinh,PHUOC VINH,LE,Vietnam,VIE,Soft Tennis,SF
https://en.asiangames2018.id/athletes/athlete/LEAMPRIBOON-Chaiwit-3005319/,LEAMPRIBOON Chaiwit,CHAIWIT,LEAMPRIBOON,Thailand,THA,Soft Tennis,SF
https://en.asiangames2018.id/athletes/athlete/LEE-Chingwen-3009204/,LEE Chingwen,CHINGWEN,LEE,Chinese Taipei,TPE,Soft Tennis,SF
https://en.asiangames2018.id/athletes/athlete/LIN-Weichieh-3009152/,LIN Weichieh,WEICHIEH,LIN,Chinese Taipei,TPE,Soft Tennis,SF
https://en.asiangames2018.id/athletes/athlete/LIU-Yin-3007419/,LIU Yin,YIN,LIU,China,CHN,Soft Tennis,SF
https://en.asiangames2018.id/athletes/athlete/MA-Yue-3007424/,MA Yue,YUE,MA,China,CHN,Soft Tennis,SF
https://en.asiangames2018.id/athletes/athlete/MANALAC-Noelle-Conchita-Corazon-3009511/,MANALAC Noelle Conchita Corazon,NOELLE CONCHITA CORAZON,MANALAC,Philippines,PHI,Soft Tennis,SF
https://en.asiangames2018.id/athletes/athlete/MANDURIAO-Mikoff-3009547/,MANDURIAO Mikoff,MIKOFF,MANDURIAO,Philippines,PHI,Soft Tennis,SF
https://en.asiangames2018.id/athletes/athlete/MARUNAKA-Taimei-3027216/,MARUNAKA Taimei,TAIMEI,MARUNAKA,Japan,JPN,Soft Tennis,SF
https://en.asiangames2018.id/athletes/athlete/MASUDA-Kento-3027218/,MASUDA Kento,KENTO,MASUDA,Japan,JPN,Soft Tennis,SF
https://en.asiangames2018.id/athletes/athlete/MEENA-Jay-3007745/,MEENA Jay,JAY,MEENA,India,IND,Soft Tennis,SF
https://en.asiangames2018.id/athletes/athlete/MEHLDA-Jitender-3007746/,MEHLDA Jitender,JITENDER,MEHLDA,India,IND,Soft Tennis,SF
https://en.asiangames2018.id/athletes/athlete/MEHRA-Abhilasha-3007765/,MEHRA Abhilasha,ABHILASHA,MEHRA,India,IND,Soft Tennis,SF
https://en.asiangames2018.id/athletes/athlete/METH-Mariyan-3005928/,METH Mariyan,MARIYAN,METH,Cambodia,CAM,Soft Tennis,SF
https://en.asiangames2018.id/athletes/athlete/MUN-Hyegyeong-3014899/,MUN Hyegyeong,HYEGYEONG,MUN,Republic of Korea,KOR,Soft Tennis,SF
https://en.asiangames2018.id/athletes/athlete/MUNGUNTSETSEG-Anudari-3028953/,MUNGUNTSETSEG Anudari,ANUDARI,MUNGUNTSETSEG,Mongolia,MGL,Soft Tennis,SF
https://en.asiangames2018.id/athletes/athlete/NAGAE-Koichi-3027225/,NAGAE Koichi,KOICHI,NAGAE,Japan,JPN,Soft Tennis,SF
https://en.asiangames2018.id/athletes/athlete/NAMITA-SETH-3007766/,NAMITA SETH,,NAMITA SETH,India,IND,Soft Tennis,SF
https://en.asiangames2018.id/athletes/athlete/NAREE-Sawitre-3005328/,NAREE Sawitre,SAWITRE,NAREE,Thailand,THA,Soft Tennis,SF
https://en.asiangames2018.id/athletes/athlete/ONOUE-Kurumi-3027231/,ONOUE Kurumi,KURUMI,ONOUE,Japan,JPN,Soft Tennis,SF
https://en.asiangames2018.id/athletes/athlete/ORN-Sambath-3005907/,ORN Sambath,SAMBATH,ORN,Cambodia,CAM,Soft Tennis,SF
https://en.asiangames2018.id/athletes/athlete/PATEL-Aniket-Chirag-3007751/,PATEL Aniket Chirag,ANIKET CHIRAG,PATEL,India,IND,Soft Tennis,SF
https://en.asiangames2018.id/athletes/athlete/PHILUEK-Worrawoot-3005324/,PHILUEK Worrawoot,WORRAWOOT,PHILUEK,Thailand,THA,Soft Tennis,SF
https://en.asiangames2018.id/athletes/athlete/PHONGSAVANH-Khanthanou-3012176/,PHONGSAVANH Khanthanou,KHANTHANOU,PHONGSAVANH,Lao PDR,LAO,Soft Tennis,SF
https://en.asiangames2018.id/athletes/athlete/PITRI-Dwi-Rahayu-3020724/,PITRI Dwi Rahayu,DWI RAHAYU,PITRI,Indonesia,INA,Soft Tennis,SF
https://en.asiangames2018.id/athletes/athlete/PRAKASH-Saayana-Sreedetha-3007767/,PRAKASH Saayana Sreedetha,SAAYANA SREEDETHA,PRAKASH,India,IND,Soft Tennis,SF
https://en.asiangames2018.id/athletes/athlete/RAMISCAL-Vince-Carlo-3009541/,RAMISCAL Vince Carlo,VINCE CARLO,RAMISCAL,Philippines,PHI,Soft Tennis,SF
https://en.asiangames2018.id/athletes/athlete/RATTHAPOBKORRAPAK-Worranun-3005318/,RATTHAPOBKORRAPAK Worranun,WORRANUN,RATTHAPOBKORRAPAK,Thailand,THA,Soft Tennis,SF
https://en.asiangames2018.id/athletes/athlete/RI-Chung-Il-3027649/,RI Chung Il,CHUNG IL,RI,DPR Korea,PRK,Soft Tennis,SF
https://en.asiangames2018.id/athletes/athlete/RIN-Sotheary-3005929/,RIN Sotheary,SOTHEARY,RIN,Cambodia,CAM,Soft Tennis,SF
https://en.asiangames2018.id/athletes/athlete/SAEED-Muhammad-Usama-3021151/,SAEED Muhammad Usama,MUHAMMAD USAMA,SAEED,Pakistan,PAK,Soft Tennis,SF
https://en.asiangames2018.id/athletes/athlete/SHAHID-Marium-3021146/,SHAHID Marium,MARIUM,SHAHID,Pakistan,PAK,Soft Tennis,SF
https://en.asiangames2018.id/athletes/athlete/SHUKLA-Kamlesh-Kumar-3007756/,SHUKLA Kamlesh Kumar,KAMLESH KUMAR,SHUKLA,India,IND,Soft Tennis,SF
https://en.asiangames2018.id/athletes/athlete/SIE-Alexander-Elbert-3020720/,SIE Alexander Elbert,ALEXANDER ELBERT,SIE,Indonesia,INA,Soft Tennis,SF
https://en.asiangames2018.id/athletes/athlete/SIMPATIAJI-Prima-3020719/,SIMPATIAJI Prima,PRIMA,SIMPATIAJI,Indonesia,INA,Soft Tennis,SF
https://en.asiangames2018.id/athletes/athlete/SO-Je-Il-3027647/,SO Je Il,JE IL,SO,DPR Korea,PRK,Soft Tennis,SF
https://en.asiangames2018.id/athletes/athlete/SRIRUNGREANG-Dares-3005331/,SRIRUNGREANG Dares,DARES,SRIRUNGREANG,Thailand,THA,Soft Tennis,SF
https://en.asiangames2018.id/athletes/athlete/TAKAHASHI-Noa-3027240/,TAKAHASHI Noa,NOA,TAKAHASHI,Japan,JPN,Soft Tennis,SF
https://en.asiangames2018.id/athletes/athlete/TIWARI-Aadhya-3007770/,TIWARI Aadhya,AADHYA,TIWARI,India,IND,Soft Tennis,SF
https://en.asiangames2018.id/athletes/athlete/TRAN-Thanh-Hoang-Ngan-3030372/,TRAN Thanh Hoang Ngan,THANH HOANG NGAN,TRAN,Vietnam,VIE,Soft Tennis,SF
https://en.asiangames2018.id/athletes/athlete/TRAN-van-Chien-3030371/,TRAN van Chien,VAN CHIEN,TRAN,Vietnam,VIE,Soft Tennis,SF
https://en.asiangames2018.id/athletes/athlete/TSOGBADRAKH-Bilguun-3028948/,TSOGBADRAKH Bilguun,BILGUUN,TSOGBADRAKH,Mongolia,MGL,Soft Tennis,SF
https://en.asiangames2018.id/athletes/athlete/TURBAT-Iveel-3028952/,TURBAT Iveel,IVEEL,TURBAT,Mongolia,MGL,Soft Tennis,SF
https://en.asiangames2018.id/athletes/athlete/UAYPORN-Sorrachet-3005323/,UAYPORN Sorrachet,SORRACHET,UAYPORN,Thailand,THA,Soft Tennis,SF
https://en.asiangames2018.id/athletes/athlete/UEMATSU-Toshiki-3027247/,UEMATSU Toshiki,TOSHIKI,UEMATSU,Japan,JPN,Soft Tennis,SF
https://en.asiangames2018.id/athletes/athlete/VANNASAK-Somxay-3012426/,VANNASAK Somxay,SOMXAY,VANNASAK,Lao PDR,LAO,Soft Tennis,SF
https://en.asiangames2018.id/athletes/athlete/WANG-Yufei-3007426/,WANG Yufei,YUFEI,WANG,China,CHN,Soft Tennis,SF
https://en.asiangames2018.id/athletes/athlete/XAIYALIN-Chittakone-3012410/,XAIYALIN Chittakone,CHITTAKONE,XAIYALIN,Lao PDR,LAO,Soft Tennis,SF
https://en.asiangames2018.id/athletes/athlete/YAHYA-Muhammad-3021152/,YAHYA Muhammad,MUHAMMAD,YAHYA,Pakistan,PAK,Soft Tennis,SF
https://en.asiangames2018.id/athletes/athlete/YANNARIT-Kawin-3005327/,YANNARIT Kawin,KAWIN,YANNARIT,Thailand,THA,Soft Tennis,SF
https://en.asiangames2018.id/athletes/athlete/YI-Sarsarith-3005919/,YI Sarsarith,SARSARITH,YI,Cambodia,CAM,Soft Tennis,SF
https://en.asiangames2018.id/athletes/athlete/YOO-Yeseul-3014907/,YOO Yeseul,YESEUL,YOO,Republic of Korea,KOR,Soft Tennis,SF
https://en.asiangames2018.id/athletes/athlete/YU-Kaiwen-3009147/,YU Kaiwen,KAIWEN,YU,Chinese Taipei,TPE,Soft Tennis,SF
https://en.asiangames2018.id/athletes/athlete/YU-Yuanyi-3007428/,YU Yuanyi,YUANYI,YU,China,CHN,Soft Tennis,SF
https://en.asiangames2018.id/athletes/athlete/ZAIDI-Syeda-Eraj-Batool-3021153/,ZAIDI Syeda Eraj Batool,SYEDA ERAJ BATOOL,ZAIDI,Pakistan,PAK,Soft Tennis,SF
