url,fullname,name,surname,country,noc_code,discipline,discipline_code
https://en.asiangames2018.id/athletes/athlete/ABDULLA-SAAD-Saeed-Ibrahim-3028190/,ABDULLA SAAD Saeed Ibrahim,Saeed Ibrahim,Abdulla Saad,United Arab Emirates,UAE,Rugby Sevens,RU
https://en.asiangames2018.id/athletes/athlete/ABDULLAH-Mohamad-Safwan-3023821/,ABDULLAH Mohamad Safwan,Mohamad Safwan,Abdullah,Malaysia,MAS,Rugby Sevens,RU
https://en.asiangames2018.id/athletes/athlete/AFZAL-Muhammad-3011031/,AFZAL Muhammad,Muhammad,Afzal,Pakistan,PAK,Rugby Sevens,RU
https://en.asiangames2018.id/athletes/athlete/AKBAR-Muhammad-Shoaib-3011036/,AKBAR Muhammad Shoaib,Muhammad Shoaib,Akbar,Pakistan,PAK,Rugby Sevens,RU
https://en.asiangames2018.id/athletes/athlete/AKRAM-Ahmed-Wasim-3011016/,AKRAM Ahmed Wasim,Ahmed Wasim,Akram,Pakistan,PAK,Rugby Sevens,RU
https://en.asiangames2018.id/athletes/athlete/ALAREEFI-Ahmed-Mohammed-3028183/,ALAREEFI Ahmed Mohammed,Ahmed Mohammed,Alareefi,United Arab Emirates,UAE,Rugby Sevens,RU
https://en.asiangames2018.id/athletes/athlete/ALBALOOSHI-Majid-Mohammed-3028201/,ALBALOOSHI Majid Mohammed,Majid Mohammed,Albalooshi,United Arab Emirates,UAE,Rugby Sevens,RU
https://en.asiangames2018.id/athletes/athlete/ALBALOOSHI-Walid-Salem-3028208/,ALBALOOSHI Walid Salem,Walid Salem,Albalooshi,United Arab Emirates,UAE,Rugby Sevens,RU
https://en.asiangames2018.id/athletes/athlete/ALBLOOSHI-Younes-Ahmed-3028210/,ALBLOOSHI Younes Ahmed,YOUNES AHMED,ALBLOOSHI,United Arab Emirates,UAE,Rugby Sevens,RU
https://en.asiangames2018.id/athletes/athlete/ALKATHEERI-Saeed-Abdulla-3028191/,ALKATHEERI Saeed Abdulla,SAEED ABDULLA,ALKATHEERI,United Arab Emirates,UAE,Rugby Sevens,RU
https://en.asiangames2018.id/athletes/athlete/ALMARAR-Mohammed-Khalifa-3028204/,ALMARAR Mohammed Khalifa,MOHAMMED KHALIFA,ALMARAR,United Arab Emirates,UAE,Rugby Sevens,RU
https://en.asiangames2018.id/athletes/athlete/ALMARZOOQI-Rashed-Saqer-3028188/,ALMARZOOQI Rashed Saqer,Rashed Saqer,Almarzooqi,United Arab Emirates,UAE,Rugby Sevens,RU
https://en.asiangames2018.id/athletes/athlete/ALNOOBI-Hassan-Ali-3028186/,ALNOOBI Hassan Ali,Hassan Ali,Alnoobi,United Arab Emirates,UAE,Rugby Sevens,RU
https://en.asiangames2018.id/athletes/athlete/ALNUAIMI-Mohammed-Sulaiman-3028206/,ALNUAIMI Mohammed Sulaiman,Mohammed Sulaiman,Alnuaimi,United Arab Emirates,UAE,Rugby Sevens,RU
https://en.asiangames2018.id/athletes/athlete/ALSEREIDI-Ali-Matar-3028199/,ALSEREIDI Ali Matar,Ali Matar,Alsereidi,United Arab Emirates,UAE,Rugby Sevens,RU
https://en.asiangames2018.id/athletes/athlete/ALSHAMSI-Mohamed-Saeed-3028205/,ALSHAMSI Mohamed Saeed,Mohamed Saeed,Alshamsi,United Arab Emirates,UAE,Rugby Sevens,RU
https://en.asiangames2018.id/athletes/athlete/ALSHEHI-Ahmad-Moosa-3028184/,ALSHEHI Ahmad Moosa,Ahmad Moosa,Alshehi,United Arab Emirates,UAE,Rugby Sevens,RU
https://en.asiangames2018.id/athletes/athlete/ALSHKEILI-Hamad-Rashed-3028187/,ALSHKEILI Hamad Rashed,HAMAD RASHED,ALSHKEILI,United Arab Emirates,UAE,Rugby Sevens,RU
https://en.asiangames2018.id/athletes/athlete/ALTAF-Musdaq-3011042/,ALTAF Musdaq,Musdaq,Altaf,Pakistan,PAK,Rugby Sevens,RU
https://en.asiangames2018.id/athletes/athlete/AMIN-Mohammad-Danial-Al-Fikri-3022453/,AMIN Mohammad Danial Al Fikri,Mohammad Danial Al Fikri,Amin,Indonesia,INA,Rugby Sevens,RU
https://en.asiangames2018.id/athletes/athlete/ARIF-Saad-3011045/,ARIF Saad,SAAD,ARIF,Pakistan,PAK,Rugby Sevens,RU
https://en.asiangames2018.id/athletes/athlete/ASLAM-Faisal-3011022/,ASLAM Faisal,Faisal,Aslam,Pakistan,PAK,Rugby Sevens,RU
https://en.asiangames2018.id/athletes/athlete/AZIZI-Mohammad-Asghar-3024611/,AZIZI Mohammad Asghar,Mohammad Asghar,Azizi,Afghanistan,AFG,Rugby Sevens,RU
https://en.asiangames2018.id/athletes/athlete/AZMI-Zulkiflee-3023831/,AZMI Zulkiflee,Zulkiflee,Azmi,Malaysia,MAS,Rugby Sevens,RU
https://en.asiangames2018.id/athletes/athlete/BAEK-Jieun-3014919/,BAEK Jieun,Jieun,Baek,Republic of Korea,KOR,Rugby Sevens,RU
https://en.asiangames2018.id/athletes/athlete/BAKTYBAYEVA-Kundyzay-3021340/,BAKTYBAYEVA Kundyzay,Kundyzay,Baktybayeva,Kazakhstan,KAZ,Rugby Sevens,RU
https://en.asiangames2018.id/athletes/athlete/BARIK-Subhalaxmi-3014158/,BARIK Subhalaxmi,SUBHALAXMI,BARIK,India,IND,Rugby Sevens,RU
https://en.asiangames2018.id/athletes/athlete/BATIVAKALOLO-Raichierumiyo-3001209/,BATIVAKALOLO Raichierumiyo,Raichierumiyo,Bativakalolo,Japan,JPN,Rugby Sevens,RU
https://en.asiangames2018.id/athletes/athlete/BAZYARUK-Liliya-3021336/,BAZYARUK Liliya,LILIYA,BAZYARUK,Kazakhstan,KAZ,Rugby Sevens,RU
https://en.asiangames2018.id/athletes/athlete/BEKKER-Yeva-3021349/,BEKKER Yeva,Yeva,Bekker,Kazakhstan,KAZ,Rugby Sevens,RU
https://en.asiangames2018.id/athletes/athlete/BHARUCHA-Vahbiz-Boman-3011771/,BHARUCHA Vahbiz Boman,VAHBIZ BOMAN,BHARUCHA,India,IND,Rugby Sevens,RU
https://en.asiangames2018.id/athletes/athlete/BHATTI-Khalid-Hussain-3011027/,BHATTI Khalid Hussain,Khalid Hussain,Bhatti,Pakistan,PAK,Rugby Sevens,RU
https://en.asiangames2018.id/athletes/athlete/BINTE-MOHAMED-ABDUL-GAFFO-Nur-S-3004308/,BINTE MOHAMED ABDUL GAFFO Nur S.,Nur Shuhadah,Binte Mohamed Abdul Gaffoor,Singapore,SGP,Rugby Sevens,RU
https://en.asiangames2018.id/athletes/athlete/BUNRAK-Butsaya-3007908/,BUNRAK Butsaya,Butsaya,Bunrak,Thailand,THA,Rugby Sevens,RU
https://en.asiangames2018.id/athletes/athlete/CHAKRABANDHU-NA-AYUDHAYA-Khomchak-3007887/,CHAKRABANDHU NA AYUDHAYA Khomchak,Khomchak,Chakrabandhu Na Ayudhaya,Thailand,THA,Rugby Sevens,RU
https://en.asiangames2018.id/athletes/athlete/CHAKRAWARTHIGE-Rehan-Rumesh-Silva-3013230/,CHAKRAWARTHIGE Rehan Rumesh Silva,Rehan Rumesh Silva,Chakrawarthige,Sri Lanka,SRI,Rugby Sevens,RU
https://en.asiangames2018.id/athletes/athlete/CHAN-Jayne-Jing-Yi-3004313/,CHAN Jayne Jing Yi,Jayne Jing Yi,Chan,Singapore,SGP,Rugby Sevens,RU
https://en.asiangames2018.id/athletes/athlete/CHAN-Jia-Yu-3004322/,CHAN Jia Yu,Jia Yu,Chan,Singapore,SGP,Rugby Sevens,RU
https://en.asiangames2018.id/athletes/athlete/CHAN-Stephanie-Chor-Ki-3027034/,CHAN Stephanie Chor Ki,Stephanie Chor Ki,Chan,"Hong Kong, China",HKG,Rugby Sevens,RU
https://en.asiangames2018.id/athletes/athlete/CHAN-Tsz-Ching-3027017/,CHAN Tsz Ching,Tsz Ching,Chan,"Hong Kong, China",HKG,Rugby Sevens,RU
https://en.asiangames2018.id/athletes/athlete/CHANDRADAS-Dansha-Dayan-3013498/,CHANDRADAS Dansha Dayan,Dansha Dayan,Chandradas,Sri Lanka,SRI,Rugby Sevens,RU
https://en.asiangames2018.id/athletes/athlete/CHANG-Haowei-3009124/,CHANG Haowei,Haowei,Chang,Chinese Taipei,TPE,Rugby Sevens,RU
https://en.asiangames2018.id/athletes/athlete/CHANG-Lunwei-3009106/,CHANG Lunwei,Lunwei,Chang,Chinese Taipei,TPE,Rugby Sevens,RU
https://en.asiangames2018.id/athletes/athlete/CHANG-Yongheung-3014875/,CHANG Yongheung,Yongheung,Chang,Republic of Korea,KOR,Rugby Sevens,RU
https://en.asiangames2018.id/athletes/athlete/CHEN-Chihchieh-3009130/,CHEN Chihchieh,Chihchieh,Chen,Chinese Taipei,TPE,Rugby Sevens,RU
https://en.asiangames2018.id/athletes/athlete/CHEN-Keyi-3012257/,CHEN Keyi,Keyi,Chen,China,CHN,Rugby Sevens,RU
https://en.asiangames2018.id/athletes/athlete/CHEN-Ming-3010270/,CHEN Ming,Ming,Chen,China,CHN,Rugby Sevens,RU
https://en.asiangames2018.id/athletes/athlete/CHEN-Yongqiang-3010835/,CHEN Yongqiang,Yongqiang,Chen,China,CHN,Rugby Sevens,RU
https://en.asiangames2018.id/athletes/athlete/CHENG-Ka-Chi-Christy-3027019/,CHENG Ka Chi Christy,Ka Chi Christy,Cheng,"Hong Kong, China",HKG,Rugby Sevens,RU
https://en.asiangames2018.id/athletes/athlete/CHOMPHUMEE-Piyamat-3007896/,CHOMPHUMEE Piyamat,Piyamat,Chomphumee,Thailand,THA,Rugby Sevens,RU
https://en.asiangames2018.id/athletes/athlete/CHONG-Ka-Yan-3027021/,CHONG Ka Yan,Ka Yan,Chong,"Hong Kong, China",HKG,Rugby Sevens,RU
https://en.asiangames2018.id/athletes/athlete/CHU-Jia-Hui-Eunice-3004316/,CHU Jia Hui Eunice,Jia Hui Eunice,Chu,Singapore,SGP,Rugby Sevens,RU
https://en.asiangames2018.id/athletes/athlete/COVERDALE-Michael-Richard-3026994/,COVERDALE Michael Richard,Michael Richard,Coverdale,"Hong Kong, China",HKG,Rugby Sevens,RU
https://en.asiangames2018.id/athletes/athlete/DEDA-Lesly-Adriana-3022468/,DEDA Lesly Adriana,Lesly Adriana,Deda,Indonesia,INA,Rugby Sevens,RU
https://en.asiangames2018.id/athletes/athlete/DENMARK-Max-Cameron-3027007/,DENMARK Max Cameron,Max Cameron,Denmark,"Hong Kong, China",HKG,Rugby Sevens,RU
https://en.asiangames2018.id/athletes/athlete/FENG-Wenru-3010839/,FENG Wenru,Wenru,Feng,China,CHN,Rugby Sevens,RU
https://en.asiangames2018.id/athletes/athlete/FETOWIN-Regina-9957405/,FETOWIN Regina,Regina,Fetowin,Indonesia,INA,Rugby Sevens,RU
https://en.asiangames2018.id/athletes/athlete/GAO-Yueying-3012793/,GAO Yueying,Yueying,Gao,China,CHN,Rugby Sevens,RU
https://en.asiangames2018.id/athletes/athlete/GARASATI-Fanny-Givllia-3022467/,GARASATI Fanny Givllia,Fanny Givllia,Garasati,Indonesia,INA,Rugby Sevens,RU
https://en.asiangames2018.id/athletes/athlete/GAZANG-Abdul-Bari-3024547/,GAZANG Abdul Bari,Abdul Bari,Gazang,Afghanistan,AFG,Rugby Sevens,RU
https://en.asiangames2018.id/athletes/athlete/GILL-Daud-3011021/,GILL Daud,Daud,Gill,Pakistan,PAK,Rugby Sevens,RU
https://en.asiangames2018.id/athletes/athlete/GU-Yaoyao-3012157/,GU Yaoyao,YAOYAO,GU,China,CHN,Rugby Sevens,RU
https://en.asiangames2018.id/athletes/athlete/GWON-Seulgi-3014911/,GWON Seulgi,Seulgi,Gwon,Republic of Korea,KOR,Rugby Sevens,RU
https://en.asiangames2018.id/athletes/athlete/HAN-Kunkyu-3014883/,HAN Kunkyu,Kunkyu,Han,Republic of Korea,KOR,Rugby Sevens,RU
https://en.asiangames2018.id/athletes/athlete/HAROON-Muhammad-3011034/,HAROON Muhammad,Muhammad,Haroon,Pakistan,PAK,Rugby Sevens,RU
https://en.asiangames2018.id/athletes/athlete/HASHIMI-Mohammad-Moosa-3024615/,HASHIMI Mohammad Moosa,Mohammad Moosa,Hashimi,Afghanistan,AFG,Rugby Sevens,RU
https://en.asiangames2018.id/athletes/athlete/HASHINO-Kosuke-3001477/,HASHINO Kosuke,Kosuke,Hashino,Japan,JPN,Rugby Sevens,RU
https://en.asiangames2018.id/athletes/athlete/HAYASHI-Taisei-3001488/,HAYASHI Taisei,Taisei,Hayashi,Japan,JPN,Rugby Sevens,RU
https://en.asiangames2018.id/athletes/athlete/HAYAUD-DIN-Mian-Hamza-3011028/,HAYAUD DIN Mian Hamza,MIAN HAMZA,HAYAUD DIN,Pakistan,PAK,Rugby Sevens,RU
https://en.asiangames2018.id/athletes/athlete/HEMBRAM-Meerarani-3011822/,HEMBRAM Meerarani,MEERARANI,HEMBRAM,India,IND,Rugby Sevens,RU
https://en.asiangames2018.id/athletes/athlete/HENA-KANKANAMGE-Naveen-Levanjith-3013169/,HENA KANKANAMGE Naveen Levanjith,NAVEEN LEVANJITH,HENA KANKANAMGE,Sri Lanka,SRI,Rugby Sevens,RU
https://en.asiangames2018.id/athletes/athlete/HENDRA-PRIHATIN-Andika-Yudistira-P-3022450/,HENDRA PRIHATIN Andika Yudistira P.,Andika Yudistira Pratama,Hendra Prihatin,Indonesia,INA,Rugby Sevens,RU
https://en.asiangames2018.id/athletes/athlete/HEO-Kyunghee-3014938/,HEO Kyunghee,Kyunghee,Heo,Republic of Korea,KOR,Rugby Sevens,RU
https://en.asiangames2018.id/athletes/athlete/HERBERT-Liam-Thomas-3027009/,HERBERT Liam Thomas,Liam Thomas,Herbert,"Hong Kong, China",HKG,Rugby Sevens,RU
https://en.asiangames2018.id/athletes/athlete/HIRANO-Yume-3013455/,HIRANO Yume,Yume,Hirano,Japan,JPN,Rugby Sevens,RU
https://en.asiangames2018.id/athletes/athlete/HO-Jessica-Wai-On-3027022/,HO Jessica Wai On,Jessica Wai On,Ho,"Hong Kong, China",HKG,Rugby Sevens,RU
https://en.asiangames2018.id/athletes/athlete/HOOD-James-Paul-3026998/,HOOD James Paul,James Paul,Hood,"Hong Kong, China",HKG,Rugby Sevens,RU
https://en.asiangames2018.id/athletes/athlete/HSIEH-Pinyi-3009128/,HSIEH Pinyi,Pinyi,Hsieh,Chinese Taipei,TPE,Rugby Sevens,RU
https://en.asiangames2018.id/athletes/athlete/HU-Yu-3010290/,HU Yu,Yu,Hu,China,CHN,Rugby Sevens,RU
https://en.asiangames2018.id/athletes/athlete/HU-Zhenye-3010870/,HU Zhenye,Zhenye,Hu,China,CHN,Rugby Sevens,RU
https://en.asiangames2018.id/athletes/athlete/HUAB-Arra-Heloise-Castro-3004305/,HUAB Arra Heloise Castro,Arra Heloise Castro,Huab,Singapore,SGP,Rugby Sevens,RU
https://en.asiangames2018.id/athletes/athlete/HUANG-Powei-3009114/,HUANG Powei,Powei,Huang,Chinese Taipei,TPE,Rugby Sevens,RU
https://en.asiangames2018.id/athletes/athlete/HUANG-Telung-3009112/,HUANG Telung,Telung,Huang,Chinese Taipei,TPE,Rugby Sevens,RU
https://en.asiangames2018.id/athletes/athlete/HUANKID-Thanaporn-3007902/,HUANKID Thanaporn,Thanaporn,Huankid,Thailand,THA,Rugby Sevens,RU
https://en.asiangames2018.id/athletes/athlete/HWANG-Injo-3014885/,HWANG Injo,Injo,Hwang,Republic of Korea,KOR,Rugby Sevens,RU
https://en.asiangames2018.id/athletes/athlete/IBRAHIM-Muhammad-Haikal-3024107/,IBRAHIM Muhammad Haikal,MUHAMMAD HAIKAL,IBRAHIM,Malaysia,MAS,Rugby Sevens,RU
https://en.asiangames2018.id/athletes/athlete/ISMAIL-Mohamad-Nasharuddin-3023837/,ISMAIL Mohamad Nasharuddin,Mohamad Nasharuddin,Ismail,Malaysia,MAS,Rugby Sevens,RU
https://en.asiangames2018.id/athletes/athlete/ISMAIL-Wan-Izzuddin-3023737/,ISMAIL Wan Izzuddin,Wan Izzuddin,Ismail,Malaysia,MAS,Rugby Sevens,RU
https://en.asiangames2018.id/athletes/athlete/JALIL-Muhammad-Siddiq-Amir-3023800/,JALIL Muhammad Siddiq Amir,Muhammad Siddiq Amir,Jalil,Malaysia,MAS,Rugby Sevens,RU
https://en.asiangames2018.id/athletes/athlete/JANDA-Sarut-3007880/,JANDA Sarut,Sarut,Janda,Thailand,THA,Rugby Sevens,RU
https://en.asiangames2018.id/athletes/athlete/JANG-Jeongmin-3014877/,JANG Jeongmin,Jeongmin,Jang,Republic of Korea,KOR,Rugby Sevens,RU
https://en.asiangames2018.id/athletes/athlete/JANG-Seongmin-3014873/,JANG Seongmin,Seongmin,Jang,Republic of Korea,KOR,Rugby Sevens,RU
https://en.asiangames2018.id/athletes/athlete/JIANG-Liwei-3010875/,JIANG Liwei,Liwei,Jiang,China,CHN,Rugby Sevens,RU
https://en.asiangames2018.id/athletes/athlete/JONES-Lee-Ross-3027008/,JONES Lee Ross,Lee Ross,Jones,"Hong Kong, China",HKG,Rugby Sevens,RU
https://en.asiangames2018.id/athletes/athlete/JOSEPH-Kevin-Dixon-3013109/,JOSEPH Kevin Dixon,KEVIN DIXON,JOSEPH,Sri Lanka,SRI,Rugby Sevens,RU
https://en.asiangames2018.id/athletes/athlete/KANO-Ryota-3001483/,KANO Ryota,Ryota,Kano,Japan,JPN,Rugby Sevens,RU
https://en.asiangames2018.id/athletes/athlete/KARNADI-Nadya-Silvy-Khoirunnisa-3022475/,KARNADI Nadya Silvy Khoirunnisa,Nadya Silvy Khoirunnisa,Karnadi,Indonesia,INA,Rugby Sevens,RU
https://en.asiangames2018.id/athletes/athlete/KHAMKOET-Warongkorn-3007878/,KHAMKOET Warongkorn,Warongkorn,Khamkoet,Thailand,THA,Rugby Sevens,RU
https://en.asiangames2018.id/athletes/athlete/KHWAJA-Kashif-3011025/,KHWAJA Kashif,Kashif,Khwaja,Pakistan,PAK,Rugby Sevens,RU
https://en.asiangames2018.id/athletes/athlete/KIM-Gwongmin-3014781/,KIM Gwongmin,Gwongmin,Kim,Republic of Korea,KOR,Rugby Sevens,RU
https://en.asiangames2018.id/athletes/athlete/KIM-Hyunsoo-3014864/,KIM Hyunsoo,Hyunsoo,Kim,Republic of Korea,KOR,Rugby Sevens,RU
https://en.asiangames2018.id/athletes/athlete/KIM-Jeongmin-3014859/,KIM Jeongmin,Jeongmin,Kim,Republic of Korea,KOR,Rugby Sevens,RU
https://en.asiangames2018.id/athletes/athlete/KIM-Jinhyeok-3014862/,KIM Jinhyeok,Jinhyeok,Kim,Republic of Korea,KOR,Rugby Sevens,RU
https://en.asiangames2018.id/athletes/athlete/KIM-Namuk-3014856/,KIM Namuk,Namuk,Kim,Republic of Korea,KOR,Rugby Sevens,RU
https://en.asiangames2018.id/athletes/athlete/KIM-Sungsoo-3014858/,KIM Sungsoo,Sungsoo,Kim,Republic of Korea,KOR,Rugby Sevens,RU
https://en.asiangames2018.id/athletes/athlete/KIM-Yuri-3014913/,KIM Yuri,Yuri,Kim,Republic of Korea,KOR,Rugby Sevens,RU
https://en.asiangames2018.id/athletes/athlete/KLYUCHNIKOVA-Svetlana-3021343/,KLYUCHNIKOVA Svetlana,Svetlana,Klyuchnikova,Kazakhstan,KAZ,Rugby Sevens,RU
https://en.asiangames2018.id/athletes/athlete/KOIDE-Mifuyu-3001208/,KOIDE Mifuyu,MIFUYU,KOIDE,Japan,JPN,Rugby Sevens,RU
https://en.asiangames2018.id/athletes/athlete/KOISHYBAYEVA-Balzhan-3021339/,KOISHYBAYEVA Balzhan,Balzhan,Koishybayeva,Kazakhstan,KAZ,Rugby Sevens,RU
https://en.asiangames2018.id/athletes/athlete/KOROTKIKH-Lyudmila-3021338/,KOROTKIKH Lyudmila,Lyudmila,Korotkikh,Kazakhstan,KAZ,Rugby Sevens,RU
https://en.asiangames2018.id/athletes/athlete/KOZASA-Tomomi-3001205/,KOZASA Tomomi,Tomomi,Kozasa,Japan,JPN,Rugby Sevens,RU
https://en.asiangames2018.id/athletes/athlete/KRADKRAYANG-Noppasit-3007877/,KRADKRAYANG Noppasit,Noppasit,Kradkrayang,Thailand,THA,Rugby Sevens,RU
https://en.asiangames2018.id/athletes/athlete/KUROGI-Riho-3001224/,KUROGI Riho,Riho,Kurogi,Japan,JPN,Rugby Sevens,RU
https://en.asiangames2018.id/athletes/athlete/KUWAI-Ano-3008914/,KUWAI Ano,Ano,Kuwai,Japan,JPN,Rugby Sevens,RU
https://en.asiangames2018.id/athletes/athlete/KWOK-Eric-9957402/,KWOK Eric,Eric,Kwok,"Hong Kong, China",HKG,Rugby Sevens,RU
https://en.asiangames2018.id/athletes/athlete/KWONG-Sau-Yan-3027023/,KWONG Sau Yan,Sau Yan,Kwong,"Hong Kong, China",HKG,Rugby Sevens,RU
https://en.asiangames2018.id/athletes/athlete/LAHU-Indri-Katerina-Lahu-3022464/,LAHU Indri Katerina Lahu,Indri Katerina Lahu,Lahu,Indonesia,INA,Rugby Sevens,RU
https://en.asiangames2018.id/athletes/athlete/LAKSANASOMPONG-Klin-3007875/,LAKSANASOMPONG Klin,Klin,Laksanasompong,Thailand,THA,Rugby Sevens,RU
https://en.asiangames2018.id/athletes/athlete/LEE-Jaebok-3014870/,LEE Jaebok,Jaebok,Lee,Republic of Korea,KOR,Rugby Sevens,RU
https://en.asiangames2018.id/athletes/athlete/LEE-Ka-To-Cado-3026997/,LEE Ka To Cado,Ka To Cado,Lee,"Hong Kong, China",HKG,Rugby Sevens,RU
https://en.asiangames2018.id/athletes/athlete/LEE-Minhui-3014929/,LEE Minhui,Minhui,Lee,Republic of Korea,KOR,Rugby Sevens,RU
https://en.asiangames2018.id/athletes/athlete/LI-Haitao-3010880/,LI Haitao,Haitao,Li,China,CHN,Rugby Sevens,RU
https://en.asiangames2018.id/athletes/athlete/LI-Nim-Yan-Melody-Blessing-3027025/,LI Nim Yan Melody Blessing,Nim Yan Melody Blessing,Li,"Hong Kong, China",HKG,Rugby Sevens,RU
https://en.asiangames2018.id/athletes/athlete/LIAMRAT-Uthumporn-3007900/,LIAMRAT Uthumporn,Uthumporn,Liamrat,Thailand,THA,Rugby Sevens,RU
https://en.asiangames2018.id/athletes/athlete/LIM-Christabelle-Mee-3004333/,LIM Christabelle Mee,Christabelle Mee,Lim,Singapore,SGP,Rugby Sevens,RU
https://en.asiangames2018.id/athletes/athlete/LIM-Jaewon-3014931/,LIM Jaewon,Jaewon,Lim,Republic of Korea,KOR,Rugby Sevens,RU
https://en.asiangames2018.id/athletes/athlete/LIN-Chuehhao-3009107/,LIN Chuehhao,Chuehhao,Lin,Chinese Taipei,TPE,Rugby Sevens,RU
https://en.asiangames2018.id/athletes/athlete/LIU-Junkui-3103706/,LIU Junkui,Junkui,Liu,China,CHN,Rugby Sevens,RU
https://en.asiangames2018.id/athletes/athlete/LIU-Luda-3103703/,LIU Luda,Luda,Liu,China,CHN,Rugby Sevens,RU
https://en.asiangames2018.id/athletes/athlete/LIU-Xiaoqian-3013277/,LIU Xiaoqian,Xiaoqian,Liu,China,CHN,Rugby Sevens,RU
https://en.asiangames2018.id/athletes/athlete/LIU-Yang-3010872/,LIU Yang,YANG,LIU,China,CHN,Rugby Sevens,RU
https://en.asiangames2018.id/athletes/athlete/LO-Hsinkuei-3009091/,LO Hsinkuei,Hsinkuei,Lo,Chinese Taipei,TPE,Rugby Sevens,RU
https://en.asiangames2018.id/athletes/athlete/LOW-Yu-Hui-3004297/,LOW Yu Hui,Yu Hui,Low,Singapore,SGP,Rugby Sevens,RU
https://en.asiangames2018.id/athletes/athlete/LU-Yuanyuan-3012432/,LU Yuanyuan,Yuanyuan,Lu,China,CHN,Rugby Sevens,RU
https://en.asiangames2018.id/athletes/athlete/MA-Chong-3010799/,MA Chong,Chong,Ma,China,CHN,Rugby Sevens,RU
https://en.asiangames2018.id/athletes/athlete/MAIZE-Christopher-Russell-3026993/,MAIZE Christopher Russell,Christopher Russell,Maize,"Hong Kong, China",HKG,Rugby Sevens,RU
https://en.asiangames2018.id/athletes/athlete/MAJHI-Hupi-3011811/,MAJHI Hupi,HUPI,MAJHI,India,IND,Rugby Sevens,RU
https://en.asiangames2018.id/athletes/athlete/MALWATHTHE-GEDARA-Neranjan-M-G-3013115/,MALWATHTHE GEDARA Neranjan M. G.,Neranjan Madushanka Gayan Weer,Malwaththe Gedara,Sri Lanka,SRI,Rugby Sevens,RU
https://en.asiangames2018.id/athletes/athlete/MAT-ZIZI-Muhammad-Azwan-Zuwairi-3023829/,MAT ZIZI Muhammad Azwan Zuwairi,Muhammad Azwan Zuwairi,Mat Zizi,Malaysia,MAS,Rugby Sevens,RU
https://en.asiangames2018.id/athletes/athlete/MATHINDAS-Serli-Angganice-Matindas-3022470/,MATHINDAS Serli Angganice Matindas,Serli Angganice Matindas,Mathindas,Indonesia,INA,Rugby Sevens,RU
https://en.asiangames2018.id/athletes/athlete/MATSUI-Chihito-3009083/,MATSUI Chihito,Chihito,Matsui,Japan,JPN,Rugby Sevens,RU
https://en.asiangames2018.id/athletes/athlete/McQUEEN-Alexander-Robert-3027005/,McQUEEN Alexander Robert,ALEXANDER ROBERT,MCQUEEN,"Hong Kong, China",HKG,Rugby Sevens,RU
https://en.asiangames2018.id/athletes/athlete/MEECHOK-Wannaree-3007898/,MEECHOK Wannaree,Wannaree,Meechok,Thailand,THA,Rugby Sevens,RU
https://en.asiangames2018.id/athletes/athlete/MEHMOOD-Nasir-3030129/,MEHMOOD Nasir,Nasir,Mehmood,Pakistan,PAK,Rugby Sevens,RU
https://en.asiangames2018.id/athletes/athlete/MIN-Kyungjin-3028607/,MIN Kyungjin,Kyungjin,Min,Republic of Korea,KOR,Rugby Sevens,RU
https://en.asiangames2018.id/athletes/athlete/MOHAMMAD-Yousuf-Lashkri-3028209/,MOHAMMAD Yousuf Lashkri,Yousuf Lashkri,Mohammad,United Arab Emirates,UAE,Rugby Sevens,RU
https://en.asiangames2018.id/athletes/athlete/MOTOMURA-Naoki-3001490/,MOTOMURA Naoki,Naoki,Motomura,Japan,JPN,Rugby Sevens,RU
https://en.asiangames2018.id/athletes/athlete/MUHAMAD-ZAINUDIN-Muhammad-D-A-3024103/,MUHAMAD ZAINUDIN Muhammad D. A.,Muhammad Dzafran Asyraaf,Muhamad Zainudin,Malaysia,MAS,Rugby Sevens,RU
https://en.asiangames2018.id/athletes/athlete/MUTHUTHANTRI-Sudarshana-Sriyanga-M-3013155/,MUTHUTHANTRI Sudarshana Sriyanga M.,Sudarshana Sriyanga Mihiran,Muthuthantri,Sri Lanka,SRI,Rugby Sevens,RU
https://en.asiangames2018.id/athletes/athlete/NAGATA-Iroha-3001216/,NAGATA Iroha,Iroha,Nagata,Japan,JPN,Rugby Sevens,RU
https://en.asiangames2018.id/athletes/athlete/NAKAMURA-Chiharu-3008941/,NAKAMURA Chiharu,Chiharu,Nakamura,Japan,JPN,Rugby Sevens,RU
https://en.asiangames2018.id/athletes/athlete/NAKANO-Masahiro-3001482/,NAKANO Masahiro,MASAHIRO,NAKANO,Japan,JPN,Rugby Sevens,RU
https://en.asiangames2018.id/athletes/athlete/NAKARIN-Sichon-3007882/,NAKARIN Sichon,Sichon,Nakarin,Thailand,THA,Rugby Sevens,RU
https://en.asiangames2018.id/athletes/athlete/NAM-Ka-Man-3027026/,NAM Ka Man,Ka Man,Nam,"Hong Kong, China",HKG,Rugby Sevens,RU
https://en.asiangames2018.id/athletes/athlete/NANAYAKKARA-KUDACHCHIGE-B-B-P-3013396/,NANAYAKKARA KUDACHCHIGE B. B. P.,Buddima Bushma Piyarathana,Nanayakkara Kudachchige,Sri Lanka,SRI,Rugby Sevens,RU
https://en.asiangames2018.id/athletes/athlete/NARDONI-Alessandro-9957401/,NARDONI Alessandro,Alessandro,Nardoni,"Hong Kong, China",HKG,Rugby Sevens,RU
https://en.asiangames2018.id/athletes/athlete/NASARRUDIN-Amalul-Hazim-3024114/,NASARRUDIN Amalul Hazim,Amalul Hazim,Nasarrudin,Malaysia,MAS,Rugby Sevens,RU
https://en.asiangames2018.id/athletes/athlete/NAVAKAEW-Ruksina-3007913/,NAVAKAEW Ruksina,Ruksina,Navakaew,Thailand,THA,Rugby Sevens,RU
https://en.asiangames2018.id/athletes/athlete/NAYAK-Sumitra-3011836/,NAYAK Sumitra,SUMITRA,NAYAK,India,IND,Rugby Sevens,RU
https://en.asiangames2018.id/athletes/athlete/NEHA-3011827/,NEHA,,NEHA,India,IND,Rugby Sevens,RU
https://en.asiangames2018.id/athletes/athlete/NG-Guang-Lyn-Amanda-3009496/,NG Guang Lyn Amanda,Guang Lyn Amanda,Ng,Singapore,SGP,Rugby Sevens,RU
https://en.asiangames2018.id/athletes/athlete/NGATNO-BAGONG-MUDO-Yusuf-S-N-B-3022458/,NGATNO BAGONG MUDO Yusuf S. N. B.,Yusuf Satria Nugroho Bagong Pu,Ngatno Bagong Mudo,Indonesia,INA,Rugby Sevens,RU
https://en.asiangames2018.id/athletes/athlete/NOGUCHI-Yoshihiro-3001494/,NOGUCHI Yoshihiro,YOSHIHIRO,NOGUCHI,Japan,JPN,Rugby Sevens,RU
https://en.asiangames2018.id/athletes/athlete/NUGRAENI-Tri-Sukma-3022469/,NUGRAENI Tri Sukma,Tri Sukma,Nugraeni,Indonesia,INA,Rugby Sevens,RU
https://en.asiangames2018.id/athletes/athlete/NURMATOVA-Nigora-3021341/,NURMATOVA Nigora,Nigora,Nurmatova,Kazakhstan,KAZ,Rugby Sevens,RU
https://en.asiangames2018.id/athletes/athlete/ODNOLETOK-Vlada-3021351/,ODNOLETOK Vlada,Vlada,Odnoletok,Kazakhstan,KAZ,Rugby Sevens,RU
https://en.asiangames2018.id/athletes/athlete/OISHI-Rikiya-3001479/,OISHI Rikiya,Rikiya,Oishi,Japan,JPN,Rugby Sevens,RU
https://en.asiangames2018.id/athletes/athlete/OIYAITOU-Lawrence-3022462/,OIYAITOU Lawrence,Lawrence,Oiyaitou,Indonesia,INA,Rugby Sevens,RU
https://en.asiangames2018.id/athletes/athlete/OKURODA-Yume-3001206/,OKURODA Yume,Yume,Okuroda,Japan,JPN,Rugby Sevens,RU
https://en.asiangames2018.id/athletes/athlete/OLSON-THORNE-Natasha-Shangwe-3027027/,OLSON-THORNE Natasha Shangwe,Natasha Shangwe,Olson-Thorne,"Hong Kong, China",HKG,Rugby Sevens,RU
https://en.asiangames2018.id/athletes/athlete/OLUA-Veronika-Adriana-3022472/,OLUA Veronika Adriana,Veronika Adriana,Olua,Indonesia,INA,Rugby Sevens,RU
https://en.asiangames2018.id/athletes/athlete/ONG-Pei-Yi-3004306/,ONG Pei Yi,Pei Yi,Ong,Singapore,SGP,Rugby Sevens,RU
https://en.asiangames2018.id/athletes/athlete/ORAON-Swapna-3014154/,ORAON Swapna,SWAPNA,ORAON,India,IND,Rugby Sevens,RU
https://en.asiangames2018.id/athletes/athlete/OTAKE-Fumikoedeiburijietto-3001213/,OTAKE Fumikoedeiburijietto,Fumikoedeiburijietto,Otake,Japan,JPN,Rugby Sevens,RU
https://en.asiangames2018.id/athletes/athlete/OW-YONG-Yu-Xiu-Alvinia-3004328/,OW YONG Yu Xiu Alvinia,Yu Xiu Alvinia,Ow Yong,Singapore,SGP,Rugby Sevens,RU
https://en.asiangames2018.id/athletes/athlete/OYAITOUW-Septinus-3022460/,OYAITOUW Septinus,SEPTINUS,OYAITOUW,Indonesia,INA,Rugby Sevens,RU
https://en.asiangames2018.id/athletes/athlete/OZAWA-Dai-3001460/,OZAWA Dai,Dai,Ozawa,Japan,JPN,Rugby Sevens,RU
https://en.asiangames2018.id/athletes/athlete/PALUKPETCH-Puvadol-3007876/,PALUKPETCH Puvadol,Puvadol,Palukpetch,Thailand,THA,Rugby Sevens,RU
https://en.asiangames2018.id/athletes/athlete/PARK-Seongbin-3014918/,PARK Seongbin,Seongbin,Park,Republic of Korea,KOR,Rugby Sevens,RU
https://en.asiangames2018.id/athletes/athlete/PARK-Suji-3014941/,PARK Suji,Suji,Park,Republic of Korea,KOR,Rugby Sevens,RU
https://en.asiangames2018.id/athletes/athlete/PEERABUNANON-Jeeraporn-3007894/,PEERABUNANON Jeeraporn,Jeeraporn,Peerabunanon,Thailand,THA,Rugby Sevens,RU
https://en.asiangames2018.id/athletes/athlete/POON-Hoi-Yan-3027028/,POON Hoi Yan,Hoi Yan,Poon,"Hong Kong, China",HKG,Rugby Sevens,RU
https://en.asiangames2018.id/athletes/athlete/POON-Pak-Yan-3027029/,POON Pak Yan,Pak Yan,Poon,"Hong Kong, China",HKG,Rugby Sevens,RU
https://en.asiangames2018.id/athletes/athlete/POONGAM-Kanlayaratt-3007918/,POONGAM Kanlayaratt,KANLAYARATT,POONGAM,Thailand,THA,Rugby Sevens,RU
https://en.asiangames2018.id/athletes/athlete/PRATIKNO-Dionysius-Oktavian-Andi-P-3022449/,PRATIKNO Dionysius Oktavian Andi P,Dionysius Oktavian Andi Pratik,Pratikno,Indonesia,INA,Rugby Sevens,RU
https://en.asiangames2018.id/athletes/athlete/PROSKURINA-Karina-3021348/,PROSKURINA Karina,Karina,Proskurina,Kazakhstan,KAZ,Rugby Sevens,RU
https://en.asiangames2018.id/athletes/athlete/PUANGPUN-Panupong-3007885/,PUANGPUN Panupong,Panupong,Puangpun,Thailand,THA,Rugby Sevens,RU
https://en.asiangames2018.id/athletes/athlete/QI-Changyuan-3010893/,QI Changyuan,Changyuan,Qi,China,CHN,Rugby Sevens,RU
https://en.asiangames2018.id/athletes/athlete/RABEE-SALMIN-Abdalla-Rabee-3028212/,RABEE SALMIN Abdalla Rabee,Abdalla Rabee,Rabee Salmin,United Arab Emirates,UAE,Rugby Sevens,RU
https://en.asiangames2018.id/athletes/athlete/RAFFAIDEEN-Thuwan-Reeza-3013212/,RAFFAIDEEN Thuwan Reeza,Thuwan Reeza,Raffaideen,Sri Lanka,SRI,Rugby Sevens,RU
https://en.asiangames2018.id/athletes/athlete/RAHMANI-Jawid-3024604/,RAHMANI Jawid,Jawid,Rahmani,Afghanistan,AFG,Rugby Sevens,RU
https://en.asiangames2018.id/athletes/athlete/RAI-Sandhya-3011835/,RAI Sandhya,SANDHYA,RAI,India,IND,Rugby Sevens,RU
https://en.asiangames2018.id/athletes/athlete/RAMLI-Mohamad-Khairul-Abdillah-3023830/,RAMLI Mohamad Khairul Abdillah,Mohamad Khairul Abdillah,Ramli,Malaysia,MAS,Rugby Sevens,RU
https://en.asiangames2018.id/athletes/athlete/RANKOTHGEDARA-Anuradha-Srinath-S-3013313/,RANKOTHGEDARA Anuradha Srinath S.,Anuradha Srinath Sooriyabandar,Rankothgedara,Sri Lanka,SRI,Rugby Sevens,RU
https://en.asiangames2018.id/athletes/athlete/RASLI-Muhammad-Zulhisham-3023825/,RASLI Muhammad Zulhisham,Muhammad Zulhisham,Rasli,Malaysia,MAS,Rugby Sevens,RU
https://en.asiangames2018.id/athletes/athlete/RATWATTE-Ashan-Tharinda-3030240/,RATWATTE Ashan Tharinda,Ashan Tharinda,Ratwatte,Sri Lanka,SRI,Rugby Sevens,RU
https://en.asiangames2018.id/athletes/athlete/RIMENE-Benjamin-Reihana-3027010/,RIMENE Benjamin Reihana,Benjamin Reihana,Rimene,"Hong Kong, China",HKG,Rugby Sevens,RU
https://en.asiangames2018.id/athletes/athlete/RUAN-Hongting-3010887/,RUAN Hongting,HONGTING,RUAN,China,CHN,Rugby Sevens,RU
https://en.asiangames2018.id/athletes/athlete/SABAR-Rajani-3011828/,SABAR Rajani,RAJANI,SABAR,India,IND,Rugby Sevens,RU
https://en.asiangames2018.id/athletes/athlete/SAKAI-Katsuyuki-3001423/,SAKAI Katsuyuki,Katsuyuki,Sakai,Japan,JPN,Rugby Sevens,RU
https://en.asiangames2018.id/athletes/athlete/SAKULTHIANTHONG-Wuttipong-3007874/,SAKULTHIANTHONG Wuttipong,Wuttipong,Sakulthianthong,Thailand,THA,Rugby Sevens,RU
https://en.asiangames2018.id/athletes/athlete/SALOM-Yiu-9957403/,SALOM Yiu,Yiu,Salom,"Hong Kong, China",HKG,Rugby Sevens,RU
https://en.asiangames2018.id/athletes/athlete/SAURI-Muhammad-Rifaldi-3022455/,SAURI Muhammad Rifaldi,Muhammad Rifaldi,Sauri,Indonesia,INA,Rugby Sevens,RU
https://en.asiangames2018.id/athletes/athlete/SAWATNAM-Tidarat-3007906/,SAWATNAM Tidarat,Tidarat,Sawatnam,Thailand,THA,Rugby Sevens,RU
https://en.asiangames2018.id/athletes/athlete/SAYED-Mustafa-3024622/,SAYED Mustafa,Mustafa,Sayed,Afghanistan,AFG,Rugby Sevens,RU
https://en.asiangames2018.id/athletes/athlete/SEO-Bohee-3014921/,SEO Bohee,Bohee,Seo,Republic of Korea,KOR,Rugby Sevens,RU
https://en.asiangames2018.id/athletes/athlete/SHAHID-Ali-3011018/,SHAHID Ali,Ali,Shahid,Pakistan,PAK,Rugby Sevens,RU
https://en.asiangames2018.id/athletes/athlete/SHAN-Changshun-3010836/,SHAN Changshun,Changshun,Shan,China,CHN,Rugby Sevens,RU
https://en.asiangames2018.id/athletes/athlete/SHEHZAD-Irfan-3011023/,SHEHZAD Irfan,IRFAN,SHEHZAD,Pakistan,PAK,Rugby Sevens,RU
https://en.asiangames2018.id/athletes/athlete/SHEN-Chinghung-3009098/,SHEN Chinghung,Chinghung,Shen,Chinese Taipei,TPE,Rugby Sevens,RU
https://en.asiangames2018.id/athletes/athlete/SHEN-Mingkuang-3009085/,SHEN Mingkuang,Mingkuang,Shen,Chinese Taipei,TPE,Rugby Sevens,RU
https://en.asiangames2018.id/athletes/athlete/SHIN-Keisuke-9957404/,SHIN Keisuke,Keisuke,Shin,Japan,JPN,Rugby Sevens,RU
https://en.asiangames2018.id/athletes/athlete/SHIN-Yelim-3014923/,SHIN Yelim,Yelim,Shin,Republic of Korea,KOR,Rugby Sevens,RU
https://en.asiangames2018.id/athletes/athlete/SHIRZAD-Naib-Shah-3024627/,SHIRZAD Naib Shah,Naib Shah,Shirzad,Afghanistan,AFG,Rugby Sevens,RU
https://en.asiangames2018.id/athletes/athlete/SIM-Chiew-Hong-3004326/,SIM Chiew Hong,Chiew Hong,Sim,Singapore,SGP,Rugby Sevens,RU
https://en.asiangames2018.id/athletes/athlete/SINAGA-Fransiscus-Lohtar-Matius-3022456/,SINAGA Fransiscus Lohtar Matius,Fransiscus Lohtar Matius Sinag,Sinaga,Indonesia,INA,Rugby Sevens,RU
https://en.asiangames2018.id/athletes/athlete/SIREGAR-Nanda-Septian-Oloan-Sireg-3022459/,SIREGAR Nanda Septian Oloan Sireg,Nanda Septian Oloan Siregar,Siregar,Indonesia,INA,Rugby Sevens,RU
https://en.asiangames2018.id/athletes/athlete/SISONGKHAM-Rasamee-3007895/,SISONGKHAM Rasamee,Rasamee,Sisongkham,Thailand,THA,Rugby Sevens,RU
https://en.asiangames2018.id/athletes/athlete/SITOMPUL-Ester-Christiani-3022473/,SITOMPUL Ester Christiani,Ester Christiani,Sitompul,Indonesia,INA,Rugby Sevens,RU
https://en.asiangames2018.id/athletes/athlete/SLAIMANKHEL-Ahmad-Sayear-3024554/,SLAIMANKHEL Ahmad Sayear,Ahmad Sayear,Slaimankhel,Afghanistan,AFG,Rugby Sevens,RU
https://en.asiangames2018.id/athletes/athlete/SLAIMANKHEL-Ahmada-Zakir-3024557/,SLAIMANKHEL Ahmada Zakir,Ahmada Zakir,Slaimankhel,Afghanistan,AFG,Rugby Sevens,RU
https://en.asiangames2018.id/athletes/athlete/SLAIMANKHEL-Omar-3024634/,SLAIMANKHEL Omar,Omar,Slaimankhel,Afghanistan,AFG,Rugby Sevens,RU
https://en.asiangames2018.id/athletes/athlete/SLAIMANKHEL-Sabir-3024637/,SLAIMANKHEL Sabir,Sabir,Slaimankhel,Afghanistan,AFG,Rugby Sevens,RU
https://en.asiangames2018.id/athletes/athlete/SLAIMANKHEL-Zahidullah-3024640/,SLAIMANKHEL Zahidullah,Zahidullah,Slaimankhel,Afghanistan,AFG,Rugby Sevens,RU
https://en.asiangames2018.id/athletes/athlete/SOEJIMA-Kameli-Raravou-Latianara-3001495/,SOEJIMA Kameli Raravou Latianara,Kameli Raravou Latianara,Soejima,Japan,JPN,Rugby Sevens,RU
https://en.asiangames2018.id/athletes/athlete/SONI-Yesi-Oktasari-3022466/,SONI Yesi Oktasari,Yesi Oktasari,Soni,Indonesia,INA,Rugby Sevens,RU
https://en.asiangames2018.id/athletes/athlete/STEPANYUGA-Veronika-3021344/,STEPANYUGA Veronika,Veronika,Stepanyuga,Kazakhstan,KAZ,Rugby Sevens,RU
https://en.asiangames2018.id/athletes/athlete/STILES-Hugo-Eden-3027012/,STILES Hugo Eden,Hugo Eden,Stiles,"Hong Kong, China",HKG,Rugby Sevens,RU
https://en.asiangames2018.id/athletes/athlete/SUBIYAKTO-Pipit-Ayu-Lestari-3022474/,SUBIYAKTO Pipit Ayu Lestari,Pipit Ayu Lestari,Subiyakto,Indonesia,INA,Rugby Sevens,RU
https://en.asiangames2018.id/athletes/athlete/SUHARMANTO-Aqiel-Azis-Safrurrozi-3022454/,SUHARMANTO Aqiel Azis Safrurrozi,Aqiel Azis Safrurrozi,Suharmanto,Indonesia,INA,Rugby Sevens,RU
https://en.asiangames2018.id/athletes/athlete/SUHARYANTO-Christopher-Adhitya-H-3022452/,SUHARYANTO Christopher Adhitya H.,Christopher Adhitya Hardwika,Suharyanto,Indonesia,INA,Rugby Sevens,RU
https://en.asiangames2018.id/athletes/athlete/SUKAMTA-HADI-SAPUTRA-Dian-Wahyu-S-3022465/,SUKAMTA HADI SAPUTRA Dian Wahyu S.,Dian Wahyu Saputri,Sukamta Hadi Saputra,Indonesia,INA,Rugby Sevens,RU
https://en.asiangames2018.id/athletes/athlete/SUN-Caihong-3010292/,SUN Caihong,Caihong,Sun,China,CHN,Rugby Sevens,RU
https://en.asiangames2018.id/athletes/athlete/SUN-Weichiang-3009104/,SUN Weichiang,Weichiang,Sun,Chinese Taipei,TPE,Rugby Sevens,RU
https://en.asiangames2018.id/athletes/athlete/SUNG-Cheyu-3009118/,SUNG Cheyu,Cheyu,Sung,Chinese Taipei,TPE,Rugby Sevens,RU
https://en.asiangames2018.id/athletes/athlete/SUPONO-Handika-Hadi-Wibowo-3022451/,SUPONO Handika Hadi Wibowo,Handika Hadi Wibowo,Supono,Indonesia,INA,Rugby Sevens,RU
https://en.asiangames2018.id/athletes/athlete/SUREYAARACHCHI-Sudam-Parinda-3013355/,SUREYAARACHCHI Sudam Parinda,Sudam Parinda,Sureyaarachchi,Sri Lanka,SRI,Rugby Sevens,RU
https://en.asiangames2018.id/athletes/athlete/SWEETY-KUMARI-3014148/,SWEETY KUMARI,,SWEETY KUMARI,India,IND,Rugby Sevens,RU
https://en.asiangames2018.id/athletes/athlete/TANAKA-Emii-3001218/,TANAKA Emii,Emii,Tanaka,Japan,JPN,Rugby Sevens,RU
https://en.asiangames2018.id/athletes/athlete/TANIGUCHI-Noriko-3001207/,TANIGUCHI Noriko,Noriko,Taniguchi,Japan,JPN,Rugby Sevens,RU
https://en.asiangames2018.id/athletes/athlete/TAO-Zehong-Felicia-3009522/,TAO Zehong Felicia,ZEHONG FELICIA,TAO,Singapore,SGP,Rugby Sevens,RU
https://en.asiangames2018.id/athletes/athlete/TARMIZI-Muhamad-Firdaus-3023833/,TARMIZI Muhamad Firdaus,Muhamad Firdaus,Tarmizi,Malaysia,MAS,Rugby Sevens,RU
https://en.asiangames2018.id/athletes/athlete/TATEYAMA-Yukari-3001211/,TATEYAMA Yukari,Yukari,Tateyama,Japan,JPN,Rugby Sevens,RU
https://en.asiangames2018.id/athletes/athlete/TERYAYEVA-Olessya-3021342/,TERYAYEVA Olessya,Olessya,Teryayeva,Kazakhstan,KAZ,Rugby Sevens,RU
https://en.asiangames2018.id/athletes/athlete/THAMMAPORN-Sumet-3007881/,THAMMAPORN Sumet,Sumet,Thammaporn,Thailand,THA,Rugby Sevens,RU
https://en.asiangames2018.id/athletes/athlete/THANIP-ARACHCHILAGE-Kavindu-Perera-3013140/,THANIP ARACHCHILAGE Kavindu Perera,Kavindu Perera,Thanip Arachchilage,Sri Lanka,SRI,Rugby Sevens,RU
https://en.asiangames2018.id/athletes/athlete/THITISAKULVIT-Akarin-3007872/,THITISAKULVIT Akarin,Akarin,Thitisakulvit,Thailand,THA,Rugby Sevens,RU
https://en.asiangames2018.id/athletes/athlete/TKACHYOVA-Darya-3021345/,TKACHYOVA Darya,Darya,Tkachyova,Kazakhstan,KAZ,Rugby Sevens,RU
https://en.asiangames2018.id/athletes/athlete/TOHDJOJO-Rizki-Satrio-Utomo-3022457/,TOHDJOJO Rizki Satrio Utomo,RIZKI SATRIO UTOMO,TOHDJOJO,Indonesia,INA,Rugby Sevens,RU
https://en.asiangames2018.id/athletes/athlete/TUPOU-Tevitangongokilitoto-3014376/,TUPOU Tevitangongokilitoto,Tevitangongokilitoto,Tupou,Japan,JPN,Rugby Sevens,RU
https://en.asiangames2018.id/athletes/athlete/TUQIRI-Lote-3001461/,TUQIRI Lote,Lote,Tuqiri,Japan,JPN,Rugby Sevens,RU
https://en.asiangames2018.id/athletes/athlete/TUSSOLEHAH-Nichla-3022471/,TUSSOLEHAH Nichla,NICHLA,TUSSOLEHAH,Indonesia,INA,Rugby Sevens,RU
https://en.asiangames2018.id/athletes/athlete/VITHANA-GAMAGE-Charles-Jesan-D-3013131/,VITHANA GAMAGE Charles Jesan D.,Charles Jesan Dissanayake,Vithana Gamage,Sri Lanka,SRI,Rugby Sevens,RU
https://en.asiangames2018.id/athletes/athlete/WANDEE-Thanachporn-3007899/,WANDEE Thanachporn,Thanachporn,Wandee,Thailand,THA,Rugby Sevens,RU
https://en.asiangames2018.id/athletes/athlete/WANG-Jianhua-3010899/,WANG Jianhua,Jianhua,Wang,China,CHN,Rugby Sevens,RU
https://en.asiangames2018.id/athletes/athlete/WANG-Rachel-Yun-3009539/,WANG Rachel Yun,Rachel Yun,Wang,Singapore,SGP,Rugby Sevens,RU
https://en.asiangames2018.id/athletes/athlete/WANG-Wanyu-3010280/,WANG Wanyu,Wanyu,Wang,China,CHN,Rugby Sevens,RU
https://en.asiangames2018.id/athletes/athlete/WANNADIT-Chatree-3007879/,WANNADIT Chatree,Chatree,Wannadit,Thailand,THA,Rugby Sevens,RU
https://en.asiangames2018.id/athletes/athlete/WAQAS-Muhammad-3011041/,WAQAS Muhammad,Muhammad,Waqas,Pakistan,PAK,Rugby Sevens,RU
https://en.asiangames2018.id/athletes/athlete/WARDAK-M-Mussa-3024595/,WARDAK M Mussa,M Mussa,Wardak,Afghanistan,AFG,Rugby Sevens,RU
https://en.asiangames2018.id/athletes/athlete/WATENI-Fevi-Susanti-3022463/,WATENI Fevi Susanti,Fevi Susanti,Wateni,Indonesia,INA,Rugby Sevens,RU
https://en.asiangames2018.id/athletes/athlete/WEERATHUNGA-Adeesha-Eshan-3013388/,WEERATHUNGA Adeesha Eshan,ADEESHA ESHAN,WEERATHUNGA,Sri Lanka,SRI,Rugby Sevens,RU
https://en.asiangames2018.id/athletes/athlete/WIJEKOON-MUDIYANSELAGE-Danushka-R-3013205/,WIJEKOON MUDIYANSELAGE Danushka R.,Danushka Ranjan,Wijekoon Mudiyanselage,Sri Lanka,SRI,Rugby Sevens,RU
https://en.asiangames2018.id/athletes/athlete/WITTAYARONNAYUT-Rattanaporn-3007909/,WITTAYARONNAYUT Rattanaporn,Rattanaporn,Wittayaronnayut,Thailand,THA,Rugby Sevens,RU
https://en.asiangames2018.id/athletes/athlete/WOODWARD-Max-John-3026992/,WOODWARD Max John,Max John,Woodward,"Hong Kong, China",HKG,Rugby Sevens,RU
https://en.asiangames2018.id/athletes/athlete/WRIGHT-Mark-Edward-3026995/,WRIGHT Mark Edward,Mark Edward,Wright,"Hong Kong, China",HKG,Rugby Sevens,RU
https://en.asiangames2018.id/athletes/athlete/XU-Xiaoyan-3010907/,XU Xiaoyan,Xiaoyan,Xu,China,CHN,Rugby Sevens,RU
https://en.asiangames2018.id/athletes/athlete/YAKOVLEVA-Anna-3021337/,YAKOVLEVA Anna,Anna,Yakovleva,Kazakhstan,KAZ,Rugby Sevens,RU
https://en.asiangames2018.id/athletes/athlete/YAN-Meiling-3010285/,YAN Meiling,Meiling,Yan,China,CHN,Rugby Sevens,RU
https://en.asiangames2018.id/athletes/athlete/YANG-Min-3010271/,YANG Min,Min,Yang,China,CHN,Rugby Sevens,RU
https://en.asiangames2018.id/athletes/athlete/YANG-Solhee-3014928/,YANG Solhee,Solhee,Yang,Republic of Korea,KOR,Rugby Sevens,RU
https://en.asiangames2018.id/athletes/athlete/YANTO-Buldan-Muhammad-Abdurrohm-3022448/,YANTO Buldan Muhammad Abdurrohm,Buldan Muhammad Abdurrohman,Yanto,Indonesia,INA,Rugby Sevens,RU
https://en.asiangames2018.id/athletes/athlete/YIU-Kam-Shing-3027000/,YIU Kam Shing,Kam Shing,Yiu,"Hong Kong, China",HKG,Rugby Sevens,RU
https://en.asiangames2018.id/athletes/athlete/YOSHIZAWA-Taichi-3001473/,YOSHIZAWA Taichi,Taichi,Yoshizawa,Japan,JPN,Rugby Sevens,RU
https://en.asiangames2018.id/athletes/athlete/YU-Liping-3010911/,YU Liping,Liping,Yu,China,CHN,Rugby Sevens,RU
https://en.asiangames2018.id/athletes/athlete/YU-Xiaoming-3010915/,YU Xiaoming,Xiaoming,Yu,China,CHN,Rugby Sevens,RU
https://en.asiangames2018.id/athletes/athlete/YUEN-Lok-Yee-3027032/,YUEN Lok Yee,Lok Yee,Yuen,"Hong Kong, China",HKG,Rugby Sevens,RU
https://en.asiangames2018.id/athletes/athlete/YUSRI-Chitchanok-3007891/,YUSRI Chitchanok,Chitchanok,Yusri,Thailand,THA,Rugby Sevens,RU
https://en.asiangames2018.id/athletes/athlete/ZHANG-Chao-3010912/,ZHANG Chao,Chao,Zhang,China,CHN,Rugby Sevens,RU
https://en.asiangames2018.id/athletes/athlete/ZULKEFFLI-Muhammad-Ameer-Nasrun-3023823/,ZULKEFFLI Muhammad Ameer Nasrun,Muhammad Ameer Nasrun,Zulkeffli,Malaysia,MAS,Rugby Sevens,RU
