url,fullname,name,surname,country,noc_code,discipline,discipline_code
https://en.asiangames2018.id/athletes/athlete/ABBAS-Tasawar-3016536/,ABBAS Tasawar,Tasawar,Abbas,Pakistan,PAK,Hockey,HO
https://en.asiangames2018.id/athletes/athlete/ABD-RAHIM-Muhammad-Razie-3004426/,ABD RAHIM Muhammad Razie,Muhammad Razie,Abd Rahim,Malaysia,MAS,Hockey,HO
https://en.asiangames2018.id/athletes/athlete/ABD-RAHMAN-Mohammad-Hairi-3004469/,ABD RAHMAN Mohammad Hairi,Mohammad Hairi,Abd Rahman,Malaysia,MAS,Hockey,HO
https://en.asiangames2018.id/athletes/athlete/ABDUL-MUTALIB-Mohamad-Sukri-3004472/,ABDUL MUTALIB Mohamad Sukri,Mohamad Sukri,Abdul Mutalib,Malaysia,MAS,Hockey,HO
https://en.asiangames2018.id/athletes/athlete/ABDUL-RASHID-Nuraini-3005530/,ABDUL RASHID Nuraini,Nuraini,Abdul Rashid,Malaysia,MAS,Hockey,HO
https://en.asiangames2018.id/athletes/athlete/ABDULABAYEV-Ilgam-3030308/,ABDULABAYEV Ilgam,Ilgam,Abdulabayev,Kazakhstan,KAZ,Hockey,HO
https://en.asiangames2018.id/athletes/athlete/AHMAD-Ajaz-3016327/,AHMAD Ajaz,Ajaz,Ahmad,Pakistan,PAK,Hockey,HO
https://en.asiangames2018.id/athletes/athlete/AL-AKBAR-Abdullah-Jihad-3027805/,AL AKBAR Abdullah Jihad,ABDULLAH JIHAD,AL AKBAR,Indonesia,INA,Hockey,HO
https://en.asiangames2018.id/athletes/athlete/AL-ARDH-Aulia-Akbar-3027809/,AL ARDH Aulia Akbar,Aulia Akbar,Al Ardh,Indonesia,INA,Hockey,HO
https://en.asiangames2018.id/athletes/athlete/AL-FAZARI-Hamed-Salim-Hamed-3000081/,AL FAZARI Hamed Salim Hamed,HAMED SALIM HAMED,AL FAZARI,Oman,OMA,Hockey,HO
https://en.asiangames2018.id/athletes/athlete/AL-HASNI-Mahmood-Salim-Ghashim-3000070/,AL HASNI Mahmood Salim Ghashim,Mahmood Salim Ghashim,Al Hasni,Oman,OMA,Hockey,HO
https://en.asiangames2018.id/athletes/athlete/AL-LAUN-Sami-Awadh-Said-3000086/,AL LAUN Sami Awadh Said,Sami Awadh Said,Al Laun,Oman,OMA,Hockey,HO
https://en.asiangames2018.id/athletes/athlete/AL-NOFALI-Ahmed-Said-Salmeen-3000076/,AL NOFALI Ahmed Said Salmeen,AHMED SAID SALMEEN,AL NOFALI,Oman,OMA,Hockey,HO
https://en.asiangames2018.id/athletes/athlete/AL-NOFLI-Younis-Ghabish-Salmeen-3000087/,AL NOFLI Younis Ghabish Salmeen,Younis Ghabish Salmeen,Al Nofli,Oman,OMA,Hockey,HO
https://en.asiangames2018.id/athletes/athlete/AL-RAIISI-Marwan-Abdul-Rahman-Yahya-3000072/,AL RAIISI Marwan Abdul Rahman Yahya,Marwan Abdul Rahman Yahya Issa,Al Raiisi,Oman,OMA,Hockey,HO
https://en.asiangames2018.id/athletes/athlete/AL-SHIBLI-Qasim-5255005/,AL SHIBLI Qasim,Qasim,Al Shibli,Oman,OMA,Hockey,HO
https://en.asiangames2018.id/athletes/athlete/AL-FARSI-Ibrahim-3030554/,AL-FARSI Ibrahim,Ibrahim,Al-Farsi,Oman,OMA,Hockey,HO
https://en.asiangames2018.id/athletes/athlete/AL-FAZARI-Rashad-Salim-Hamed-3000079/,AL-FAZARI Rashad Salim Hamed,Rashad Salim Hamed,Al-Fazari,Oman,OMA,Hockey,HO
https://en.asiangames2018.id/athletes/athlete/AL-HASANI-Imad-Ayyad-Masoud-Ayyad-3000073/,AL-HASANI Imad Ayyad Masoud Ayyad,Imad Ayyad Masoud Ayyad,Al-Hasani,Oman,OMA,Hockey,HO
https://en.asiangames2018.id/athletes/athlete/AL-HASANI-Muhanna-Nasser-Ali-3000068/,AL-HASANI Muhanna Nasser Ali,Muhanna Nasser Ali,Al-Hasani,Oman,OMA,Hockey,HO
https://en.asiangames2018.id/athletes/athlete/AL-NOUFALI-Fahad-Khamis-Salmeen-3000082/,AL-NOUFALI Fahad Khamis Salmeen,Fahad Khamis Salmeen,Al-Noufali,Oman,OMA,Hockey,HO
https://en.asiangames2018.id/athletes/athlete/AL-QASMI-Asaad-Ali-Mubarak-3000071/,AL-QASMI Asaad Ali Mubarak,Asaad Ali Mubarak,Al-Qasmi,Oman,OMA,Hockey,HO
https://en.asiangames2018.id/athletes/athlete/AL-SAADI-Salah-Nasser-Ahmed-3000078/,AL-SAADI Salah Nasser Ahmed,Salah Nasser Ahmed,Al-Saadi,Oman,OMA,Hockey,HO
https://en.asiangames2018.id/athletes/athlete/AL-SHAAIBI-Ammaar-Juma-Salim-3000077/,AL-SHAAIBI Ammaar Juma Salim,Ammaar Juma Salim,Al-Shaaibi,Oman,OMA,Hockey,HO
https://en.asiangames2018.id/athletes/athlete/AL-SHAAIBI-Khalid-Juma-Salim-Hamood-3000074/,AL-SHAAIBI Khalid Juma Salim Hamood,Khalid Juma Salim Hamood,Al-Shaaibi,Oman,OMA,Hockey,HO
https://en.asiangames2018.id/athletes/athlete/AL-SHIBLI-Qasim-Moosa-Khalfan-3000069/,AL-SHIBLI Qasim Moosa Khalfan,Qasim Moosa Khalfan,Al-Shibli,Oman,OMA,Hockey,HO
https://en.asiangames2018.id/athletes/athlete/AL-ZADJALI-Ali-3030555/,AL-ZADJALI Ali,Ali,Al-Zadjali,Oman,OMA,Hockey,HO
https://en.asiangames2018.id/athletes/athlete/ALAM-Mohammad-Safiul-3011544/,ALAM Mohammad Safiul,MOHAMMAD SAFIUL,ALAM,Bangladesh,BAN,Hockey,HO
https://en.asiangames2018.id/athletes/athlete/ALI-Amjad-3016333/,ALI Amjad,Amjad,Ali,Pakistan,PAK,Hockey,HO
https://en.asiangames2018.id/athletes/athlete/ALI-Mubashar-3016376/,ALI Mubashar,Mubashar,Ali,Pakistan,PAK,Hockey,HO
https://en.asiangames2018.id/athletes/athlete/ALI-Rizwan-3016451/,ALI Rizwan,Rizwan,Ali,Pakistan,PAK,Hockey,HO
https://en.asiangames2018.id/athletes/athlete/ALLOUN-Faisal-3030556/,ALLOUN Faisal,Faisal,Alloun,Oman,OMA,Hockey,HO
https://en.asiangames2018.id/athletes/athlete/AMANIAH-Sarah-3027816/,AMANIAH Sarah,Sarah,Amaniah,Indonesia,INA,Hockey,HO
https://en.asiangames2018.id/athletes/athlete/AN-Hyoju-3016315/,AN Hyoju,Hyoju,An,Republic of Korea,KOR,Hockey,HO
https://en.asiangames2018.id/athletes/athlete/ARDAM-3027801/,ARDAM,,Ardam,Indonesia,INA,Hockey,HO
https://en.asiangames2018.id/athletes/athlete/ARINDAH-Aulia-Ghassani-Putri-3027838/,ARINDAH Aulia Ghassani Putri,Aulia Ghassani Putri,Arindah,Indonesia,INA,Hockey,HO
https://en.asiangames2018.id/athletes/athlete/ARSHAD-Muhammad-Toseeq-3016488/,ARSHAD Muhammad Toseeq,Muhammad Toseeq,Arshad,Pakistan,PAK,Hockey,HO
https://en.asiangames2018.id/athletes/athlete/ASAI-Yu-3025645/,ASAI Yu,Yu,Asai,Japan,JPN,Hockey,HO
https://en.asiangames2018.id/athletes/athlete/ASHARI-Muhammad-Firhan-3017242/,ASHARI Muhammad Firhan,Muhammad Firhan,Ashari,Malaysia,MAS,Hockey,HO
https://en.asiangames2018.id/athletes/athlete/ATIQ-Muhammad-3016394/,ATIQ Muhammad,Muhammad,Atiq,Pakistan,PAK,Hockey,HO
https://en.asiangames2018.id/athletes/athlete/AU-Jasper-Tsz-Shun-3027040/,AU Jasper Tsz Shun,Jasper Tsz Shun,Au,"Hong Kong, China",HKG,Hockey,HO
https://en.asiangames2018.id/athletes/athlete/AUDAH-Bara-Ibnu-3027807/,AUDAH Bara Ibnu,Bara Ibnu,Audah,Indonesia,INA,Hockey,HO
https://en.asiangames2018.id/athletes/athlete/AUNALAL-Richard-Brando-3027803/,AUNALAL Richard Brando,Richard Brando,Aunalal,Indonesia,INA,Hockey,HO
https://en.asiangames2018.id/athletes/athlete/AUNJAI-Natthakarn-3021473/,AUNJAI Natthakarn,Natthakarn,Aunjai,Thailand,THA,Hockey,HO
https://en.asiangames2018.id/athletes/athlete/AWANG-NOH-Surizan-3005539/,AWANG NOH Surizan,Surizan,Awang Noh,Malaysia,MAS,Hockey,HO
https://en.asiangames2018.id/athletes/athlete/AZIZ-Nur-Zafirah-3005547/,AZIZ Nur Zafirah,Nur Zafirah,Aziz,Malaysia,MAS,Hockey,HO
https://en.asiangames2018.id/athletes/athlete/BAE-Jongsuk-3016482/,BAE Jongsuk,Jongsuk,Bae,Republic of Korea,KOR,Hockey,HO
https://en.asiangames2018.id/athletes/athlete/BAIT-SHAMAIAA-Mahmood-Ashoor-R-3000084/,BAIT SHAMAIAA Mahmood Ashoor R.,Mahmood Ashoor Ramadhan,Bait Shamaiaa,Oman,OMA,Hockey,HO
https://en.asiangames2018.id/athletes/athlete/BAKHAVADDIN-Guzal-3021250/,BAKHAVADDIN Guzal,Guzal,Bakhavaddin,Kazakhstan,KAZ,Hockey,HO
https://en.asiangames2018.id/athletes/athlete/BHUTTA-Muhammad-Umar-3016499/,BHUTTA Muhammad Umar,Muhammad Umar,Bhutta,Pakistan,PAK,Hockey,HO
https://en.asiangames2018.id/athletes/athlete/BILAL-Aleem-5255002/,BILAL Aleem,Aleem,Bilal,Pakistan,PAK,Hockey,HO
https://en.asiangames2018.id/athletes/athlete/BILAL-Muhammad-Aleem-3016380/,BILAL Muhammad Aleem,MUHAMMAD ALEEM,BILAL,Pakistan,PAK,Hockey,HO
https://en.asiangames2018.id/athletes/athlete/BISSIROVA-Alina-3021247/,BISSIROVA Alina,Alina,Bissirova,Kazakhstan,KAZ,Hockey,HO
https://en.asiangames2018.id/athletes/athlete/BOON-ART-Thanakrit-3021433/,BOON ART Thanakrit,Thanakrit,Boon Art,Thailand,THA,Hockey,HO
https://en.asiangames2018.id/athletes/athlete/BOONMEE-Chakan-3021410/,BOONMEE Chakan,Chakan,Boonmee,Thailand,THA,Hockey,HO
https://en.asiangames2018.id/athletes/athlete/BOTHALE-APPUHAMILAGE-DON-R-S-N-3029808/,BOTHALE APPUHAMILAGE DON R. S. N.,Ravidu Seran Nimanka,Bothale Appuhamilage Don,Sri Lanka,SRI,Hockey,HO
https://en.asiangames2018.id/athletes/athlete/BUTT-Ammad-Shakeel-3016337/,BUTT Ammad Shakeel,Ammad Shakeel,Butt,Pakistan,PAK,Hockey,HO
https://en.asiangames2018.id/athletes/athlete/BUTT-Imran-3016357/,BUTT Imran,Imran,Butt,Pakistan,PAK,Hockey,HO
https://en.asiangames2018.id/athletes/athlete/CHAN-Chi-3027071/,CHAN Chi,Chi,Chan,"Hong Kong, China",HKG,Hockey,HO
https://en.asiangames2018.id/athletes/athlete/CHAN-Ching-Nam-3027072/,CHAN Ching Nam,Ching Nam,Chan,"Hong Kong, China",HKG,Hockey,HO
https://en.asiangames2018.id/athletes/athlete/CHAN-Hou-Fung-3027041/,CHAN Hou Fung,Hou Fung,Chan,"Hong Kong, China",HKG,Hockey,HO
https://en.asiangames2018.id/athletes/athlete/CHAN-Ka-Chun-3027042/,CHAN Ka Chun,Ka Chun,Chan,"Hong Kong, China",HKG,Hockey,HO
https://en.asiangames2018.id/athletes/athlete/CHAN-Yi-Man-3027069/,CHAN Yi Man,Yi Man,Chan,"Hong Kong, China",HKG,Hockey,HO
https://en.asiangames2018.id/athletes/athlete/CHAN-Yin-Ching-Tiffany-3027070/,CHAN Yin Ching Tiffany,Yin Ching Tiffany,Chan,"Hong Kong, China",HKG,Hockey,HO
https://en.asiangames2018.id/athletes/athlete/CHAN-Yuk-Fung-Angus-3027044/,CHAN Yuk Fung Angus,Yuk Fung Angus,Chan,"Hong Kong, China",HKG,Hockey,HO
https://en.asiangames2018.id/athletes/athlete/CHANG-Chiayi-3010022/,CHANG Chiayi,Chiayi,Chang,Chinese Taipei,TPE,Hockey,HO
https://en.asiangames2018.id/athletes/athlete/CHAYAN-Md-Mamunur-Rahman-3011095/,CHAYAN Md Mamunur Rahman,Md Mamunur Rahman,Chayan,Bangladesh,BAN,Hockey,HO
https://en.asiangames2018.id/athletes/athlete/CHEN-Tsaiyu-3010357/,CHEN Tsaiyu,Tsaiyu,Chen,Chinese Taipei,TPE,Hockey,HO
https://en.asiangames2018.id/athletes/athlete/CHEN-Yang-3010374/,CHEN Yang,YANG,CHEN,China,CHN,Hockey,HO
https://en.asiangames2018.id/athletes/athlete/CHEN-Yi-3010363/,CHEN Yi,Yi,Chen,China,CHN,Hockey,HO
https://en.asiangames2018.id/athletes/athlete/CHEN-Yi-3010665/,CHEN Yi,Yi,Chen,China,CHN,Hockey,HO
https://en.asiangames2018.id/athletes/athlete/CHEN-Yingli-3010028/,CHEN Yingli,Yingli,Chen,Chinese Taipei,TPE,Hockey,HO
https://en.asiangames2018.id/athletes/athlete/CHENG-Ilun-3010009/,CHENG Ilun,Ilun,Cheng,Chinese Taipei,TPE,Hockey,HO
https://en.asiangames2018.id/athletes/athlete/CHENG-Yuen-Yee-Melvina-3027074/,CHENG Yuen Yee Melvina,Yuen Yee Melvina,Cheng,"Hong Kong, China",HKG,Hockey,HO
https://en.asiangames2018.id/athletes/athlete/CHEON-Seulki-3016407/,CHEON Seulki,Seulki,Cheon,Republic of Korea,KOR,Hockey,HO
https://en.asiangames2018.id/athletes/athlete/CHEPKASSOVA-Alissa-3021248/,CHEPKASSOVA Alissa,Alissa,Chepkassova,Kazakhstan,KAZ,Hockey,HO
https://en.asiangames2018.id/athletes/athlete/CHEUNG-Evelyn-Hok-Yee-3027075/,CHEUNG Evelyn Hok Yee,Evelyn Hok Yee,Cheung,"Hong Kong, China",HKG,Hockey,HO
https://en.asiangames2018.id/athletes/athlete/CHIU-Olivia-O-Yuk-3027077/,CHIU Olivia O Yuk,Olivia O Yuk,Chiu,"Hong Kong, China",HKG,Hockey,HO
https://en.asiangames2018.id/athletes/athlete/CHIU-Patricia-O-Bik-3027076/,CHIU Patricia O-Bik,Patricia O-Bik,Chiu,"Hong Kong, China",HKG,Hockey,HO
https://en.asiangames2018.id/athletes/athlete/CHO-Eunji-3016336/,CHO Eunji,Eunji,Cho,Republic of Korea,KOR,Hockey,HO
https://en.asiangames2018.id/athletes/athlete/CHO-Hyejin-3016414/,CHO Hyejin,Hyejin,Cho,Republic of Korea,KOR,Hockey,HO
https://en.asiangames2018.id/athletes/athlete/CHO-Yunkyoung-3016331/,CHO Yunkyoung,Yunkyoung,Cho,Republic of Korea,KOR,Hockey,HO
https://en.asiangames2018.id/athletes/athlete/CHOI-Suji-3016322/,CHOI Suji,Suji,Choi,Republic of Korea,KOR,Hockey,HO
https://en.asiangames2018.id/athletes/athlete/CHUEN-Kwun-Wa-3027045/,CHUEN Kwun Wa,Kwun Wa,Chuen,"Hong Kong, China",HKG,Hockey,HO
https://en.asiangames2018.id/athletes/athlete/CHUEN-Sze-Sze-3027079/,CHUEN Sze Sze,Sze Sze,Chuen,"Hong Kong, China",HKG,Hockey,HO
https://en.asiangames2018.id/athletes/athlete/CHUNG-Yan-Chun-Michael-3027046/,CHUNG Yan Chun Michael,Yan Chun Michael,Chung,"Hong Kong, China",HKG,Hockey,HO
https://en.asiangames2018.id/athletes/athlete/CUI-Qiuxia-3010366/,CUI Qiuxia,Qiuxia,Cui,China,CHN,Hockey,HO
https://en.asiangames2018.id/athletes/athlete/DAN-Wen-3010379/,DAN Wen,Wen,Dan,China,CHN,Hockey,HO
https://en.asiangames2018.id/athletes/athlete/de-Jiaojiao-3010389/,de Jiaojiao,Jiaojiao,de,China,CHN,Hockey,HO
https://en.asiangames2018.id/athletes/athlete/DEEPIKA-3000562/,DEEPIKA,,DEEPIKA,India,IND,Hockey,HO
https://en.asiangames2018.id/athletes/athlete/DEEPIKA-3000634/,DEEPIKA,,Deepika,India,IND,Hockey,HO
https://en.asiangames2018.id/athletes/athlete/DHARMARATHNE-Meegahamulla-Gedara-H-3029805/,DHARMARATHNE Meegahamulla Gedara H.,Meegahamulla Gedara Harindra P,Dharmarathne,Sri Lanka,SRI,Hockey,HO
https://en.asiangames2018.id/athletes/athlete/DILBER-Muhammad-3016411/,DILBER Muhammad,Muhammad,Dilber,Pakistan,PAK,Hockey,HO
https://en.asiangames2018.id/athletes/athlete/DOBRIOGLO-Irina-3021251/,DOBRIOGLO Irina,Irina,Dobrioglo,Kazakhstan,KAZ,Hockey,HO
https://en.asiangames2018.id/athletes/athlete/DOMASHNEVA-Vera-3021258/,DOMASHNEVA Vera,Vera,Domashneva,Kazakhstan,KAZ,Hockey,HO
https://en.asiangames2018.id/athletes/athlete/DON-ABRAHAM-Dinesh-Maduranga-W-3029815/,DON ABRAHAM Dinesh Maduranga W.,Dinesh Maduranga Wijesinghe,Don Abraham,Sri Lanka,SRI,Hockey,HO
https://en.asiangames2018.id/athletes/athlete/DORANEGALA-RANASINGHE-MUD-I-K-J-3029816/,DORANEGALA RANASINGHE MUD I. K. J.,Ishanka Kumara Jayasundara,Doranegala Ranasinghe Mudiyans,Sri Lanka,SRI,Hockey,HO
https://en.asiangames2018.id/athletes/athlete/DOUNGSUDA-Onuma-3021530/,DOUNGSUDA Onuma,Onuma,Doungsuda,Thailand,THA,Hockey,HO
https://en.asiangames2018.id/athletes/athlete/DWI-PERMANA-Dea-3027787/,DWI PERMANA Dea,Dea,Dwi Permana,Indonesia,INA,Hockey,HO
https://en.asiangames2018.id/athletes/athlete/DYUSSEBEKOV-Yerkebulan-3030294/,DYUSSEBEKOV Yerkebulan,Yerkebulan,Dyussebekov,Kazakhstan,KAZ,Hockey,HO
https://en.asiangames2018.id/athletes/athlete/EFENDI-Jerry-3027794/,EFENDI Jerry,Jerry,Efendi,Indonesia,INA,Hockey,HO
https://en.asiangames2018.id/athletes/athlete/EKKA-Deep-Grace-3000551/,EKKA Deep Grace,Deep Grace,Ekka,India,IND,Hockey,HO
https://en.asiangames2018.id/athletes/athlete/EL-ISLANY-Annur-Amalia-3027820/,EL ISLANY Annur Amalia,Annur Amalia,El Islany,Indonesia,INA,Hockey,HO
https://en.asiangames2018.id/athletes/athlete/EMON-Md-Deen-Islam-3011450/,EMON Md Deen Islam,MD DEEN ISLAM,EMON,Bangladesh,BAN,Hockey,HO
https://en.asiangames2018.id/athletes/athlete/ETIMARPU-Rajani-3000549/,ETIMARPU Rajani,Rajani,Etimarpu,India,IND,Hockey,HO
https://en.asiangames2018.id/athletes/athlete/FERIANA-Feriana-3027829/,FERIANA Feriana,Feriana,Feriana,Indonesia,INA,Hockey,HO
https://en.asiangames2018.id/athletes/athlete/FERNANDO-W-Weerakonda-Arachchige-P-3029810/,FERNANDO W Weerakonda Arachchige P,W Weerakonda Arachchige Pramud,Fernando,Sri Lanka,SRI,Hockey,HO
https://en.asiangames2018.id/athletes/athlete/FLORENTINA-Selly-Amalia-3027817/,FLORENTINA Selly Amalia,Selly Amalia,Florentina,Indonesia,INA,Hockey,HO
https://en.asiangames2018.id/athletes/athlete/FUKUDA-Kentaro-3006697/,FUKUDA Kentaro,Kentaro,Fukuda,Japan,JPN,Hockey,HO
https://en.asiangames2018.id/athletes/athlete/GATAULINA-Natalya-3021255/,GATAULINA Natalya,Natalya,Gataulina,Kazakhstan,KAZ,Hockey,HO
https://en.asiangames2018.id/athletes/athlete/GOPE-Asim-3011097/,GOPE Asim,Asim,Gope,Bangladesh,BAN,Hockey,HO
https://en.asiangames2018.id/athletes/athlete/GOYAL-Neha-3000577/,GOYAL Neha,Neha,Goyal,India,IND,Hockey,HO
https://en.asiangames2018.id/athletes/athlete/GU-Bingfeng-3010396/,GU Bingfeng,Bingfeng,Gu,China,CHN,Hockey,HO
https://en.asiangames2018.id/athletes/athlete/GUNAWARDANA-Tharanga-3030557/,GUNAWARDANA Tharanga,Tharanga,Gunawardana,Sri Lanka,SRI,Hockey,HO
https://en.asiangames2018.id/athletes/athlete/GURDIP-SINGH-Kirandeep-Kaur-3030495/,GURDIP SINGH Kirandeep Kaur,Kirandeep Kaur,Gurdip Singh,Malaysia,MAS,Hockey,HO
https://en.asiangames2018.id/athletes/athlete/HAKIM-Wahid-3027799/,HAKIM Wahid,Wahid,Hakim,Indonesia,INA,Hockey,HO
https://en.asiangames2018.id/athletes/athlete/HARAPAN-Borirak-3021426/,HARAPAN Borirak,Borirak,Harapan,Thailand,THA,Hockey,HO
https://en.asiangames2018.id/athletes/athlete/HASAN-Md-Imran-3029028/,HASAN Md Imran,Md Imran,Hasan,Bangladesh,BAN,Hockey,HO
https://en.asiangames2018.id/athletes/athlete/HASAN-Meor-Muhamad-Azuan-3004434/,HASAN Meor Muhamad Azuan,Meor Muhamad Azuan,Hasan,Malaysia,MAS,Hockey,HO
https://en.asiangames2018.id/athletes/athlete/HASSAN-Muhammad-Azri-3004428/,HASSAN Muhammad Azri,Muhammad Azri,Hassan,Malaysia,MAS,Hockey,HO
https://en.asiangames2018.id/athletes/athlete/HE-Jiangxin-3010421/,HE Jiangxin,Jiangxin,He,China,CHN,Hockey,HO
https://en.asiangames2018.id/athletes/athlete/HENDENIYA-MUDIYANSELAGE-P-K-H-3029803/,HENDENIYA MUDIYANSELAGE P. K. H.,Pushpa Kumara Hendeniya,Hendeniya Mudiyanselage,Sri Lanka,SRI,Hockey,HO
https://en.asiangames2018.id/athletes/athlete/HENDENIYA-MUDIYANSELAGE-T-K-H-3029804/,HENDENIYA MUDIYANSELAGE T. K. H.,Tharindu Kumara Hendeniya,Hendeniya Mudiyanselage,Sri Lanka,SRI,Hockey,HO
https://en.asiangames2018.id/athletes/athlete/HO-Ching-Yin-3027047/,HO Ching Yin,Ching Yin,Ho,"Hong Kong, China",HKG,Hockey,HO
https://en.asiangames2018.id/athletes/athlete/HO-Ka-Yan-Weeraya-3027081/,HO Ka Yan Weeraya,Ka Yan Weeraya,Ho,"Hong Kong, China",HKG,Hockey,HO
https://en.asiangames2018.id/athletes/athlete/HONG-Doopyo-3016480/,HONG Doopyo,Doopyo,Hong,Republic of Korea,KOR,Hockey,HO
https://en.asiangames2018.id/athletes/athlete/HONG-Ka-Man-Carmen-3027083/,HONG Ka Man Carmen,Ka Man Carmen,Hong,"Hong Kong, China",HKG,Hockey,HO
https://en.asiangames2018.id/athletes/athlete/HOSHI-Kimika-3025646/,HOSHI Kimika,Kimika,Hoshi,Japan,JPN,Hockey,HO
https://en.asiangames2018.id/athletes/athlete/HOSHI-Suguru-3006659/,HOSHI Suguru,Suguru,Hoshi,Japan,JPN,Hockey,HO
https://en.asiangames2018.id/athletes/athlete/HOSSAIN-Md-Milon-3011504/,HOSSAIN Md Milon,Md Milon,Hossain,Bangladesh,BAN,Hockey,HO
https://en.asiangames2018.id/athletes/athlete/HOSSAIN-Md-Sarower-3011142/,HOSSAIN Md Sarower,Md Sarower,Hossain,Bangladesh,BAN,Hockey,HO
https://en.asiangames2018.id/athletes/athlete/HOSSAIN-Mohammad-Arshad-3029027/,HOSSAIN Mohammad Arshad,Mohammad Arshad,Hossain,Bangladesh,BAN,Hockey,HO
https://en.asiangames2018.id/athletes/athlete/HWANG-Hyeona-3016421/,HWANG Hyeona,Hyeona,Hwang,Republic of Korea,KOR,Hockey,HO
https://en.asiangames2018.id/athletes/athlete/HWANG-Taeil-3016462/,HWANG Taeil,Taeil,Hwang,Republic of Korea,KOR,Hockey,HO
https://en.asiangames2018.id/athletes/athlete/HWANG-Weonki-3016512/,HWANG Weonki,Weonki,Hwang,Republic of Korea,KOR,Hockey,HO
https://en.asiangames2018.id/athletes/athlete/INPA-Jenjira-3021534/,INPA Jenjira,Jenjira,Inpa,Thailand,THA,Hockey,HO
https://en.asiangames2018.id/athletes/athlete/INTANI-Norrawich-3021424/,INTANI Norrawich,Norrawich,Intani,Thailand,THA,Hockey,HO
https://en.asiangames2018.id/athletes/athlete/IRFAN-Muhammad-3016443/,IRFAN Muhammad,MUHAMMAD,IRFAN,Pakistan,PAK,Hockey,HO
https://en.asiangames2018.id/athletes/athlete/IRFAN-Muhammad-3016436/,IRFAN Muhammad,Muhammad,Irfan,Pakistan,PAK,Hockey,HO
https://en.asiangames2018.id/athletes/athlete/ISHIBASHI-Yui-3025649/,ISHIBASHI Yui,Yui,Ishibashi,Japan,JPN,Hockey,HO
https://en.asiangames2018.id/athletes/athlete/ISLAM-Mohammad-Ashraful-3011535/,ISLAM Mohammad Ashraful,Mohammad Ashraful,Islam,Bangladesh,BAN,Hockey,HO
https://en.asiangames2018.id/athletes/athlete/ISLAM-Mohammad-Mainul-3011139/,ISLAM Mohammad Mainul,Mohammad Mainul,Islam,Bangladesh,BAN,Hockey,HO
https://en.asiangames2018.id/athletes/athlete/IU-Felix-Chi-Him-3027048/,IU Felix Chi Him,Felix Chi Him,Iu,"Hong Kong, China",HKG,Hockey,HO
https://en.asiangames2018.id/athletes/athlete/JALI-Faiz-Helmi-3017282/,JALI Faiz Helmi,Faiz Helmi,Jali,Malaysia,MAS,Hockey,HO
https://en.asiangames2018.id/athletes/athlete/JANG-Heesun-3016364/,JANG Heesun,Heesun,Jang,Republic of Korea,KOR,Hockey,HO
https://en.asiangames2018.id/athletes/athlete/JANG-Jonghyun-3016546/,JANG Jonghyun,Jonghyun,Jang,Republic of Korea,KOR,Hockey,HO
https://en.asiangames2018.id/athletes/athlete/JANG-Sooji-3016435/,JANG Sooji,Sooji,Jang,Republic of Korea,KOR,Hockey,HO
https://en.asiangames2018.id/athletes/athlete/JAZLAN-Muhammad-Najmi-Farizal-3004439/,JAZLAN Muhammad Najmi Farizal,MUHAMMAD NAJMI FARIZAL,JAZLAN,Malaysia,MAS,Hockey,HO
https://en.asiangames2018.id/athletes/athlete/JAZLAN-Najni-5255001/,JAZLAN Najni,Najni,Jazlan,Malaysia,MAS,Hockey,HO
https://en.asiangames2018.id/athletes/athlete/JEONG-Junwoo-3016514/,JEONG Junwoo,Junwoo,Jeong,Republic of Korea,KOR,Hockey,HO
https://en.asiangames2018.id/athletes/athlete/JONGJUM-Suriphong-3021404/,JONGJUM Suriphong,Suriphong,Jongjum,Thailand,THA,Hockey,HO
https://en.asiangames2018.id/athletes/athlete/JUARSYI-Ira-Febrianti-3027821/,JUARSYI Ira Febrianti,Ira Febrianti,Juarsyi,Indonesia,INA,Hockey,HO
https://en.asiangames2018.id/athletes/athlete/JUBAIR-Md-Hasan-3011098/,JUBAIR Md Hasan,MD HASAN,JUBAIR,Bangladesh,BAN,Hockey,HO
https://en.asiangames2018.id/athletes/athlete/JUNG-Manjae-3016510/,JUNG Manjae,Manjae,Jung,Republic of Korea,KOR,Hockey,HO
https://en.asiangames2018.id/athletes/athlete/JUNTAKIAN-Tanakit-3021435/,JUNTAKIAN Tanakit,Tanakit,Juntakian,Thailand,THA,Hockey,HO
https://en.asiangames2018.id/athletes/athlete/JUTAWIJITTAM-Nasha-3021537/,JUTAWIJITTAM Nasha,Nasha,Jutawijittam,Thailand,THA,Hockey,HO
https://en.asiangames2018.id/athletes/athlete/KADARISMA-Sismya-3027825/,KADARISMA Sismya,Sismya,Kadarisma,Indonesia,INA,Hockey,HO
https://en.asiangames2018.id/athletes/athlete/KAGEYAMA-Megumi-3025650/,KAGEYAMA Megumi,Megumi,Kageyama,Japan,JPN,Hockey,HO
https://en.asiangames2018.id/athletes/athlete/KAMARUZZAMAN-AHM-3029029/,KAMARUZZAMAN A.H.M.,A.H.M.,Kamaruzzaman,Bangladesh,BAN,Hockey,HO
https://en.asiangames2018.id/athletes/athlete/KAMPANTHONG-Thanop-3021408/,KAMPANTHONG Thanop,Thanop,Kampanthong,Thailand,THA,Hockey,HO
https://en.asiangames2018.id/athletes/athlete/KANGUJAM-Chinglensana-Singh-3000366/,KANGUJAM Chinglensana Singh,Chinglensana Singh,Kangujam,India,IND,Hockey,HO
https://en.asiangames2018.id/athletes/athlete/KARINO-Mami-3025652/,KARINO Mami,Mami,Karino,Japan,JPN,Hockey,HO
https://en.asiangames2018.id/athletes/athlete/KARUNAMUNIGE-Nalantha-Demian-de-S-3029812/,KARUNAMUNIGE Nalantha Demian de S.,Nalantha Demian de Silva,Karunamunige,Sri Lanka,SRI,Hockey,HO
https://en.asiangames2018.id/athletes/athlete/KASSUMOVA-Karina-3021252/,KASSUMOVA Karina,Karina,Kassumova,Kazakhstan,KAZ,Hockey,HO
https://en.asiangames2018.id/athletes/athlete/KATARIYA-Vandana-3000583/,KATARIYA Vandana,Vandana,Katariya,India,IND,Hockey,HO
https://en.asiangames2018.id/athletes/athlete/KATO-Akiko-3025653/,KATO Akiko,Akiko,Kato,Japan,JPN,Hockey,HO
https://en.asiangames2018.id/athletes/athlete/KAUR-Gurjit-3000554/,KAUR Gurjit ,Gurjit ,Kaur,India,IND,Hockey,HO
https://en.asiangames2018.id/athletes/athlete/KAUR-Navjot-3000566/,KAUR Navjot ,Navjot ,Kaur,India,IND,Hockey,HO
https://en.asiangames2018.id/athletes/athlete/KAUR-Navneet-3000593/,KAUR Navneet ,Navneet ,Kaur,India,IND,Hockey,HO
https://en.asiangames2018.id/athletes/athlete/KAWAMURA-Motomi-3025654/,KAWAMURA Motomi,Motomi,Kawamura,Japan,JPN,Hockey,HO
https://en.asiangames2018.id/athletes/athlete/KBAREK-Olevia-3027823/,KBAREK Olevia,Olevia,Kbarek,Indonesia,INA,Hockey,HO
https://en.asiangames2018.id/athletes/athlete/KHAIRUSHEVA-Dilnaz-3021263/,KHAIRUSHEVA Dilnaz,Dilnaz,Khairusheva,Kazakhstan,KAZ,Hockey,HO
https://en.asiangames2018.id/athletes/athlete/KHAMKONG-Ratthawit-3021414/,KHAMKONG Ratthawit,Ratthawit,Khamkong,Thailand,THA,Hockey,HO
https://en.asiangames2018.id/athletes/athlete/KHAMWONG-Wallop-3021427/,KHAMWONG Wallop,Wallop,Khamwong,Thailand,THA,Hockey,HO
https://en.asiangames2018.id/athletes/athlete/KHISA-Pushkor-3011102/,KHISA Pushkor,Pushkor,Khisa,Bangladesh,BAN,Hockey,HO
https://en.asiangames2018.id/athletes/athlete/KHOKHAR-Reena-3000585/,KHOKHAR Reena,Reena,Khokhar,India,IND,Hockey,HO
https://en.asiangames2018.id/athletes/athlete/KIM-Bomi-3016378/,KIM Bomi,Bomi,Kim,Republic of Korea,KOR,Hockey,HO
https://en.asiangames2018.id/athletes/athlete/KIM-Hyeongjin-3016532/,KIM Hyeongjin,Hyeongjin,Kim,Republic of Korea,KOR,Hockey,HO
https://en.asiangames2018.id/athletes/athlete/KIM-Junghoo-3016520/,KIM Junghoo,Junghoo,Kim,Republic of Korea,KOR,Hockey,HO
https://en.asiangames2018.id/athletes/athlete/KIM-Kihoon-3016530/,KIM Kihoon,Kihoon,Kim,Republic of Korea,KOR,Hockey,HO
https://en.asiangames2018.id/athletes/athlete/KIM-Okju-3016399/,KIM Okju,Okju,Kim,Republic of Korea,KOR,Hockey,HO
https://en.asiangames2018.id/athletes/athlete/KIM-Seongkyu-3016455/,KIM Seongkyu,Seongkyu,Kim,Republic of Korea,KOR,Hockey,HO
https://en.asiangames2018.id/athletes/athlete/KIM-Sungyeob-3016538/,KIM Sungyeob,Sungyeob,Kim,Republic of Korea,KOR,Hockey,HO
https://en.asiangames2018.id/athletes/athlete/KIM-Youngran-3016307/,KIM Youngran,Youngran,Kim,Republic of Korea,KOR,Hockey,HO
https://en.asiangames2018.id/athletes/athlete/KIRISHITA-Yoshiki-3006640/,KIRISHITA Yoshiki,Yoshiki,Kirishita,Japan,JPN,Hockey,HO
https://en.asiangames2018.id/athletes/athlete/KITAZATO-Kenji-3006644/,KITAZATO Kenji,Kenji,Kitazato,Japan,JPN,Hockey,HO
https://en.asiangames2018.id/athletes/athlete/KOISHYBEK-Nagima-3021254/,KOISHYBEK Nagima,Nagima,Koishybek,Kazakhstan,KAZ,Hockey,HO
https://en.asiangames2018.id/athletes/athlete/KONTHONG-Suwapat-3021535/,KONTHONG Suwapat,Suwapat,Konthong,Thailand,THA,Hockey,HO
https://en.asiangames2018.id/athletes/athlete/KOZHYM-Nurbol-3030305/,KOZHYM Nurbol,Nurbol,Kozhym,Kazakhstan,KAZ,Hockey,HO
https://en.asiangames2018.id/athletes/athlete/KRISTIANTO-Lexy-3027795/,KRISTIANTO Lexy,Lexy,Kristianto,Indonesia,INA,Hockey,HO
https://en.asiangames2018.id/athletes/athlete/KUDAIBERGEN-Adilzhan-3030304/,KUDAIBERGEN Adilzhan,Adilzhan,Kudaibergen,Kazakhstan,KAZ,Hockey,HO
https://en.asiangames2018.id/athletes/athlete/KULATHUNGA-MUDIYANSELAGE-R-D-K-3029806/,KULATHUNGA MUDIYANSELAGE R. D. K.,Rajitha Dilan Kulathunga,Kulathunga Mudiyanselage,Sri Lanka,SRI,Hockey,HO
https://en.asiangames2018.id/athletes/athlete/KUMAR-Surender-3000474/,KUMAR Surender ,Surender ,Kumar,India,IND,Hockey,HO
https://en.asiangames2018.id/athletes/athlete/KUMAR-Varun-3000476/,KUMAR Varun ,Varun ,Kumar,India,IND,Hockey,HO
https://en.asiangames2018.id/athletes/athlete/KWOK-Chun-Ting-Davis-3027052/,KWOK Chun Ting Davis,Chun Ting Davis,Kwok,"Hong Kong, China",HKG,Hockey,HO
https://en.asiangames2018.id/athletes/athlete/LAKRA-Birendra-3000363/,LAKRA Birendra,Birendra,Lakra,India,IND,Hockey,HO
https://en.asiangames2018.id/athletes/athlete/LAKRA-Sunita-3000553/,LAKRA Sunita,Sunita,Lakra,India,IND,Hockey,HO
https://en.asiangames2018.id/athletes/athlete/LALREMSIAMI-3000590/,LALREMSIAMI,,Lalremsiami,India,IND,Hockey,HO
https://en.asiangames2018.id/athletes/athlete/LAU-Pui-Sze-3027086/,LAU Pui Sze,Pui Sze,Lau,"Hong Kong, China",HKG,Hockey,HO
https://en.asiangames2018.id/athletes/athlete/LAW-Ka-Mun-Melissa-3027087/,LAW Ka Mun Melissa,Ka Mun Melissa,Law,"Hong Kong, China",HKG,Hockey,HO
https://en.asiangames2018.id/athletes/athlete/LEE-Daeyeol-3016544/,LEE Daeyeol,Daeyeol,Lee,Republic of Korea,KOR,Hockey,HO
https://en.asiangames2018.id/athletes/athlete/LEE-Jungjun-3016460/,LEE Jungjun,Jungjun,Lee,Republic of Korea,KOR,Hockey,HO
https://en.asiangames2018.id/athletes/athlete/LEE-Seunghoon-3016541/,LEE Seunghoon,Seunghoon,Lee,Republic of Korea,KOR,Hockey,HO
https://en.asiangames2018.id/athletes/athlete/LEE-Seyoung-3016524/,LEE Seyoung,Seyoung,Lee,Republic of Korea,KOR,Hockey,HO
https://en.asiangames2018.id/athletes/athlete/LEE-Youngsil-3016403/,LEE Youngsil,Youngsil,Lee,Republic of Korea,KOR,Hockey,HO
https://en.asiangames2018.id/athletes/athlete/LEE-Yuri-3016348/,LEE Yuri,Yuri,Lee,Republic of Korea,KOR,Hockey,HO
https://en.asiangames2018.id/athletes/athlete/LEE-Yurim-3016345/,LEE Yurim,Yurim,Lee,Republic of Korea,KOR,Hockey,HO
https://en.asiangames2018.id/athletes/athlete/LI-Dongxiao-3010424/,LI Dongxiao,DONGXIAO,LI,China,CHN,Hockey,HO
https://en.asiangames2018.id/athletes/athlete/LI-Hong-3010429/,LI Hong,Hong,Li,China,CHN,Hockey,HO
https://en.asiangames2018.id/athletes/athlete/LI-Jiaqi-3010449/,LI Jiaqi,Jiaqi,Li,China,CHN,Hockey,HO
https://en.asiangames2018.id/athletes/athlete/LIANG-Meiyu-3010463/,LIANG Meiyu,Meiyu,Liang,China,CHN,Hockey,HO
https://en.asiangames2018.id/athletes/athlete/LIAO-Peishan-3010018/,LIAO Peishan,Peishan,Liao,Chinese Taipei,TPE,Hockey,HO
https://en.asiangames2018.id/athletes/athlete/LIN-Chiajung-3010358/,LIN Chiajung,Chiajung,Lin,Chinese Taipei,TPE,Hockey,HO
https://en.asiangames2018.id/athletes/athlete/LIN-Tingyun-3010005/,LIN Tingyun,Tingyun,Lin,Chinese Taipei,TPE,Hockey,HO
https://en.asiangames2018.id/athletes/athlete/LIPUNOVA-Alexandra-3021245/,LIPUNOVA Alexandra,Alexandra,Lipunova,Kazakhstan,KAZ,Hockey,HO
https://en.asiangames2018.id/athletes/athlete/LISPA-Lispa-3027836/,LISPA Lispa,Lispa,Lispa,Indonesia,INA,Hockey,HO
https://en.asiangames2018.id/athletes/athlete/LIU-Kuanyu-3010034/,LIU Kuanyu,Kuanyu,Liu,Chinese Taipei,TPE,Hockey,HO
https://en.asiangames2018.id/athletes/athlete/LIU-Liyen-3010008/,LIU Liyen,Liyen,Liu,Chinese Taipei,TPE,Hockey,HO
https://en.asiangames2018.id/athletes/athlete/LO-I-Ka-3027089/,LO I Ka,I Ka,Lo,"Hong Kong, China",HKG,Hockey,HO
https://en.asiangames2018.id/athletes/athlete/LYAPINA-Viktoriya-3021259/,LYAPINA Viktoriya,Viktoriya,Lyapina,Kazakhstan,KAZ,Hockey,HO
https://en.asiangames2018.id/athletes/athlete/MADIYAROV-Meiirbek-3030310/,MADIYAROV Meiirbek,Meiirbek,Madiyarov,Kazakhstan,KAZ,Hockey,HO
https://en.asiangames2018.id/athletes/athlete/MAHABADUGE-Chamilka-Rukshan-3029817/,MAHABADUGE Chamilka Rukshan,Chamilka Rukshan,Mahabaduge,Sri Lanka,SRI,Hockey,HO
https://en.asiangames2018.id/athletes/athlete/MAHD-SUKRI-Fatin-Shafika-3005533/,MAHD SUKRI Fatin Shafika,Fatin Shafika,Mahd Sukri,Malaysia,MAS,Hockey,HO
https://en.asiangames2018.id/athletes/athlete/MAHMOOD-Abu-Bakar-3016325/,MAHMOOD Abu Bakar,Abu Bakar,Mahmood,Pakistan,PAK,Hockey,HO
https://en.asiangames2018.id/athletes/athlete/MAHMUD-Rashel-3011512/,MAHMUD Rashel,Rashel,Mahmud,Bangladesh,BAN,Hockey,HO
https://en.asiangames2018.id/athletes/athlete/MAHNOOD-Irfan-5255003/,MAHNOOD Irfan,Irfan,Mahnood,Pakistan,PAK,Hockey,HO
https://en.asiangames2018.id/athletes/athlete/MAKHARTI-Tiffani-Satya-3027826/,MAKHARTI Tiffani Satya,Tiffani Satya,Makharti,Indonesia,INA,Hockey,HO
https://en.asiangames2018.id/athletes/athlete/MALEGODA-GAMAGE-Sanjeewe-3029807/,MALEGODA  GAMAGE Sanjeewe,Sanjeewe,Malegoda  Gamage,Sri Lanka,SRI,Hockey,HO
https://en.asiangames2018.id/athletes/athlete/MANEEPURA-Mutmee-3021502/,MANEEPURA Mutmee,Mutmee,Maneepura,Thailand,THA,Hockey,HO
https://en.asiangames2018.id/athletes/athlete/MANIKDURA-Chandana-5255006/,MANIKDURA Chandana,Chandana,Manikdura,Sri Lanka,SRI,Hockey,HO
https://en.asiangames2018.id/athletes/athlete/MANIKDURA-GEDRA-Chandana-C-C-3029941/,MANIKDURA GEDRA Chandana C. C.,CHANDANA CHATHURANGA CHANDRASE,MANIKDURA GEDRA,Sri Lanka,SRI,Hockey,HO
https://en.asiangames2018.id/athletes/athlete/MANO-Yukari-3025657/,MANO Yukari,Yukari,Mano,Japan,JPN,Hockey,HO
https://en.asiangames2018.id/athletes/athlete/MANZOOR-Junaid-3016366/,MANZOOR Junaid,Junaid,Manzoor,Pakistan,PAK,Hockey,HO
https://en.asiangames2018.id/athletes/athlete/MASEELA-Nisman-3021413/,MASEELA Nisman,Nisman,Maseela,Thailand,THA,Hockey,HO
https://en.asiangames2018.id/athletes/athlete/MASRIANA-Masriana-3027833/,MASRIANA Masriana,Masriana,Masriana,Indonesia,INA,Hockey,HO
https://en.asiangames2018.id/athletes/athlete/MAT-ISA-Nurul-Safiqah-3009623/,MAT ISA Nurul Safiqah,NURUL SAFIQAH,MAT ISA,Malaysia,MAS,Hockey,HO
https://en.asiangames2018.id/athletes/athlete/MD-ALI-Noor-Hasliza-3005550/,MD ALI Noor Hasliza,Noor Hasliza,Md Ali,Malaysia,MAS,Hockey,HO
https://en.asiangames2018.id/athletes/athlete/MD-AZIZ-Mas-Huzaimah-3005523/,MD AZIZ Mas Huzaimah,Mas Huzaimah,Md Aziz,Malaysia,MAS,Hockey,HO
https://en.asiangames2018.id/athletes/athlete/MD-SAIUTI-Wan-Norfaiezah-3005538/,MD SAIUTI Wan Norfaiezah,Wan Norfaiezah,Md Saiuti,Malaysia,MAS,Hockey,HO
https://en.asiangames2018.id/athletes/athlete/MEHMOOD-Rashid-3016523/,MEHMOOD Rashid,Rashid,Mehmood,Pakistan,PAK,Hockey,HO
https://en.asiangames2018.id/athletes/athlete/MELINDA-Melinda-3027822/,MELINDA Melinda,Melinda,Melinda,Indonesia,INA,Hockey,HO
https://en.asiangames2018.id/athletes/athlete/MINZ-Lilima-3000576/,MINZ Lilima,Lilima,Minz,India,IND,Hockey,HO
https://en.asiangames2018.id/athletes/athlete/MITANI-Genki-3006650/,MITANI Genki,Genki,Mitani,Japan,JPN,Hockey,HO
https://en.asiangames2018.id/athletes/athlete/MOHAMAD-DIN-Juliani-3005516/,MOHAMAD DIN Juliani,Juliani,Mohamad Din,Malaysia,MAS,Hockey,HO
https://en.asiangames2018.id/athletes/athlete/MOHD-ARSHAD-Muhammad-Amirol-Aideed-3004436/,MOHD ARSHAD Muhammad Amirol Aideed,Muhammad Amirol Aideed,Mohd Arshad,Malaysia,MAS,Hockey,HO
https://en.asiangames2018.id/athletes/athlete/MOHD-JALIL-Muhammad-Marhan-3004462/,MOHD JALIL Muhammad Marhan,Muhammad Marhan,Mohd Jalil,Malaysia,MAS,Hockey,HO
https://en.asiangames2018.id/athletes/athlete/MOHD-NOOR-Nabil-Fiqri-3004430/,MOHD NOOR Nabil Fiqri,Nabil Fiqri,Mohd Noor,Malaysia,MAS,Hockey,HO
https://en.asiangames2018.id/athletes/athlete/MOHD-ZAIN-Nur-Syafiqah-3005551/,MOHD ZAIN Nur Syafiqah,Nur Syafiqah,Mohd Zain,Malaysia,MAS,Hockey,HO
https://en.asiangames2018.id/athletes/athlete/MONIKA-3000575/,MONIKA,,Monika,India,IND,Hockey,HO
https://en.asiangames2018.id/athletes/athlete/MONTHONG-Windfall-Wing-Fung-3027056/,MONTHONG Windfall Wing Fung,Windfall Wing Fung,Monthong,"Hong Kong, China",HKG,Hockey,HO
https://en.asiangames2018.id/athletes/athlete/MOUNTAIN-Katherine-Sarah-3027101/,MOUNTAIN Katherine Sarah,Katherine Sarah,Mountain,"Hong Kong, China",HKG,Hockey,HO
https://en.asiangames2018.id/athletes/athlete/MUKASHEVA-Assel-3021261/,MUKASHEVA Assel,Assel,Mukasheva,Kazakhstan,KAZ,Hockey,HO
https://en.asiangames2018.id/athletes/athlete/MUKHAMADIYEV-Nurzhan-3030299/,MUKHAMADIYEV Nurzhan,Nurzhan,Mukhamadiyev,Kazakhstan,KAZ,Hockey,HO
https://en.asiangames2018.id/athletes/athlete/MULIA-Hendri-3027791/,MULIA Hendri,Hendri,Mulia,Indonesia,INA,Hockey,HO
https://en.asiangames2018.id/athletes/athlete/MURATA-Kazuma-3006681/,MURATA Kazuma,Kazuma,Murata,Japan,JPN,Hockey,HO
https://en.asiangames2018.id/athletes/athlete/NAGAI-Hazuki-3030135/,NAGAI Hazuki,Hazuki,Nagai,Japan,JPN,Hockey,HO
https://en.asiangames2018.id/athletes/athlete/NAGAI-Yuri-3025660/,NAGAI Yuri,Yuri,Nagai,Japan,JPN,Hockey,HO
https://en.asiangames2018.id/athletes/athlete/NAITO-Natsuki-3025661/,NAITO Natsuki,Natsuki,Naito,Japan,JPN,Hockey,HO
https://en.asiangames2018.id/athletes/athlete/NAKPOLKRUNG-Kanyanat-3021369/,NAKPOLKRUNG Kanyanat,Kanyanat,Nakpolkrung,Thailand,THA,Hockey,HO
https://en.asiangames2018.id/athletes/athlete/NARUEANGRAM-Alisa-3021326/,NARUEANGRAM Alisa,Alisa,Narueangram,Thailand,THA,Hockey,HO
https://en.asiangames2018.id/athletes/athlete/NAZAR-Diana-Erviani-3027837/,NAZAR Diana Erviani,Diana Erviani,Nazar,Indonesia,INA,Hockey,HO
https://en.asiangames2018.id/athletes/athlete/NGAN-Yuet-3027091/,NGAN Yuet,Yuet,Ngan,"Hong Kong, China",HKG,Hockey,HO
https://en.asiangames2018.id/athletes/athlete/NIK-ROZEMI-Nik-Muhammad-Aiman-3004460/,NIK ROZEMI Nik Muhammad Aiman,Nik Muhammad Aiman,Nik Rozemi,Malaysia,MAS,Hockey,HO
https://en.asiangames2018.id/athletes/athlete/NISHIKORI-Emi-3025662/,NISHIKORI Emi,Emi,Nishikori,Japan,JPN,Hockey,HO
https://en.asiangames2018.id/athletes/athlete/NUR-Anisa-3027830/,NUR Anisa,Anisa,Nur,Indonesia,INA,Hockey,HO
https://en.asiangames2018.id/athletes/athlete/NUR-HIKMAT-Ahmad-Fikri-3027786/,NUR HIKMAT Ahmad Fikri,Ahmad Fikri,Nur Hikmat,Indonesia,INA,Hockey,HO
https://en.asiangames2018.id/athletes/athlete/NURSILANOVA-Sabina-3021257/,NURSILANOVA Sabina,Sabina,Nursilanova,Kazakhstan,KAZ,Hockey,HO
https://en.asiangames2018.id/athletes/athlete/OCHIAI-Hiromasa-3006663/,OCHIAI Hiromasa,Hiromasa,Ochiai,Japan,JPN,Hockey,HO
https://en.asiangames2018.id/athletes/athlete/OHASHI-Masaki-3006620/,OHASHI Masaki,Masaki,Ohashi,Japan,JPN,Hockey,HO
https://en.asiangames2018.id/athletes/athlete/OIKAWA-Shihori-3025665/,OIKAWA Shihori,Shihori,Oikawa,Japan,JPN,Hockey,HO
https://en.asiangames2018.id/athletes/athlete/ONN-Hanis-Nadiah-3005544/,ONN Hanis Nadiah,Hanis Nadiah,Onn,Malaysia,MAS,Hockey,HO
https://en.asiangames2018.id/athletes/athlete/ONO-Mayumi-3025666/,ONO Mayumi,Mayumi,Ono,Japan,JPN,Hockey,HO
https://en.asiangames2018.id/athletes/athlete/ORTIKBOYEV-Elomon-3030309/,ORTIKBOYEV Elomon,Elomon,Ortikboyev,Kazakhstan,KAZ,Hockey,HO
https://en.asiangames2018.id/athletes/athlete/OTA-Akiko-3025667/,OTA Akiko,Akiko,Ota,Japan,JPN,Hockey,HO
https://en.asiangames2018.id/athletes/athlete/OU-Zixia-3010513/,OU Zixia,Zixia,Ou,China,CHN,Hockey,HO
https://en.asiangames2018.id/athletes/athlete/PANTHIE-GEDARA-Lahiru-Gihan-W-3029818/,PANTHIE GEDARA Lahiru Gihan W.,Lahiru Gihan Weerasooriya,Panthie Gedara,Sri Lanka,SRI,Hockey,HO
https://en.asiangames2018.id/athletes/athlete/PARATTU-RAVEENDRAN-Sreejesh-3000467/,PARATTU RAVEENDRAN Sreejesh,Sreejesh,Parattu Raveendran,India,IND,Hockey,HO
https://en.asiangames2018.id/athletes/athlete/PARK-Mihyun-3016311/,PARK Mihyun,Mihyun,Park,Republic of Korea,KOR,Hockey,HO
https://en.asiangames2018.id/athletes/athlete/PARK-Seunga-3016352/,PARK Seunga,Seunga,Park,Republic of Korea,KOR,Hockey,HO
https://en.asiangames2018.id/athletes/athlete/PATHAK-Krishan-Bahadur-3000422/,PATHAK` Krishan Bahadur,Krishan Bahadur,Pathak`,India,IND,Hockey,HO
https://en.asiangames2018.id/athletes/athlete/PENG-Yang-3010527/,PENG Yang,Yang,Peng,China,CHN,Hockey,HO
https://en.asiangames2018.id/athletes/athlete/PHAKHUNTHOD-Sataporn-3021436/,PHAKHUNTHOD Sataporn,Sataporn,Phakhunthod,Thailand,THA,Hockey,HO
https://en.asiangames2018.id/athletes/athlete/PIRESRAM-Anongnat-3021504/,PIRESRAM Anongnat,Anongnat,Piresram,Thailand,THA,Hockey,HO
https://en.asiangames2018.id/athletes/athlete/PODOLYAKIN-Arsen-3030307/,PODOLYAKIN Arsen,Arsen,Podolyakin,Kazakhstan,KAZ,Hockey,HO
https://en.asiangames2018.id/athletes/athlete/PRADHAN-Nikki-3000561/,PRADHAN Nikki,Nikki,Pradhan,India,IND,Hockey,HO
https://en.asiangames2018.id/athletes/athlete/PRASAD-Vivek-Sagar-3000498/,PRASAD Vivek Sagar,Vivek Sagar,Prasad,India,IND,Hockey,HO
https://en.asiangames2018.id/athletes/athlete/PRASANPIM-Manassaree-3021498/,PRASANPIM Manassaree,Manassaree,Prasanpim,Thailand,THA,Hockey,HO
https://en.asiangames2018.id/athletes/athlete/PRASTYO-Alfandy-Aly-Surya-3027812/,PRASTYO Alfandy Aly Surya,Alfandy Aly Surya,Prastyo,Indonesia,INA,Hockey,HO
https://en.asiangames2018.id/athletes/athlete/QADIR-Muhammad-Arslan-3016389/,QADIR Muhammad Arslan,MUHAMMAD ARSLAN,QADIR,Pakistan,PAK,Hockey,HO
https://en.asiangames2018.id/athletes/athlete/QADIR-Muhammad-Faisal-3016423/,QADIR Muhammad Faisal,Muhammad Faisal,Qadir,Pakistan,PAK,Hockey,HO
https://en.asiangames2018.id/athletes/athlete/QUTHNI-Daarul-3027797/,QUTHNI Daarul,Daarul,Quthni,Indonesia,INA,Hockey,HO
https://en.asiangames2018.id/athletes/athlete/RABBY-Mohammad-Fazla-Hossain-3011560/,RABBY Mohammad Fazla Hossain,Mohammad Fazla Hossain,Rabby,Bangladesh,BAN,Hockey,HO
https://en.asiangames2018.id/athletes/athlete/RAHMAD-Astri-3027806/,RAHMAD Astri,Astri,Rahmad,Indonesia,INA,Hockey,HO
https://en.asiangames2018.id/athletes/athlete/RAHMAN-Md-Khorshadur-3011490/,RAHMAN Md Khorshadur,Md Khorshadur,Rahman,Bangladesh,BAN,Hockey,HO
https://en.asiangames2018.id/athletes/athlete/RAHMAN-Nanda-Ibnasia-3027804/,RAHMAN Nanda Ibnasia,Nanda Ibnasia,Rahman,Indonesia,INA,Hockey,HO
https://en.asiangames2018.id/athletes/athlete/RAHMATULLAH-Gamma-3027808/,RAHMATULLAH Gamma,Gamma,Rahmatullah,Indonesia,INA,Hockey,HO
https://en.asiangames2018.id/athletes/athlete/RAJA-SHABUDDIN-Raja-Norsharina-3005526/,RAJA SHABUDDIN Raja Norsharina,Raja Norsharina,Raja Shabuddin,Malaysia,MAS,Hockey,HO
https://en.asiangames2018.id/athletes/athlete/RAJAB-Basin-3030553/,RAJAB Basin,Basin,Rajab,Oman,OMA,Hockey,HO
https://en.asiangames2018.id/athletes/athlete/RANASINGHA-ARACHCHIGE-D-P-R-3029819/,RANASINGHA ARACHCHIGE D. P. R.,Dhammika Prabath Ranasingha,Ranasingha Arachchige,Sri Lanka,SRI,Hockey,HO
https://en.asiangames2018.id/athletes/athlete/RANI-3000582/,RANI,,Rani,India,IND,Hockey,HO
https://en.asiangames2018.id/athletes/athlete/RASOOL-Shafqat-3016535/,RASOOL Shafqat,Shafqat,Rasool,Pakistan,PAK,Hockey,HO
https://en.asiangames2018.id/athletes/athlete/RATHNAYAKE-MUDIYANSELAGE-A-S-3029820/,RATHNAYAKE MUDIYANSELAGE A. S.,Anuradha Suresh,Rathnayake Mudiyanselage,Sri Lanka,SRI,Hockey,HO
https://en.asiangames2018.id/athletes/athlete/RATHNAYAKE-MUDIYANSELAGE-G-S-A-3029821/,RATHNAYAKE MUDIYANSELAGE G. S. A.,Gihan Sangeeth Amarasinghe,Rathnayake Mudiyanselage,Sri Lanka,SRI,Hockey,HO
https://en.asiangames2018.id/athletes/athlete/RATNANINGSIH-Irianti-3027828/,RATNANINGSIH Irianti,Irianti,Ratnaningsih,Indonesia,INA,Hockey,HO
https://en.asiangames2018.id/athletes/athlete/RIM-Jinkang-3016551/,RIM Jinkang,Jinkang,Rim,Republic of Korea,KOR,Hockey,HO
https://en.asiangames2018.id/athletes/athlete/ROHIDAS-Amit-3000361/,ROHIDAS Amit,Amit,Rohidas,India,IND,Hockey,HO
https://en.asiangames2018.id/athletes/athlete/ROMANSYAH-Budi-3027790/,ROMANSYAH Budi,Budi,Romansyah,Indonesia,INA,Hockey,HO
https://en.asiangames2018.id/athletes/athlete/RUHANI-Siti-Noor-Amarina-3005524/,RUHANI Siti Noor Amarina,Siti Noor Amarina,Ruhani,Malaysia,MAS,Hockey,HO
https://en.asiangames2018.id/athletes/athlete/SAABAH-Muhammad-Shahril-3004437/,SAABAH Muhammad Shahril,Muhammad Shahril,Saabah,Malaysia,MAS,Hockey,HO
https://en.asiangames2018.id/athletes/athlete/SAARI-Faizal-3004444/,SAARI Faizal,Faizal,Saari,Malaysia,MAS,Hockey,HO
https://en.asiangames2018.id/athletes/athlete/SAARI-Mohd-Fitri-3004432/,SAARI Mohd Fitri,Mohd Fitri,Saari,Malaysia,MAS,Hockey,HO
https://en.asiangames2018.id/athletes/athlete/SABAZOVA-Symbat-3021262/,SABAZOVA Symbat,Symbat,Sabazova,Kazakhstan,KAZ,Hockey,HO
https://en.asiangames2018.id/athletes/athlete/SAID-Nuraslinda-3005546/,SAID Nuraslinda,Nuraslinda,Said,Malaysia,MAS,Hockey,HO
https://en.asiangames2018.id/athletes/athlete/SAKUNPITHAK-Tikhamporn-3021458/,SAKUNPITHAK Tikhamporn,Tikhamporn,Sakunpithak,Thailand,THA,Hockey,HO
https://en.asiangames2018.id/athletes/athlete/SAMANSO-Supansa-3021476/,SAMANSO Supansa,Supansa,Samanso,Thailand,THA,Hockey,HO
https://en.asiangames2018.id/athletes/athlete/SAMOECHAI-Seksit-3021425/,SAMOECHAI Seksit,Seksit,Samoechai,Thailand,THA,Hockey,HO
https://en.asiangames2018.id/athletes/athlete/SANPOUNG-Kornkanok-3021529/,SANPOUNG Kornkanok,Kornkanok,Sanpoung,Thailand,THA,Hockey,HO
https://en.asiangames2018.id/athletes/athlete/SANSAMRAN-Theerachai-3021406/,SANSAMRAN Theerachai,Theerachai,Sansamran,Thailand,THA,Hockey,HO
https://en.asiangames2018.id/athletes/athlete/SARKAR-Mohammad-Roman-3011150/,SARKAR Mohammad Roman,Mohammad Roman,Sarkar,Bangladesh,BAN,Hockey,HO
https://en.asiangames2018.id/athletes/athlete/SAVITA-3000548/,SAVITA,,Savita,India,IND,Hockey,HO
https://en.asiangames2018.id/athletes/athlete/SAWOR-Rwede-Sabetine-3027835/,SAWOR Rwede Sabetine,Rwede Sabetine,Sawor,Indonesia,INA,Hockey,HO
https://en.asiangames2018.id/athletes/athlete/SAYED-NIPPON-Md-Abu-3011569/,SAYED NIPPON Md Abu,Md Abu,Sayed Nippon,Bangladesh,BAN,Hockey,HO
https://en.asiangames2018.id/athletes/athlete/SAZONTOVA-Natalya-3021256/,SAZONTOVA Natalya,Natalya,Sazontova,Kazakhstan,KAZ,Hockey,HO
https://en.asiangames2018.id/athletes/athlete/SEGAWA-Maho-3025669/,SEGAWA Maho,Maho,Segawa,Japan,JPN,Hockey,HO
https://en.asiangames2018.id/athletes/athlete/SEO-Inwoo-3016489/,SEO Inwoo,Inwoo,Seo,Republic of Korea,KOR,Hockey,HO
https://en.asiangames2018.id/athletes/athlete/SEPTIANSYAH-Sadli-3027802/,SEPTIANSYAH Sadli,Sadli,Septiansyah,Indonesia,INA,Hockey,HO
https://en.asiangames2018.id/athletes/athlete/SHAN-Ali-3016329/,SHAN Ali,Ali,Shan,Pakistan,PAK,Hockey,HO
https://en.asiangames2018.id/athletes/athlete/SHETUL-Farhad-Ahmed-3011103/,SHETUL Farhad Ahmed,Farhad Ahmed,Shetul,Bangladesh,BAN,Hockey,HO
https://en.asiangames2018.id/athletes/athlete/SHIH-Shuhsin-3009997/,SHIH Shuhsin,Shuhsin,Shih,Chinese Taipei,TPE,Hockey,HO
https://en.asiangames2018.id/athletes/athlete/SHIMIZU-Minami-3025670/,SHIMIZU Minami,Minami,Shimizu,Japan,JPN,Hockey,HO
https://en.asiangames2018.id/athletes/athlete/SHIN-Hyejeong-3016412/,SHIN Hyejeong,Hyejeong,Shin,Republic of Korea,KOR,Hockey,HO
https://en.asiangames2018.id/athletes/athlete/SHOHANUR-Sobuj-3011549/,SHOHANUR Sobuj,Sobuj,Shohanur,Bangladesh,BAN,Hockey,HO
https://en.asiangames2018.id/athletes/athlete/SINGH-Akashdeep-3000359/,SINGH Akashdeep ,Akashdeep ,Singh,India,IND,Hockey,HO
https://en.asiangames2018.id/athletes/athlete/SINGH-Dilpreet-3000503/,SINGH Dilpreet ,Dilpreet ,Singh,India,IND,Hockey,HO
https://en.asiangames2018.id/athletes/athlete/SINGH-Harmanpreet-3000371/,SINGH Harmanpreet ,Harmanpreet ,Singh,India,IND,Hockey,HO
https://en.asiangames2018.id/athletes/athlete/SINGH-Mandeep-3000431/,SINGH Mandeep ,Mandeep ,Singh,India,IND,Hockey,HO
https://en.asiangames2018.id/athletes/athlete/SINGH-Manpreet-3000435/,SINGH Manpreet ,Manpreet ,Singh,India,IND,Hockey,HO
https://en.asiangames2018.id/athletes/athlete/SINGH-Rupinder-Pal-3000450/,SINGH Rupinder Pal ,Rupinder Pal ,Singh,India,IND,Hockey,HO
https://en.asiangames2018.id/athletes/athlete/SINGH-Sardar-3000457/,SINGH Sardar ,Sardar ,Singh,India,IND,Hockey,HO
https://en.asiangames2018.id/athletes/athlete/SINGH-Simranjeet-3000463/,SINGH Simranjeet ,Simranjeet ,Singh,India,IND,Hockey,HO
https://en.asiangames2018.id/athletes/athlete/SINGTHONG-Wirawat-3021429/,SINGTHONG Wirawat,Wirawat,Singthong,Thailand,THA,Hockey,HO
https://en.asiangames2018.id/athletes/athlete/SIREGAR-Haris-Fadilla-3027793/,SIREGAR Haris Fadilla,Haris Fadilla,Siregar,Indonesia,INA,Hockey,HO
https://en.asiangames2018.id/athletes/athlete/SIU-Chun-Ming-3027060/,SIU Chun Ming,Chun Ming,Siu,"Hong Kong, China",HKG,Hockey,HO
https://en.asiangames2018.id/athletes/athlete/SONG-Xiaoming-3010565/,SONG Xiaoming,Xiaoming,Song,China,CHN,Hockey,HO
https://en.asiangames2018.id/athletes/athlete/SOWMARPET-VITALACHARYA-Sunil-3000464/,SOWMARPET VITALACHARYA Sunil,Sunil,Sowmarpet Vitalacharya,India,IND,Hockey,HO
https://en.asiangames2018.id/athletes/athlete/SRAZHADDINOVA-Malika-3021253/,SRAZHADDINOVA Malika,MALIKA,SRAZHADDINOVA,Kazakhstan,KAZ,Hockey,HO
https://en.asiangames2018.id/athletes/athlete/SU-Chiehyu-3010014/,SU Chiehyu,Chiehyu,Su,Chinese Taipei,TPE,Hockey,HO
https://en.asiangames2018.id/athletes/athlete/SUBRAMIAM-Kumar-3004452/,SUBRAMIAM Kumar,Kumar,Subramiam,Malaysia,MAS,Hockey,HO
https://en.asiangames2018.id/athletes/athlete/SUDUSINGHE-Sandaruwan-Priyalanka-3029809/,SUDUSINGHE Sandaruwan Priyalanka,Sandaruwan Priyalanka,Sudusinghe,Sri Lanka,SRI,Hockey,HO
https://en.asiangames2018.id/athletes/athlete/SUKSIN-Khwanchanok-3021470/,SUKSIN Khwanchanok,Khwanchanok,Suksin,Thailand,THA,Hockey,HO
https://en.asiangames2018.id/athletes/athlete/SUMANTRI-Norazlin-3005542/,SUMANTRI Norazlin,Norazlin,Sumantri,Malaysia,MAS,Hockey,HO
https://en.asiangames2018.id/athletes/athlete/SUPHAWONG-Adisuan-3021438/,SUPHAWONG Adisuan,Adisuan,Suphawong,Thailand,THA,Hockey,HO
https://en.asiangames2018.id/athletes/athlete/SUWITO-Yuanita-Rahmadhani-3027831/,SUWITO Yuanita Rahmadhani,Yuanita Rahmadhani,Suwito,Indonesia,INA,Hockey,HO
https://en.asiangames2018.id/athletes/athlete/SYAFI-Nurmaizatul-Hanim-3009640/,SYAFI Nurmaizatul Hanim,NURMAIZATUL HANIM,SYAFI,Malaysia,MAS,Hockey,HO
https://en.asiangames2018.id/athletes/athlete/SYED-CHOLAN-Syed-Mohamad-Syafiq-3004427/,SYED CHOLAN Syed Mohamad Syafiq,Syed Mohamad Syafiq,Syed Cholan,Malaysia,MAS,Hockey,HO
https://en.asiangames2018.id/athletes/athlete/SYLVESTER-SILIN-Fazilla-3005534/,SYLVESTER SILIN Fazilla,Fazilla,Sylvester Silin,Malaysia,MAS,Hockey,HO
https://en.asiangames2018.id/athletes/athlete/TAJUDDIN-Tengku-Ahmad-3004441/,TAJUDDIN Tengku Ahmad,Tengku Ahmad,Tajuddin,Malaysia,MAS,Hockey,HO
https://en.asiangames2018.id/athletes/athlete/TAKANO-Yusuke-3006604/,TAKANO Yusuke,Yusuke,Takano,Japan,JPN,Hockey,HO
https://en.asiangames2018.id/athletes/athlete/TANAKA-Akio-3025671/,TANAKA Akio,Akio,Tanaka,Japan,JPN,Hockey,HO
https://en.asiangames2018.id/athletes/athlete/TANAKA-Kaito-3006675/,TANAKA Kaito,Kaito,Tanaka,Japan,JPN,Hockey,HO
https://en.asiangames2018.id/athletes/athlete/TANAKA-Kenta-3006679/,TANAKA Kenta,Kenta,Tanaka,Japan,JPN,Hockey,HO
https://en.asiangames2018.id/athletes/athlete/TANAKA-Seren-3006653/,TANAKA Seren,Seren,Tanaka,Japan,JPN,Hockey,HO
https://en.asiangames2018.id/athletes/athlete/TASHKEYEV-Yermek-3030300/,TASHKEYEV Yermek,Yermek,Tashkeyev,Kazakhstan,KAZ,Hockey,HO
https://en.asiangames2018.id/athletes/athlete/THANPERM-Aphiwat-3021412/,THANPERM Aphiwat,Aphiwat,Thanperm,Thailand,THA,Hockey,HO
https://en.asiangames2018.id/athletes/athlete/TOEMSOMBATBOWON-Pornsuree-3021332/,TOEMSOMBATBOWON Pornsuree,Pornsuree,Toemsombatbowon,Thailand,THA,Hockey,HO
https://en.asiangames2018.id/athletes/athlete/TOIBEKOV-Meirlan-3030301/,TOIBEKOV Meirlan,Meirlan,Toibekov,Kazakhstan,KAZ,Hockey,HO
https://en.asiangames2018.id/athletes/athlete/TONGKHAM-Thanaporn-3021472/,TONGKHAM Thanaporn,Thanaporn,Tongkham,Thailand,THA,Hockey,HO
https://en.asiangames2018.id/athletes/athlete/TOPPO-Namita-3000560/,TOPPO Namita,Namita,Toppo,India,IND,Hockey,HO
https://en.asiangames2018.id/athletes/athlete/TSANG-Chun-Yip-3027062/,TSANG Chun Yip,Chun Yip,Tsang,"Hong Kong, China",HKG,Hockey,HO
https://en.asiangames2018.id/athletes/athlete/TSE-Man-Chun-3027064/,TSE Man Chun,Man Chun,Tse,"Hong Kong, China",HKG,Hockey,HO
https://en.asiangames2018.id/athletes/athlete/TSENG-Wanju-3010001/,TSENG Wanju,Wanju,Tseng,Chinese Taipei,TPE,Hockey,HO
https://en.asiangames2018.id/athletes/athlete/TSO-Tsz-Fung-3027065/,TSO Tsz Fung,Tsz Fung,Tso,"Hong Kong, China",HKG,Hockey,HO
https://en.asiangames2018.id/athletes/athlete/TSOI-Gabriel-Long-Ting-3027066/,TSOI Gabriel Long Ting,Gabriel Long Ting,Tsoi,"Hong Kong, China",HKG,Hockey,HO
https://en.asiangames2018.id/athletes/athlete/UDDIN-Md-Naim-3011104/,UDDIN Md Naim,Md Naim,Uddin,Bangladesh,BAN,Hockey,HO
https://en.asiangames2018.id/athletes/athlete/UDITA-3000578/,UDITA,,Udita,India,IND,Hockey,HO
https://en.asiangames2018.id/athletes/athlete/UNO-Rayhan-Jannatain-Ainani-3027834/,UNO Rayhan Jannatain Ainani,Rayhan Jannatain Ainani,Uno,Indonesia,INA,Hockey,HO
https://en.asiangames2018.id/athletes/athlete/UPADHYAY-Lalit-Kumar-3000429/,UPADHYAY Lalit Kumar,Lalit Kumar,Upadhyay,India,IND,Hockey,HO
https://en.asiangames2018.id/athletes/athlete/URMANOV-Daulet-3030303/,URMANOV Daulet,Daulet,Urmanov,Kazakhstan,KAZ,Hockey,HO
https://en.asiangames2018.id/athletes/athlete/UTIGENOVA-Elvira-3021249/,UTIGENOVA Elvira,Elvira,Utigenova,Kazakhstan,KAZ,Hockey,HO
https://en.asiangames2018.id/athletes/athlete/UZBEK-Tilek-3030302/,UZBEK Tilek,Tilek,Uzbek,Kazakhstan,KAZ,Hockey,HO
https://en.asiangames2018.id/athletes/athlete/van-HUIZEN-Joel-Samuel-3004429/,van HUIZEN Joel Samuel,Joel Samuel,van Huizen,Malaysia,MAS,Hockey,HO
https://en.asiangames2018.id/athletes/athlete/VIMUTTANON-Sadakorn-3021411/,VIMUTTANON Sadakorn,Sadakorn,Vimuttanon,Thailand,THA,Hockey,HO
https://en.asiangames2018.id/athletes/athlete/VISHNYAKOV-Lenur-3030306/,VISHNYAKOV Lenur,Lenur,Vishnyakov,Kazakhstan,KAZ,Hockey,HO
https://en.asiangames2018.id/athletes/athlete/WANG-Shihhsin-3010031/,WANG Shihhsin,Shihhsin,Wang,Chinese Taipei,TPE,Hockey,HO
https://en.asiangames2018.id/athletes/athlete/WARNAKULASOORIYA-Vipul-Danushka-F-3029811/,WARNAKULASOORIYA Vipul Danushka F.,Vipul Danushka Fernando,Warnakulasooriya,Sri Lanka,SRI,Hockey,HO
https://en.asiangames2018.id/athletes/athlete/WATANABE-Kota-3006706/,WATANABE Kota,Kota,Watanabe,Japan,JPN,Hockey,HO
https://en.asiangames2018.id/athletes/athlete/WONG-Wai-Ki-3027094/,WONG Wai Ki,Wai Ki,Wong,"Hong Kong, China",HKG,Hockey,HO
https://en.asiangames2018.id/athletes/athlete/WONGKEAW-Sirikwan-3021377/,WONGKEAW Sirikwan,Sirikwan,Wongkeaw,Thailand,THA,Hockey,HO
https://en.asiangames2018.id/athletes/athlete/XI-Xiayun-3010643/,XI Xiayun,Xiayun,Xi,China,CHN,Hockey,HO
https://en.asiangames2018.id/athletes/athlete/YAHYA-Farah-Ayuni-3005522/,YAHYA Farah Ayuni,Farah Ayuni,Yahya,Malaysia,MAS,Hockey,HO
https://en.asiangames2018.id/athletes/athlete/YAMADA-Aki-3025676/,YAMADA Aki,Aki,Yamada,Japan,JPN,Hockey,HO
https://en.asiangames2018.id/athletes/athlete/YAMADA-Shota-3006626/,YAMADA Shota,Shota,Yamada,Japan,JPN,Hockey,HO
https://en.asiangames2018.id/athletes/athlete/YAMASAKI-Koji-3006701/,YAMASAKI Koji,Koji,Yamasaki,Japan,JPN,Hockey,HO
https://en.asiangames2018.id/athletes/athlete/YAMASHITA-Manabu-3006609/,YAMASHITA Manabu,Manabu,Yamashita,Japan,JPN,Hockey,HO
https://en.asiangames2018.id/athletes/athlete/YANG-Chiayu-3010013/,YANG Chiayu,Chiayu,Yang,Chinese Taipei,TPE,Hockey,HO
https://en.asiangames2018.id/athletes/athlete/YANG-Chunhui-3010026/,YANG Chunhui,Chunhui,Yang,Chinese Taipei,TPE,Hockey,HO
https://en.asiangames2018.id/athletes/athlete/YANG-Jihun-3016485/,YANG Jihun,Jihun,Yang,Republic of Korea,KOR,Hockey,HO
https://en.asiangames2018.id/athletes/athlete/YAQOOB-Muhammad-5255004/,YAQOOB Muhammad,Muhammad,Yaqoob,Pakistan,PAK,Hockey,HO
https://en.asiangames2018.id/athletes/athlete/YAQOOB-Muhammad-Azfar-3016396/,YAQOOB Muhammad Azfar,MUHAMMAD AZFAR,YAQOOB,Pakistan,PAK,Hockey,HO
https://en.asiangames2018.id/athletes/athlete/YE-Jiao-3010647/,YE Jiao,Jiao,Ye,China,CHN,Hockey,HO
https://en.asiangames2018.id/athletes/athlete/YELUBAYEV-Aman-3030295/,YELUBAYEV Aman,Aman,Yelubayev,Kazakhstan,KAZ,Hockey,HO
https://en.asiangames2018.id/athletes/athlete/YELUBAYEV-Yerzhan-3030296/,YELUBAYEV Yerzhan,Yerzhan,Yelubayev,Kazakhstan,KAZ,Hockey,HO
https://en.asiangames2018.id/athletes/athlete/YIMKRAJANG-Siraya-3021531/,YIMKRAJANG Siraya,Siraya,Yimkrajang,Thailand,THA,Hockey,HO
https://en.asiangames2018.id/athletes/athlete/YIP-Ting-Wai-3027096/,YIP Ting Wai,Ting Wai,Yip,"Hong Kong, China",HKG,Hockey,HO
https://en.asiangames2018.id/athletes/athlete/YOSHIKAWA-Takashi-3006600/,YOSHIKAWA Takashi,Takashi,Yoshikawa,Japan,JPN,Hockey,HO
https://en.asiangames2018.id/athletes/athlete/YOSIRI-Wiros-3021434/,YOSIRI Wiros,Wiros,Yosiri,Thailand,THA,Hockey,HO
https://en.asiangames2018.id/athletes/athlete/YU-Chi-Wai-3027067/,YU Chi Wai,Chi Wai,Yu,"Hong Kong, China",HKG,Hockey,HO
https://en.asiangames2018.id/athletes/athlete/YU-Chun-Hin-3027068/,YU Chun Hin,Chun Hin,Yu,"Hong Kong, China",HKG,Hockey,HO
https://en.asiangames2018.id/athletes/athlete/YU-Marco-3027098/,YU Marco,Marco,Yu,"Hong Kong, China",HKG,Hockey,HO
https://en.asiangames2018.id/athletes/athlete/ZENDANA-Hirotaka-3006612/,ZENDANA Hirotaka,Hirotaka,Zendana,Japan,JPN,Hockey,HO
https://en.asiangames2018.id/athletes/athlete/ZHAKANOV-Miras-3030297/,ZHAKANOV Miras,Miras,Zhakanov,Kazakhstan,KAZ,Hockey,HO
https://en.asiangames2018.id/athletes/athlete/ZHANG-Jinrong-3010654/,ZHANG Jinrong,Jinrong,Zhang,China,CHN,Hockey,HO
https://en.asiangames2018.id/athletes/athlete/ZHANG-Xiaoxue-3010662/,ZHANG Xiaoxue,Xiaoxue,Zhang,China,CHN,Hockey,HO
https://en.asiangames2018.id/athletes/athlete/ZHOKENBAYEV-Maxat-3030298/,ZHOKENBAYEV Maxat,Maxat,Zhokenbayev,Kazakhstan,KAZ,Hockey,HO
https://en.asiangames2018.id/athletes/athlete/ZHOU-Yu-3010670/,ZHOU Yu,Yu,Zhou,China,CHN,Hockey,HO
https://en.asiangames2018.id/athletes/athlete/ZULKIFLI-Nuramirah-Shakirah-3005552/,ZULKIFLI Nuramirah Shakirah,Nuramirah Shakirah,Zulkifli,Malaysia,MAS,Hockey,HO
