url,fullname,name,surname,country,noc_code,discipline,discipline_code
https://en.asiangames2018.id/athletes/athlete/AGATSUMA-Haruka-3025877/,AGATSUMA Haruka,HARUKA,AGATSUMA,Japan,JPN,Softball,SO
https://en.asiangames2018.id/athletes/athlete/AGUSTINA-Dian-3018195/,AGUSTINA Dian,DIAN,AGUSTINA,Indonesia,INA,Softball,SO
https://en.asiangames2018.id/athletes/athlete/ALTOMONTE-Francesca-3013755/,ALTOMONTE Francesca,FRANCESCA,ALTOMONTE,Philippines,PHI,Softball,SO
https://en.asiangames2018.id/athletes/athlete/ANTOLIHAO-Mary-Ann-3018656/,ANTOLIHAO Mary Ann,MARY ANN,ANTOLIHAO,Philippines,PHI,Softball,SO
https://en.asiangames2018.id/athletes/athlete/ATSUMI-Mana-3025878/,ATSUMI Mana,MANA,ATSUMI,Japan,JPN,Softball,SO
https://en.asiangames2018.id/athletes/athlete/BAE-Naehye-3011519/,BAE Naehye,NAEHYE,BAE,Republic of Korea,KOR,Softball,SO
https://en.asiangames2018.id/athletes/athlete/BAE-Yuka-3011561/,BAE Yuka,YUKA,BAE,Republic of Korea,KOR,Softball,SO
https://en.asiangames2018.id/athletes/athlete/BASA-Riflayca-3013868/,BASA Riflayca,RIFLAYCA,BASA,Philippines,PHI,Softball,SO
https://en.asiangames2018.id/athletes/athlete/BLANDO-Garnet-Agnes-3013816/,BLANDO Garnet Agnes,GARNET AGNES,BLANDO,Philippines,PHI,Softball,SO
https://en.asiangames2018.id/athletes/athlete/CALUMBRES-Riezel-3013966/,CALUMBRES Riezel,RIEZEL,CALUMBRES,Philippines,PHI,Softball,SO
https://en.asiangames2018.id/athletes/athlete/CHAI-Yinan-3012755/,CHAI Yinan,YINAN,CHAI,China,CHN,Softball,SO
https://en.asiangames2018.id/athletes/athlete/CHAN-Courtney-3026895/,CHAN Courtney,COURTNEY,CHAN,"Hong Kong, China",HKG,Softball,SO
https://en.asiangames2018.id/athletes/athlete/CHAN-Hoi-Kei-3026902/,CHAN Hoi Kei,HOI KEI,CHAN,"Hong Kong, China",HKG,Softball,SO
https://en.asiangames2018.id/athletes/athlete/CHAN-Yin-Yu-3026899/,CHAN Yin Yu,YIN YU,CHAN,"Hong Kong, China",HKG,Softball,SO
https://en.asiangames2018.id/athletes/athlete/CHEN-Chiayi-3008632/,CHEN Chiayi,CHIAYI,CHEN,Chinese Taipei,TPE,Softball,SO
https://en.asiangames2018.id/athletes/athlete/CHEN-Jia-3017871/,CHEN Jia,JIA,CHEN,China,CHN,Softball,SO
https://en.asiangames2018.id/athletes/athlete/CHEN-Miaoyi-3008628/,CHEN Miaoyi,MIAOYI,CHEN,Chinese Taipei,TPE,Softball,SO
https://en.asiangames2018.id/athletes/athlete/CHEN-Sie-Lam-3026898/,CHEN Sie Lam,SIE LAM,CHEN,"Hong Kong, China",HKG,Softball,SO
https://en.asiangames2018.id/athletes/athlete/CHIU-Anju-3008569/,CHIU Anju,ANJU,CHIU,Chinese Taipei,TPE,Softball,SO
https://en.asiangames2018.id/athletes/athlete/DAMASING-Shaira-3013987/,DAMASING Shaira,SHAIRA,DAMASING,Philippines,PHI,Softball,SO
https://en.asiangames2018.id/athletes/athlete/DECKER-Hailey-Cassandra-3013775/,DECKER Hailey Cassandra,HAILEY CASSANDRA,DECKER,Philippines,PHI,Softball,SO
https://en.asiangames2018.id/athletes/athlete/DELIN-3018207/,DELIN,,DELIN,Indonesia,INA,Softball,SO
https://en.asiangames2018.id/athletes/athlete/DIADIAWAY-Agustina-3018208/,DIADIAWAY Agustina,AGUSTINA,DIADIAWAY,Indonesia,INA,Softball,SO
https://en.asiangames2018.id/athletes/athlete/DWIYANTI-Cresida-Mariska-3018194/,DWIYANTI Cresida Mariska,CRESIDA MARISKA,DWIYANTI,Indonesia,INA,Softball,SO
https://en.asiangames2018.id/athletes/athlete/ELLAZAR-Skylynne-Kopia-3013763/,ELLAZAR Skylynne Kopia,SKYLYNNE KOPIA,ELLAZAR,Philippines,PHI,Softball,SO
https://en.asiangames2018.id/athletes/athlete/EMOGENE-Ilka-Arunia-3018204/,EMOGENE Ilka Arunia,ILKA ARUNIA,EMOGENE,Indonesia,INA,Softball,SO
https://en.asiangames2018.id/athletes/athlete/FITRIANI-Febina-3018209/,FITRIANI Febina,FEBINA,FITRIANI,Indonesia,INA,Softball,SO
https://en.asiangames2018.id/athletes/athlete/FUJITA-Yamato-3025879/,FUJITA Yamato,YAMATO,FUJITA,Japan,JPN,Softball,SO
https://en.asiangames2018.id/athletes/athlete/GABRIELLA-Gisza-3018203/,GABRIELLA Gisza,GISZA,GABRIELLA,Indonesia,INA,Softball,SO
https://en.asiangames2018.id/athletes/athlete/GUEVARRA-Reese-Miquelle-3013838/,GUEVARRA Reese Miquelle,REESE MIQUELLE,GUEVARRA,Philippines,PHI,Softball,SO
https://en.asiangames2018.id/athletes/athlete/HAMAMURA-Yukari-3025880/,HAMAMURA Yukari,YUKARI,HAMAMURA,Japan,JPN,Softball,SO
https://en.asiangames2018.id/athletes/athlete/HARADA-Nodoka-3025881/,HARADA Nodoka,NODOKA,HARADA,Japan,JPN,Softball,SO
https://en.asiangames2018.id/athletes/athlete/HUI-Kai-Yan-3026891/,HUI Kai Yan,KAI YAN,HUI,"Hong Kong, China",HKG,Softball,SO
https://en.asiangames2018.id/athletes/athlete/ICHIGUCHI-Yuka-3025882/,ICHIGUCHI Yuka,YUKA,ICHIGUCHI,Japan,JPN,Softball,SO
https://en.asiangames2018.id/athletes/athlete/ISELLA-Monica-3018200/,ISELLA Monica,MONICA,ISELLA,Indonesia,INA,Softball,SO
https://en.asiangames2018.id/athletes/athlete/ISHIKAWA-Kyoko-3025883/,ISHIKAWA Kyoko,KYOKO,ISHIKAWA,Japan,JPN,Softball,SO
https://en.asiangames2018.id/athletes/athlete/JALANDONI-Kaith-Ezra-3013217/,JALANDONI Kaith Ezra,KAITH EZRA,JALANDONI,Philippines,PHI,Softball,SO
https://en.asiangames2018.id/athletes/athlete/JANG-Sejin-3011575/,JANG Sejin,SEJIN,JANG,Republic of Korea,KOR,Softball,SO
https://en.asiangames2018.id/athletes/athlete/JEON-Daerim-3011543/,JEON Daerim,DAERIM,JEON,Republic of Korea,KOR,Softball,SO
https://en.asiangames2018.id/athletes/athlete/JEONG-Yoonyoung-3011578/,JEONG Yoonyoung,YOONYOUNG,JEONG,Republic of Korea,KOR,Softball,SO
https://en.asiangames2018.id/athletes/athlete/JOHANNA-Steffaney-Angelica-3018211/,JOHANNA Steffaney Angelica,STEFFANEY ANGELICA,JOHANNA,Indonesia,INA,Softball,SO
https://en.asiangames2018.id/athletes/athlete/JUNG-Hyein-3011585/,JUNG Hyein,HYEIN,JUNG,Republic of Korea,KOR,Softball,SO
https://en.asiangames2018.id/athletes/athlete/JUNG-Narae-3011530/,JUNG Narae,NARAE,JUNG,Republic of Korea,KOR,Softball,SO
https://en.asiangames2018.id/athletes/athlete/KAWABATA-Hitomi-3025885/,KAWABATA Hitomi,HITOMI,KAWABATA,Japan,JPN,Softball,SO
https://en.asiangames2018.id/athletes/athlete/KAWANO-Misato-3025886/,KAWANO Misato,MISATO,KAWANO,Japan,JPN,Softball,SO
https://en.asiangames2018.id/athletes/athlete/KIM-Hana-3011552/,KIM Hana,HANA,KIM,Republic of Korea,KOR,Softball,SO
https://en.asiangames2018.id/athletes/athlete/KIM-Seohyeon-3011582/,KIM Seohyeon,SEOHYEON,KIM,Republic of Korea,KOR,Softball,SO
https://en.asiangames2018.id/athletes/athlete/KIM-Yujeong-3011573/,KIM Yujeong,YUJEONG,KIM,Republic of Korea,KOR,Softball,SO
https://en.asiangames2018.id/athletes/athlete/KREY-Lidia-Anna-3018210/,KREY Lidia Anna,LIDIA ANNA,KREY,Indonesia,INA,Softball,SO
https://en.asiangames2018.id/athletes/athlete/KU-Oi-Yu-3026897/,KU Oi Yu,OI YU,KU,"Hong Kong, China",HKG,Softball,SO
https://en.asiangames2018.id/athletes/athlete/LAI-Mengting-3008622/,LAI Mengting,MENGTING,LAI,Chinese Taipei,TPE,Softball,SO
https://en.asiangames2018.id/athletes/athlete/LAM-Pui-Kwan-3026903/,LAM Pui Kwan,PUI KWAN,LAM,"Hong Kong, China",HKG,Softball,SO
https://en.asiangames2018.id/athletes/athlete/LANGE-Sierra-Arlyna-3013794/,LANGE Sierra Arlyna,SIERRA ARLYNA,LANGE,Philippines,PHI,Softball,SO
https://en.asiangames2018.id/athletes/athlete/LAU-Hiu-Kwan-3026905/,LAU Hiu Kwan,HIU KWAN,LAU,"Hong Kong, China",HKG,Softball,SO
https://en.asiangames2018.id/athletes/athlete/LAU-Hiu-Man-3026907/,LAU Hiu Man,HIU MAN,LAU,"Hong Kong, China",HKG,Softball,SO
https://en.asiangames2018.id/athletes/athlete/LAU-Yu-Yan-3026904/,LAU Yu Yan,YU YAN,LAU,"Hong Kong, China",HKG,Softball,SO
https://en.asiangames2018.id/athletes/athlete/LEE-Misun-3011533/,LEE Misun,MISUN,LEE,Republic of Korea,KOR,Softball,SO
https://en.asiangames2018.id/athletes/athlete/LEE-Yeji-3011594/,LEE Yeji,YEJI,LEE,Republic of Korea,KOR,Softball,SO
https://en.asiangames2018.id/athletes/athlete/LEUNG-Hiu-Tung-3026906/,LEUNG Hiu Tung,HIU TUNG,LEUNG,"Hong Kong, China",HKG,Softball,SO
https://en.asiangames2018.id/athletes/athlete/LEUNG-Tsz-Yan-3026896/,LEUNG Tsz Yan,TSZ YAN,LEUNG,"Hong Kong, China",HKG,Softball,SO
https://en.asiangames2018.id/athletes/athlete/LI-Huan-3012874/,LI Huan,HUAN,LI,China,CHN,Softball,SO
https://en.asiangames2018.id/athletes/athlete/LI-Qi-3012888/,LI Qi,QI,LI,China,CHN,Softball,SO
https://en.asiangames2018.id/athletes/athlete/LI-Szushih-3008589/,LI Szushih,SZUSHIH,LI,Chinese Taipei,TPE,Softball,SO
https://en.asiangames2018.id/athletes/athlete/LIN-Chihying-3008594/,LIN Chihying,CHIHYING,LIN,Chinese Taipei,TPE,Softball,SO
https://en.asiangames2018.id/athletes/athlete/LIN-Fengchen-3008604/,LIN Fengchen,FENGCHEN,LIN,Chinese Taipei,TPE,Softball,SO
https://en.asiangames2018.id/athletes/athlete/LIN-Peichun-3008600/,LIN Peichun,PEICHUN,LIN,Chinese Taipei,TPE,Softball,SO
https://en.asiangames2018.id/athletes/athlete/LIN-Suhua-3008559/,LIN Suhua,SUHUA,LIN,Chinese Taipei,TPE,Softball,SO
https://en.asiangames2018.id/athletes/athlete/LIN-Yinghsin-3008564/,LIN Yinghsin,YINGHSIN,LIN,Chinese Taipei,TPE,Softball,SO
https://en.asiangames2018.id/athletes/athlete/LIU-Hsuan-3008615/,LIU Hsuan,HSUAN,LIU,Chinese Taipei,TPE,Softball,SO
https://en.asiangames2018.id/athletes/athlete/LIU-Lili-3012697/,LIU Lili,LILI,LIU,China,CHN,Softball,SO
https://en.asiangames2018.id/athletes/athlete/LIU-Yining-3012700/,LIU Yining,YINING,LIU,China,CHN,Softball,SO
https://en.asiangames2018.id/athletes/athlete/LU-Ying-3012747/,LU Ying,YING,LU,China,CHN,Softball,SO
https://en.asiangames2018.id/athletes/athlete/MACAPAGAL-Mia-3014034/,MACAPAGAL Mia,MIA,MACAPAGAL,Philippines,PHI,Softball,SO
https://en.asiangames2018.id/athletes/athlete/NAGASAKI-Nozomi-3025887/,NAGASAKI Nozomi,NOZOMI,NAGASAKI,Japan,JPN,Softball,SO
https://en.asiangames2018.id/athletes/athlete/NAITO-Minori-3025888/,NAITO Minori,MINORI,NAITO,Japan,JPN,Softball,SO
https://en.asiangames2018.id/athletes/athlete/NG-Yan-Wa-3026893/,NG Yan Wa,YAN WA,NG,"Hong Kong, China",HKG,Softball,SO
https://en.asiangames2018.id/athletes/athlete/NURANJANI-Adhisty-Deynira-3018198/,NURANJANI Adhisty Deynira,ADHISTY DEYNIRA,NURANJANI,Indonesia,INA,Softball,SO
https://en.asiangames2018.id/athletes/athlete/PALMA-Royevel-3030474/,PALMA Royevel,ROYEVEL,PALMA,Philippines,PHI,Softball,SO
https://en.asiangames2018.id/athletes/athlete/PALMA-Royevel-9957801/,PALMA Royevel,ROYEVEL,PALMA,Philippines,PHI,Softball,SO
https://en.asiangames2018.id/athletes/athlete/PARK-Suyoun-3011516/,PARK Suyoun,SUYOUN,PARK,Republic of Korea,KOR,Softball,SO
https://en.asiangames2018.id/athletes/athlete/PONG-Yui-Chi-3026900/,PONG Yui Chi,YUI CHI,PONG,"Hong Kong, China",HKG,Softball,SO
https://en.asiangames2018.id/athletes/athlete/PUTRI-Vinny-Anugerah-Dwi-3018201/,PUTRI Vinny Anugerah Dwi,VINNY ANUGERAH DWI,PUTRI,Indonesia,INA,Softball,SO
https://en.asiangames2018.id/athletes/athlete/RAHMANIA-Syehan-Hana-3018213/,RAHMANIA Syehan Hana,SYEHAN HANA,RAHMANIA,Indonesia,INA,Softball,SO
https://en.asiangames2018.id/athletes/athlete/RAMADINA-Yuka-3018212/,RAMADINA Yuka,YUKA,RAMADINA,Indonesia,INA,Softball,SO
https://en.asiangames2018.id/athletes/athlete/REN-Min-3013268/,REN Min,MIN,REN,China,CHN,Softball,SO
https://en.asiangames2018.id/athletes/athlete/ROA-Cristy-Joy-3014094/,ROA Cristy Joy,CRISTY JOY,ROA,Philippines,PHI,Softball,SO
https://en.asiangames2018.id/athletes/athlete/SAFIYA-Ashilla-3018202/,SAFIYA Ashilla,ASHILLA,SAFIYA,Indonesia,INA,Softball,SO
https://en.asiangames2018.id/athletes/athlete/SAPUTRIANI-Wa-Ode-Sitti-3018206/,SAPUTRIANI Wa Ode Sitti,WA ODE SITTI,SAPUTRIANI,Indonesia,INA,Softball,SO
https://en.asiangames2018.id/athletes/athlete/SEOL-Gaeun-3011538/,SEOL Gaeun,GAEUN,SEOL,Republic of Korea,KOR,Softball,SO
https://en.asiangames2018.id/athletes/athlete/SHIH-Chingping-3008610/,SHIH Chingping,CHINGPING,SHIH,Chinese Taipei,TPE,Softball,SO
https://en.asiangames2018.id/athletes/athlete/SU-Yihsuan-3008607/,SU Yihsuan,YIHSUAN,SU,Chinese Taipei,TPE,Softball,SO
https://en.asiangames2018.id/athletes/athlete/SUGAMA-Natsuko-3025890/,SUGAMA Natsuko,NATSUKO,SUGAMA,Japan,JPN,Softball,SO
https://en.asiangames2018.id/athletes/athlete/SUITOS-Chelsea-Kaitlyn-3013862/,SUITOS Chelsea Kaitlyn,CHELSEA KAITLYN,SUITOS,Philippines,PHI,Softball,SO
https://en.asiangames2018.id/athletes/athlete/SUK-Eunjung-3011564/,SUK Eunjung,EUNJUNG,SUK,Republic of Korea,KOR,Softball,SO
https://en.asiangames2018.id/athletes/athlete/TANG-Wai-San-3026892/,TANG Wai San,WAI SAN,TANG,"Hong Kong, China",HKG,Softball,SO
https://en.asiangames2018.id/athletes/athlete/TSAI-Chiachen-3008581/,TSAI Chiachen,CHIACHEN,TSAI,Chinese Taipei,TPE,Softball,SO
https://en.asiangames2018.id/athletes/athlete/TU-Yating-3008572/,TU Yating,YATING,TU,Chinese Taipei,TPE,Softball,SO
https://en.asiangames2018.id/athletes/athlete/UENO-Yukiko-3025891/,UENO Yukiko,YUKIKO,UENO,Japan,JPN,Softball,SO
https://en.asiangames2018.id/athletes/athlete/URSABIA-Angelie-3018611/,URSABIA Angelie,ANGELIE,URSABIA,Philippines,PHI,Softball,SO
https://en.asiangames2018.id/athletes/athlete/VALLESTERO-Arianne-3020501/,VALLESTERO Arianne,ARIANNE,VALLESTERO,Philippines,PHI,Softball,SO
https://en.asiangames2018.id/athletes/athlete/WANG-Bei-3012788/,WANG Bei,BEI,WANG,China,CHN,Softball,SO
https://en.asiangames2018.id/athletes/athlete/WANG-Lan-3012845/,WANG Lan,LAN,WANG,China,CHN,Softball,SO
https://en.asiangames2018.id/athletes/athlete/WANG-Mengyan-3012880/,WANG Mengyan,MENGYAN,WANG,China,CHN,Softball,SO
https://en.asiangames2018.id/athletes/athlete/WANG-Xiaoqing-3016969/,WANG Xiaoqing,XIAOQING,WANG,China,CHN,Softball,SO
https://en.asiangames2018.id/athletes/athlete/WAROMI-Adelaide-Tania-3018197/,WAROMI Adelaide Tania,ADELAIDE TANIA,WAROMI,Indonesia,INA,Softball,SO
https://en.asiangames2018.id/athletes/athlete/WON-Hyesong-3011588/,WON Hyesong,HYESONG,WON,Republic of Korea,KOR,Softball,SO
https://en.asiangames2018.id/athletes/athlete/WONG-Cho-Hei-3026894/,WONG Cho Hei,CHO HEI,WONG,"Hong Kong, China",HKG,Softball,SO
https://en.asiangames2018.id/athletes/athlete/WONG-Marcia-Ka-Yan-3026901/,WONG Marcia Ka-Yan,MARCIA KA-YAN,WONG,"Hong Kong, China",HKG,Softball,SO
https://en.asiangames2018.id/athletes/athlete/XI-Kailin-3012749/,XI Kailin,KAILIN,XI,China,CHN,Softball,SO
https://en.asiangames2018.id/athletes/athlete/XU-Jia-3012871/,XU Jia,JIA,XU,China,CHN,Softball,SO
https://en.asiangames2018.id/athletes/athlete/XU-Qianwen-3012837/,XU Qianwen,QIANWEN,XU,China,CHN,Softball,SO
https://en.asiangames2018.id/athletes/athlete/YAMADA-Eri-3025892/,YAMADA Eri,ERI,YAMADA,Japan,JPN,Softball,SO
https://en.asiangames2018.id/athletes/athlete/YAMAMOTO-Yu-3025893/,YAMAMOTO Yu,YU,YAMAMOTO,Japan,JPN,Softball,SO
https://en.asiangames2018.id/athletes/athlete/YAMAUCHI-Saori-3025894/,YAMAUCHI Saori,SAORI,YAMAUCHI,Japan,JPN,Softball,SO
https://en.asiangames2018.id/athletes/athlete/YAMAZAKI-Saki-3025895/,YAMAZAKI Saki,SAKI,YAMAZAKI,Japan,JPN,Softball,SO
https://en.asiangames2018.id/athletes/athlete/YANG-Iseul-3028645/,YANG Iseul,ISEUL,YANG,Republic of Korea,KOR,Softball,SO
https://en.asiangames2018.id/athletes/athlete/YANG-Yiting-3008596/,YANG Yiting,YITING,YANG,Chinese Taipei,TPE,Softball,SO
https://en.asiangames2018.id/athletes/athlete/YEN-Yi-3008637/,YEN Yi,YI,YEN,Chinese Taipei,TPE,Softball,SO
https://en.asiangames2018.id/athletes/athlete/ZHANG-Yan-3012841/,ZHANG Yan,YAN,ZHANG,China,CHN,Softball,SO
https://en.asiangames2018.id/athletes/athlete/ZHAO-Xinxing-3012394/,ZHAO Xinxing,XINXING,ZHAO,China,CHN,Softball,SO
