url,fullname,name,surname,country,noc_code,discipline,discipline_code
https://en.asiangames2018.id/athletes/athlete/ABEYSOORIYA-Supun-Chinthaka-3013691/,ABEYSOORIYA Supun Chinthaka,SUPUN CHINTHAKA,ABEYSOORIYA,Sri Lanka,SRI,Baseball,BB
https://en.asiangames2018.id/athletes/athlete/ADJHARI-Riski-Moehammad-Adjhari-3020916/,ADJHARI Riski Moehammad Adjhari,RISKI MOEHAMMAD ADJHARI,ADJHARI,Indonesia,INA,Baseball,BB
https://en.asiangames2018.id/athletes/athlete/ADY-Hakeem-Rahniady-Putra-Ady-3020938/,ADY Hakeem Rahniady Putra Ady,HAKEEM RAHNIADY PUTRA ADY,ADY,Indonesia,INA,Baseball,BB
https://en.asiangames2018.id/athletes/athlete/AKBAR-Muhammad-Akbar-3020908/,AKBAR Muhammad Akbar,MUHAMMAD AKBAR,AKBAR,Indonesia,INA,Baseball,BB
https://en.asiangames2018.id/athletes/athlete/ALI-Jawad-3007429/,ALI Jawad,JAWAD,ALI,Pakistan,PAK,Baseball,BB
https://en.asiangames2018.id/athletes/athlete/ALMAMARI-Jaber-3002987/,ALMAMARI Jaber,Jaber,Almamari,Qatar,QAT,Baseball,BB
https://en.asiangames2018.id/athletes/athlete/AN-Chihong-3013839/,AN Chihong,CHIHONG,AN,Republic of Korea,KOR,Baseball,BB
https://en.asiangames2018.id/athletes/athlete/AOYAGI-Sho-3001914/,AOYAGI Sho,SHO,AOYAGI,Japan,JPN,Baseball,BB
https://en.asiangames2018.id/athletes/athlete/ARANISHI-Yudai-3002485/,ARANISHI Yudai,YUDAI,ARANISHI,Japan,JPN,Baseball,BB
https://en.asiangames2018.id/athletes/athlete/ARIBOWO-Alexander-Rudolf-Aribowo-3020896/,ARIBOWO Alexander Rudolf Aribowo,ALEXANDER RUDOLF ARIBOWO,ARIBOWO,Indonesia,INA,Baseball,BB
https://en.asiangames2018.id/athletes/athlete/ARLISTIANTO-Andika-Arlistianto-3020912/,ARLISTIANTO Andika Arlistianto,ANDIKA ARLISTIANTO,ARLISTIANTO,Indonesia,INA,Baseball,BB
https://en.asiangames2018.id/athletes/athlete/ASLAM-Muhammad-Amjad-3007431/,ASLAM Muhammad Amjad,MUHAMMAD AMJAD,ASLAM,Pakistan,PAK,Baseball,BB
https://en.asiangames2018.id/athletes/athlete/BADDE-GEDARA-Sanjeewa-Udayasiri-J-3013038/,BADDE GEDARA Sanjeewa Udayasiri J.,SANJEEWA UDAYASIRI JAYARA,BADDE GEDARA,Sri Lanka,SRI,Baseball,BB
https://en.asiangames2018.id/athletes/athlete/BHATTI-Umair-Imdad-3007520/,BHATTI Umair Imdad,UMAIR IMDAD,BHATTI,Pakistan,PAK,Baseball,BB
https://en.asiangames2018.id/athletes/athlete/BUNNAM-Nirawit-3019435/,BUNNAM Nirawit,NIRAWIT,BUNNAM,Thailand,THA,Baseball,BB
https://en.asiangames2018.id/athletes/athlete/CHAN-Cheuk-Kiu-3023706/,CHAN Cheuk Kiu,CHEUK KIU,CHAN,"Hong Kong, China",HKG,Baseball,BB
https://en.asiangames2018.id/athletes/athlete/CHAN-Tzuhsien-3010566/,CHAN Tzuhsien,TZUHSIEN,CHAN,Chinese Taipei,TPE,Baseball,BB
https://en.asiangames2018.id/athletes/athlete/CHAU-Gordon-Chun-Ming-3023707/,CHAU Gordon Chun Ming,GORDON CHUN MING,CHAU,"Hong Kong, China",HKG,Baseball,BB
https://en.asiangames2018.id/athletes/athlete/CHEN-Bo-Hao-3029021/,CHEN Bo-Hao,BO-HAO,CHEN,Chinese Taipei,TPE,Baseball,BB
https://en.asiangames2018.id/athletes/athlete/CHEN-Chen-3008497/,CHEN Chen,CHEN,CHEN,China,CHN,Baseball,BB
https://en.asiangames2018.id/athletes/athlete/CHEN-Hsiaoyun-3010410/,CHEN Hsiaoyun,HSIAOYUN,CHEN,Chinese Taipei,TPE,Baseball,BB
https://en.asiangames2018.id/athletes/athlete/CHEN-Juimu-3010394/,CHEN Juimu,JUIMU,CHEN,Chinese Taipei,TPE,Baseball,BB
https://en.asiangames2018.id/athletes/athlete/CHEN-Junpeng-3009810/,CHEN Junpeng,JUNPENG,CHEN,China,CHN,Baseball,BB
https://en.asiangames2018.id/athletes/athlete/CHEN-Weichih-3010404/,CHEN Weichih,WEICHIH,CHEN,Chinese Taipei,TPE,Baseball,BB
https://en.asiangames2018.id/athletes/athlete/CHENG-Hoi-Ting-3023708/,CHENG Hoi Ting,HOI TING,CHENG,"Hong Kong, China",HKG,Baseball,BB
https://en.asiangames2018.id/athletes/athlete/CHIANG-Chienming-3010407/,CHIANG Chienming,CHIENMING,CHIANG,Chinese Taipei,TPE,Baseball,BB
https://en.asiangames2018.id/athletes/athlete/CHIKAMOTO-Koji-3030136/,CHIKAMOTO Koji,KOJI,CHIKAMOTO,Japan,JPN,Baseball,BB
https://en.asiangames2018.id/athletes/athlete/CHIU-Chi-Kam-Kenneth-3023709/,CHIU Chi Kam Kenneth,CHI KAM KENNETH,CHIU,"Hong Kong, China",HKG,Baseball,BB
https://en.asiangames2018.id/athletes/athlete/CHOI-Chungyeon-3014214/,CHOI Chungyeon,CHUNGYEON,CHOI,Republic of Korea,KOR,Baseball,BB
https://en.asiangames2018.id/athletes/athlete/CHOI-Wontae-3014149/,CHOI Wontae,WONTAE,CHOI,Republic of Korea,KOR,Baseball,BB
https://en.asiangames2018.id/athletes/athlete/CHU-Fujia-3008513/,CHU Fujia,FUJIA,CHU,China,CHN,Baseball,BB
https://en.asiangames2018.id/athletes/athlete/CLARK-Alexander-3020533/,CLARK Alexander,ALEXANDER,CLARK,Thailand,THA,Baseball,BB
https://en.asiangames2018.id/athletes/athlete/CUI-Enting-3010326/,CUI Enting,ENTING,CUI,China,CHN,Baseball,BB
https://en.asiangames2018.id/athletes/athlete/DARU-John-Daniel-3020536/,DARU John Daniel,JOHN DANIEL,DARU,Thailand,THA,Baseball,BB
https://en.asiangames2018.id/athletes/athlete/DARU-Joseph-Matthew-3020532/,DARU Joseph Matthew,JOSEPH MATTHEW,DARU,Thailand,THA,Baseball,BB
https://en.asiangames2018.id/athletes/athlete/DOMBAGODA-LIYANAGE-Chamika-Yasas-3014069/,DOMBAGODA LIYANAGE Chamika Yasas,CHAMIKA YASAS,DOMBAGODA LIYANAGE,Sri Lanka,SRI,Baseball,BB
https://en.asiangames2018.id/athletes/athlete/DU-Xiaolei-3008529/,DU Xiaolei,XIAOLEI,DU,China,CHN,Baseball,BB
https://en.asiangames2018.id/athletes/athlete/FABIL-Diva-Reza-Fabil-3020891/,FABIL Diva Reza Fabil,DIVA REZA FABIL,FABIL,Indonesia,INA,Baseball,BB
https://en.asiangames2018.id/athletes/athlete/FAENGSUP-Suratit-3019439/,FAENGSUP Suratit,SURATIT,FAENGSUP,Thailand,THA,Baseball,BB
https://en.asiangames2018.id/athletes/athlete/FAHMIDYAN-Zidney-Fahmidyan-3020898/,FAHMIDYAN Zidney Fahmidyan,ZIDNEY FAHMIDYAN,FAHMIDYAN,Indonesia,INA,Baseball,BB
https://en.asiangames2018.id/athletes/athlete/GALBOKKA-HEWAGE-Amila-Pushpa-Kumara-3014036/,GALBOKKA HEWAGE Amila Pushpa Kumara,AMILA PUSHPA KUMARA,GALBOKKA HEWAGE,Sri Lanka,SRI,Baseball,BB
https://en.asiangames2018.id/athletes/athlete/GAN-Quan-3009819/,GAN Quan,QUAN,GAN,China,CHN,Baseball,BB
https://en.asiangames2018.id/athletes/athlete/GANGODA-GAMAGE-Sahan-Avishka-D-G-3013933/,GANGODA GAMAGE Sahan Avishka D. G.,SAHAN AVISHKA DIAS GUNASE,GANGODA GAMAGE,Sri Lanka,SRI,Baseball,BB
https://en.asiangames2018.id/athletes/athlete/GERHANA-Yana-Gerhana-3020894/,GERHANA Yana Gerhana,YANA GERHANA,GERHANA,Indonesia,INA,Baseball,BB
https://en.asiangames2018.id/athletes/athlete/GNIATOU-Nalor-3006490/,GNIATOU Nalor,NALOR,GNIATOU,Lao PDR,LAO,Baseball,BB
https://en.asiangames2018.id/athletes/athlete/GONG-Haicheng-3014132/,GONG Haicheng,HAICHENG,GONG,China,CHN,Baseball,BB
https://en.asiangames2018.id/athletes/athlete/GUNASIRI-Wadumesthrige-Subas-Isara-3013893/,GUNASIRI Wadumesthrige Subas Isara,WADUMESTHRIGE SUBAS ISARA,GUNASIRI,Sri Lanka,SRI,Baseball,BB
https://en.asiangames2018.id/athletes/athlete/HAM-Deokju-3013856/,HAM Deokju,DEOKJU,HAM,Republic of Korea,KOR,Baseball,BB
https://en.asiangames2018.id/athletes/athlete/HAPUARACHCHIGE-DON-Charith-K-H-3013020/,HAPUARACHCHIGE DON Charith K. H.,CHARITH KRISHNA HAPUARACH,HAPUARACHCHIGE DON,Sri Lanka,SRI,Baseball,BB
https://en.asiangames2018.id/athletes/athlete/HAQ-Ihtisham-Ul-3007422/,HAQ Ihtisham Ul,IHTISHAM UL,HAQ,Pakistan,PAK,Baseball,BB
https://en.asiangames2018.id/athletes/athlete/HARIS-Muhammad-3007434/,HARIS Muhammad,MUHAMMAD,HARIS,Pakistan,PAK,Baseball,BB
https://en.asiangames2018.id/athletes/athlete/HER-Thongvanh-3005906/,HER Thongvanh,THONGVANH,HER,Lao PDR,LAO,Baseball,BB
https://en.asiangames2018.id/athletes/athlete/HETTI-ARACHCHIGE-Aruna-Shantha-3014126/,HETTI ARACHCHIGE Aruna Shantha,ARUNA SHANTHA,HETTI ARACHCHIGE,Sri Lanka,SRI,Baseball,BB
https://en.asiangames2018.id/athletes/athlete/HEWAINGE-Sampath-Ruwan-Kumara-3013981/,HEWAINGE Sampath Ruwan Kumara,SAMPATH RUWAN KUMARA,HEWAINGE,Sri Lanka,SRI,Baseball,BB
https://en.asiangames2018.id/athletes/athlete/HOLLIDAY-Matthew-Andrew-3023710/,HOLLIDAY Matthew Andrew,MATTHEW ANDREW,HOLLIDAY,"Hong Kong, China",HKG,Baseball,BB
https://en.asiangames2018.id/athletes/athlete/HOPKHOP-Phithak-3009925/,HOPKHOP Phithak,PHITHAK,HOPKHOP,Lao PDR,LAO,Baseball,BB
https://en.asiangames2018.id/athletes/athlete/HORI-Makoto-3001865/,HORI Makoto,MAKOTO,HORI,Japan,JPN,Baseball,BB
https://en.asiangames2018.id/athletes/athlete/HORIMAI-Jumpei-3008636/,HORIMAI Jumpei,JUMPEI,HORIMAI,Japan,JPN,Baseball,BB
https://en.asiangames2018.id/athletes/athlete/HOSOYAMADA-Takeshi-3001899/,HOSOYAMADA Takeshi,TAKESHI,HOSOYAMADA,Japan,JPN,Baseball,BB
https://en.asiangames2018.id/athletes/athlete/HSIAO-Poting-3010401/,HSIAO Poting,POTING,HSIAO,Chinese Taipei,TPE,Baseball,BB
https://en.asiangames2018.id/athletes/athlete/HUANG-Chiawei-3010392/,HUANG Chiawei,CHIAWEI,HUANG,Chinese Taipei,TPE,Baseball,BB
https://en.asiangames2018.id/athletes/athlete/HUANG-Chienlung-3010373/,HUANG Chienlung,CHIENLUNG,HUANG,Chinese Taipei,TPE,Baseball,BB
https://en.asiangames2018.id/athletes/athlete/HUSSAIN-Arif-3007374/,HUSSAIN Arif,ARIF,HUSSAIN,Pakistan,PAK,Baseball,BB
https://en.asiangames2018.id/athletes/athlete/HUSSAIN-Faqeer-3007408/,HUSSAIN Faqeer,FAQEER,HUSSAIN,Pakistan,PAK,Baseball,BB
https://en.asiangames2018.id/athletes/athlete/HUSSAIN-Muhammad-3007437/,HUSSAIN Muhammad,MUHAMMAD,HUSSAIN,Pakistan,PAK,Baseball,BB
https://en.asiangames2018.id/athletes/athlete/HWANG-Jaegyun-3014267/,HWANG Jaegyun,JAEGYUN,HWANG,Republic of Korea,KOR,Baseball,BB
https://en.asiangames2018.id/athletes/athlete/IGNESIYASGE-Asanka-Lakmal-Peiris-3013983/,IGNESIYASGE Asanka Lakmal Peiris,ASANKA LAKMAL PEIRIS,IGNESIYASGE,Sri Lanka,SRI,Baseball,BB
https://en.asiangames2018.id/athletes/athlete/IM-Chankyu-3014087/,IM Chankyu,CHANKYU,IM,Republic of Korea,KOR,Baseball,BB
https://en.asiangames2018.id/athletes/athlete/IM-Giyeong-3013821/,IM Giyeong,GIYEONG,IM,Republic of Korea,KOR,Baseball,BB
https://en.asiangames2018.id/athletes/athlete/IRWIN-Kevin-Kawin-3019444/,IRWIN Kevin Kawin,KEVIN KAWIN,IRWIN,Thailand,THA,Baseball,BB
https://en.asiangames2018.id/athletes/athlete/JAMASHED-Arsalan-3007375/,JAMASHED Arsalan,ARSALAN,JAMASHED,Pakistan,PAK,Baseball,BB
https://en.asiangames2018.id/athletes/athlete/JANDANG-Sarawut-3019441/,JANDANG Sarawut,SARAWUT,JANDANG,Thailand,THA,Baseball,BB
https://en.asiangames2018.id/athletes/athlete/JANG-Pilljoon-3014210/,JANG Pilljoon,PILLJOON,JANG,Republic of Korea,KOR,Baseball,BB
https://en.asiangames2018.id/athletes/athlete/JAYASINHA-ARACHCHIGHE-DON-Sasika-D-3013886/,JAYASINHA ARACHCHIGHE DON Sasika D.,SASIKA DULSHAN,JAYASINHA ARACHCHIGHE DON,Sri Lanka,SRI,Baseball,BB
https://en.asiangames2018.id/athletes/athlete/JHONATA-All-Luthvy-Jhonata-3020907/,JHONATA All Luthvy Jhonata,ALL LUTHVY JHONATA,JHONATA,Indonesia,INA,Baseball,BB
https://en.asiangames2018.id/athletes/athlete/JIBIKI-Yuki-3008603/,JIBIKI Yuki,YUKI,JIBIKI,Japan,JPN,Baseball,BB
https://en.asiangames2018.id/athletes/athlete/JITPONG-Akaradech-3020512/,JITPONG Akaradech,AKARADECH,JITPONG,Thailand,THA,Baseball,BB
https://en.asiangames2018.id/athletes/athlete/JUNG-Wooram-3014185/,JUNG Wooram,WOORAM,JUNG,Republic of Korea,KOR,Baseball,BB
https://en.asiangames2018.id/athletes/athlete/KARUNARATHNE-Kankani-G-C-3013969/,KARUNARATHNE Kankani G. C.,KANKANI GAMARALALAGE CHIR,KARUNARATHNE,Sri Lanka,SRI,Baseball,BB
https://en.asiangames2018.id/athletes/athlete/KASTHURI-MUDALI-Naween-Anuradha-3013698/,KASTHURI MUDALI Naween Anuradha,NAWEEN ANURADHA,KASTHURI MUDALI,Sri Lanka,SRI,Baseball,BB
https://en.asiangames2018.id/athletes/athlete/KATSUNO-Akiyoshi-3002480/,KATSUNO Akiyoshi,AKIYOSHI,KATSUNO,Japan,JPN,Baseball,BB
https://en.asiangames2018.id/athletes/athlete/KHALLISTA-Gunawan-Pandhu-Khallita-3020902/,KHALLISTA Gunawan Pandhu Khallita,GUNAWAN PANDHU KHALLITA,KHALLISTA,Indonesia,INA,Baseball,BB
https://en.asiangames2018.id/athletes/athlete/KHAN-Inayat-Ullah-3007427/,KHAN Inayat Ullah,INAYAT ULLAH,KHAN,Pakistan,PAK,Baseball,BB
https://en.asiangames2018.id/athletes/athlete/KIM-Haseong-3014170/,KIM Haseong,HASEONG,KIM,Republic of Korea,KOR,Baseball,BB
https://en.asiangames2018.id/athletes/athlete/KIM-Hyunsoo-3014137/,KIM Hyunsoo,HYUNSOO,KIM,Republic of Korea,KOR,Baseball,BB
https://en.asiangames2018.id/athletes/athlete/KIM-Jaehwan-3013937/,KIM Jaehwan,JAEHWAN,KIM,Republic of Korea,KOR,Baseball,BB
https://en.asiangames2018.id/athletes/athlete/KINAMI-Ryo-3002486/,KINAMI Ryo,RYO,KINAMI,Japan,JPN,Baseball,BB
https://en.asiangames2018.id/athletes/athlete/KINO-Junya-3001906/,KINO Junya,JUNYA,KINO,Japan,JPN,Baseball,BB
https://en.asiangames2018.id/athletes/athlete/KITAMURA-Shoji-3001910/,KITAMURA Shoji,SHOJI,KITAMURA,Japan,JPN,Baseball,BB
https://en.asiangames2018.id/athletes/athlete/KURUPPU-ARACHCHIGE-Sandun-M-3013957/,KURUPPU ARACHCHIGE Sandun M.,SANDUN MADUSHANKA,KURUPPU ARACHCHIGE,Sri Lanka,SRI,Baseball,BB
https://en.asiangames2018.id/athletes/athlete/KWOK-Ching-Connor-3023711/,KWOK Ching Connor,CHING CONNOR,KWOK,"Hong Kong, China",HKG,Baseball,BB
https://en.asiangames2018.id/athletes/athlete/LAM-Lai-Him-3023712/,LAM Lai Him,LAI HIM,LAM,"Hong Kong, China",HKG,Baseball,BB
https://en.asiangames2018.id/athletes/athlete/LEE-Jaewon-3014059/,LEE Jaewon,JAEWON,LEE,Republic of Korea,KOR,Baseball,BB
https://en.asiangames2018.id/athletes/athlete/LEE-Junghoo-3014173/,LEE Junghoo,JUNGHOO,LEE,Republic of Korea,KOR,Baseball,BB
https://en.asiangames2018.id/athletes/athlete/LEE-Yongchan-3013846/,LEE Yongchan,YONGCHAN,LEE,Republic of Korea,KOR,Baseball,BB
https://en.asiangames2018.id/athletes/athlete/LEUNG-Chung-Hei-3023713/,LEUNG Chung Hei,CHUNG HEI,LEUNG,"Hong Kong, China",HKG,Baseball,BB
https://en.asiangames2018.id/athletes/athlete/LEUNG-Ho-Nam-3023714/,LEUNG Ho Nam,HO NAM,LEUNG,"Hong Kong, China",HKG,Baseball,BB
https://en.asiangames2018.id/athletes/athlete/LEUNG-Ka-Ho-Sam-3023715/,LEUNG Ka Ho Sam,KA HO SAM,LEUNG,"Hong Kong, China",HKG,Baseball,BB
https://en.asiangames2018.id/athletes/athlete/LI-Ning-3012048/,LI Ning,NING,LI,China,CHN,Baseball,BB
https://en.asiangames2018.id/athletes/athlete/LI-Wing-Sing-3023717/,LI Wing Sing,WING SING,LI,"Hong Kong, China",HKG,Baseball,BB
https://en.asiangames2018.id/athletes/athlete/LIN-Chen-Fei-3029022/,LIN Chen-Fei,CHEN-FEI,LIN,Chinese Taipei,TPE,Baseball,BB
https://en.asiangames2018.id/athletes/athlete/LIN-Cheng-Hsien-3029023/,LIN Cheng-Hsien,CHENG-HSIEN,LIN,Chinese Taipei,TPE,Baseball,BB
https://en.asiangames2018.id/athletes/athlete/LIN-Chiayu-3010409/,LIN Chiayu,CHIAYU,LIN,Chinese Taipei,TPE,Baseball,BB
https://en.asiangames2018.id/athletes/athlete/LIN-Han-3010398/,LIN Han,HAN,LIN,Chinese Taipei,TPE,Baseball,BB
https://en.asiangames2018.id/athletes/athlete/LIN-Huaching-3010575/,LIN Huaching,HUACHING,LIN,Chinese Taipei,TPE,Baseball,BB
https://en.asiangames2018.id/athletes/athlete/LIN-Tzuchieh-3010400/,LIN Tzuchieh,TZUCHIEH,LIN,Chinese Taipei,TPE,Baseball,BB
https://en.asiangames2018.id/athletes/athlete/LIN-Yuhsiang-3010377/,LIN Yuhsiang,YUHSIANG,LIN,Chinese Taipei,TPE,Baseball,BB
https://en.asiangames2018.id/athletes/athlete/LIU-Ho-Yin-3023718/,LIU Ho Yin,HO YIN,LIU,"Hong Kong, China",HKG,Baseball,BB
https://en.asiangames2018.id/athletes/athlete/LIU-Yu-3008416/,LIU Yu,YU,LIU,China,CHN,Baseball,BB
https://en.asiangames2018.id/athletes/athlete/LIYANA-ARACHCHIGE-Dilshan-P-3014027/,LIYANA ARACHCHIGE Dilshan P.,DILSHAN PRIYADARSHANA,LIYANA ARACHCHIGE,Sri Lanka,SRI,Baseball,BB
https://en.asiangames2018.id/athletes/athlete/LO-Ho-Lam-Andy-3023719/,LO Ho Lam Andy,HO LAM ANDY,LO,"Hong Kong, China",HKG,Baseball,BB
https://en.asiangames2018.id/athletes/athlete/LU-Yusong-3005604/,LU Yusong,YUSONG,LU,China,CHN,Baseball,BB
https://en.asiangames2018.id/athletes/athlete/LU-Zhenhong-3008519/,LU Zhenhong,ZHENHONG,LU,China,CHN,Baseball,BB
https://en.asiangames2018.id/athletes/athlete/LUAN-Chenchen-3008474/,LUAN Chenchen,CHENCHEN,LUAN,China,CHN,Baseball,BB
https://en.asiangames2018.id/athletes/athlete/LUO-Jinjun-3009412/,LUO Jinjun,JINJUN,LUO,China,CHN,Baseball,BB
https://en.asiangames2018.id/athletes/athlete/MA-Hon-Man-Ashley-3023720/,MA Hon Man Ashley,HON MAN ASHLEY,MA,"Hong Kong, China",HKG,Baseball,BB
https://en.asiangames2018.id/athletes/athlete/MAHMOOD-Tahir-3007493/,MAHMOOD Tahir,TAHIR,MAHMOOD,Pakistan,PAK,Baseball,BB
https://en.asiangames2018.id/athletes/athlete/MAHMUD-Aditya-Muflih-Mahmud-3020904/,MAHMUD Aditya Muflih Mahmud,ADITYA MUFLIH MAHMUD,MAHMUD,Indonesia,INA,Baseball,BB
https://en.asiangames2018.id/athletes/athlete/MANNA-UTHUM-MUDIYANSELAGE-L-S-M-3013970/,MANNA UTHUM MUDIYANSELAGE L. S. M.,LASANTHA SANJEEWA MANNA U,MANNA UTHUM MUDIYANSELAGE,Sri Lanka,SRI,Baseball,BB
https://en.asiangames2018.id/athletes/athlete/MATSUMOTO-Momotaro-3001917/,MATSUMOTO Momotaro,MOMOTARO,MATSUMOTO,Japan,JPN,Baseball,BB
https://en.asiangames2018.id/athletes/athlete/MATUGAMA-LIYANAGE-Kaushala-P-3014022/,MATUGAMA LIYANAGE Kaushala P.,KAUSHALA PRABUDDHA,MATUGAMA LIYANAGE,Sri Lanka,SRI,Baseball,BB
https://en.asiangames2018.id/athletes/athlete/MEEPAKDEE-Paramutt-3020534/,MEEPAKDEE Paramutt,PARAMUTT,MEEPAKDEE,Thailand,THA,Baseball,BB
https://en.asiangames2018.id/athletes/athlete/MENG-Weiqiang-3009415/,MENG Weiqiang,WEIQIANG,MENG,China,CHN,Baseball,BB
https://en.asiangames2018.id/athletes/athlete/MOK-Wing-Tung-3023721/,MOK Wing Tung,WING TUNG,MOK,"Hong Kong, China",HKG,Baseball,BB
https://en.asiangames2018.id/athletes/athlete/MORISHITA-Shohei-3008624/,MORISHITA Shohei,SHOHEI,MORISHITA,Japan,JPN,Baseball,BB
https://en.asiangames2018.id/athletes/athlete/MUANGKASEM-Naruephol-3020535/,MUANGKASEM Naruephol,NARUEPHOL,MUANGKASEM,Thailand,THA,Baseball,BB
https://en.asiangames2018.id/athletes/athlete/MUHAMMAD-Hadi-Nur-Muhammad-3020911/,MUHAMMAD Hadi Nur Muhammad,HADI NUR MUHAMMAD,MUHAMMAD,Indonesia,INA,Baseball,BB
https://en.asiangames2018.id/athletes/athlete/MUHAROM-Muharom-3020901/,MUHAROM Muharom,MUHAROM,MUHAROM,Indonesia,INA,Baseball,BB
https://en.asiangames2018.id/athletes/athlete/NA-Chuang-3009418/,NA Chuang,CHUANG,NA,China,CHN,Baseball,BB
https://en.asiangames2018.id/athletes/athlete/NADEE-Siraphop-3019503/,NADEE Siraphop,SIRAPHOP,NADEE,Thailand,THA,Baseball,BB
https://en.asiangames2018.id/athletes/athlete/NADEEM-Tariq-3007499/,NADEEM Tariq,TARIQ,NADEEM,Pakistan,PAK,Baseball,BB
https://en.asiangames2018.id/athletes/athlete/NG-Yau-Pang-3023722/,NG Yau Pang,YAU PANG,NG,"Hong Kong, China",HKG,Baseball,BB
https://en.asiangames2018.id/athletes/athlete/NISSANKA-Madhuranga-Dhilina-3021222/,NISSANKA Madhuranga Dhilina,MADHURANGA DHILINA,NISSANKA,Sri Lanka,SRI,Baseball,BB
https://en.asiangames2018.id/athletes/athlete/NUALLA-ONG-Netithorn-3020502/,NUALLA ONG Netithorn,NETITHORN,NUALLA ONG,Thailand,THA,Baseball,BB
https://en.asiangames2018.id/athletes/athlete/NYIABEEMOUA-Bounmee-3006505/,NYIABEEMOUA Bounmee,BOUNMEE,NYIABEEMOUA,Lao PDR,LAO,Baseball,BB
https://en.asiangames2018.id/athletes/athlete/NYIAXUE-Leeyang-3010317/,NYIAXUE Leeyang,LEEYANG,NYIAXUE,Lao PDR,LAO,Baseball,BB
https://en.asiangames2018.id/athletes/athlete/OH-Jihwan-3014130/,OH Jihwan,JIHWAN,OH,Republic of Korea,KOR,Baseball,BB
https://en.asiangames2018.id/athletes/athlete/OKABE-Michiori-3008617/,OKABE Michiori,MICHIORI,OKABE,Japan,JPN,Baseball,BB
https://en.asiangames2018.id/athletes/athlete/OKANO-Yuichiro-3008595/,OKANO Yuichiro,YUICHIRO,OKANO,Japan,JPN,Baseball,BB
https://en.asiangames2018.id/athletes/athlete/PANYIMPHAKAKUL-Thanabordee-3020537/,PANYIMPHAKAKUL Thanabordee,THANABORDEE,PANYIMPHAKAKUL,Thailand,THA,Baseball,BB
https://en.asiangames2018.id/athletes/athlete/PARK-Byungho-3014157/,PARK Byungho,BYUNGHO,PARK,Republic of Korea,KOR,Baseball,BB
https://en.asiangames2018.id/athletes/athlete/PARK-Chiguk-3013849/,PARK Chiguk,CHIGUK,PARK,Republic of Korea,KOR,Baseball,BB
https://en.asiangames2018.id/athletes/athlete/PARK-Hae-Min-3014242/,PARK Hae Min,HAE MIN,PARK,Republic of Korea,KOR,Baseball,BB
https://en.asiangames2018.id/athletes/athlete/PARK-Jonghun-3014042/,PARK Jonghun,JONGHUN,PARK,Republic of Korea,KOR,Baseball,BB
https://en.asiangames2018.id/athletes/athlete/PARK-Kunwoo-3013935/,PARK Kunwoo,KUNWOO,PARK,Republic of Korea,KOR,Baseball,BB
https://en.asiangames2018.id/athletes/athlete/PARK-Minwoo-3014005/,PARK Minwoo,MINWOO,PARK,Republic of Korea,KOR,Baseball,BB
https://en.asiangames2018.id/athletes/athlete/PHOMMASEE-Pakaysith-3006544/,PHOMMASEE Pakaysith,PAKAYSITH,PHOMMASEE,Lao PDR,LAO,Baseball,BB
https://en.asiangames2018.id/athletes/athlete/PHOUANGKEO-Cola-3012173/,PHOUANGKEO Cola,COLA,PHOUANGKEO,Lao PDR,LAO,Baseball,BB
https://en.asiangames2018.id/athletes/athlete/PHRAECHAI-Sakai-3019668/,PHRAECHAI Sakai,SAKAI,PHRAECHAI,Thailand,THA,Baseball,BB
https://en.asiangames2018.id/athletes/athlete/PILADUWA-MAHA-BOGAHAWATTA-Iresh-K-3013946/,PILADUWA MAHA BOGAHAWATTA Iresh K.,IRESH KOSALA,PILADUWA MAHA BOGAHAWATTA,Sri Lanka,SRI,Baseball,BB
https://en.asiangames2018.id/athletes/athlete/PIPATPINYO-Sanyalak-3019440/,PIPATPINYO Sanyalak,SANYALAK,PIPATPINYO,Thailand,THA,Baseball,BB
https://en.asiangames2018.id/athletes/athlete/PONNA-HANDI-THARIDU-Madumal-3013990/,PONNA HANDI THARIDU Madumal,MADUMAL,PONNA HANDI THARIDU,Sri Lanka,SRI,Baseball,BB
https://en.asiangames2018.id/athletes/athlete/PUN-Wo-Sau-3023723/,PUN Wo Sau,WO SAU,PUN,"Hong Kong, China",HKG,Baseball,BB
https://en.asiangames2018.id/athletes/athlete/QI-Xin-3008434/,QI Xin,XIN,QI,China,CHN,Baseball,BB
https://en.asiangames2018.id/athletes/athlete/RACHMAN-Jerry-Rachman-3020893/,RACHMAN Jerry Rachman,JERRY RACHMAN,RACHMAN,Indonesia,INA,Baseball,BB
https://en.asiangames2018.id/athletes/athlete/RAFI-Muhammad-3007440/,RAFI Muhammad,MUHAMMAD,RAFI,Pakistan,PAK,Baseball,BB
https://en.asiangames2018.id/athletes/athlete/RAMADAN-Rizki-Ramadan-3020910/,RAMADAN Rizki Ramadan,RIZKI RAMADAN,RAMADAN,Indonesia,INA,Baseball,BB
https://en.asiangames2018.id/athletes/athlete/RAMDHONI-Lukman-Kurnia-Ramdhoni-3020905/,RAMDHONI Lukman Kurnia Ramdhoni,LUKMAN KURNIA RAMDHONI,RAMDHONI,Indonesia,INA,Baseball,BB
https://en.asiangames2018.id/athletes/athlete/RAN-Song-3009824/,RAN Song,SONG,RAN,China,CHN,Baseball,BB
https://en.asiangames2018.id/athletes/athlete/RANASINGHE-Hena-Kankanamge-Kasthuri-3013262/,RANASINGHE Hena Kankanamge Kasthuri,HENA KANKANAMGE KASTHURI,RANASINGHE,Sri Lanka,SRI,Baseball,BB
https://en.asiangames2018.id/athletes/athlete/RANJANI-Ranjani-3020899/,RANJANI Ranjani,RANJANI,RANJANI,Indonesia,INA,Baseball,BB
https://en.asiangames2018.id/athletes/athlete/RATHNAYAKA-Sameera-Sampath-3013682/,RATHNAYAKA Sameera Sampath,SAMEERA SAMPATH,RATHNAYAKA,Sri Lanka,SRI,Baseball,BB
https://en.asiangames2018.id/athletes/athlete/RAUF-UR-RAHEEM-Muhammad-3007442/,RAUF UR RAHEEM Muhammad,MUHAMMAD,RAUF UR RAHEEM,Pakistan,PAK,Baseball,BB
https://en.asiangames2018.id/athletes/athlete/ROZALI-Rawafi-Yaputra-Yanto-Roza-3020900/,ROZALI Rawafi Yaputra Yanto Roza,RAWAFI YAPUTRA YANTO ROZA,ROZALI,Indonesia,INA,Baseball,BB
https://en.asiangames2018.id/athletes/athlete/SANJAYA-Bachtiar-Sanjaya-3020903/,SANJAYA Bachtiar Sanjaya,BACHTIAR SANJAYA,SANJAYA,Indonesia,INA,Baseball,BB
https://en.asiangames2018.id/athletes/athlete/SAPUTRA-Andospa-Aldo-Saputra-3020913/,SAPUTRA Andospa Aldo Saputra,ANDOSPA ALDO SAPUTRA,SAPUTRA,Indonesia,INA,Baseball,BB
https://en.asiangames2018.id/athletes/athlete/SAPUTRA-Nanda-Dwi-Saputra-3020956/,SAPUTRA Nanda Dwi Saputra,NANDA DWI SAPUTRA,SAPUTRA,Indonesia,INA,Baseball,BB
https://en.asiangames2018.id/athletes/athlete/SARDAR-Adil-3007371/,SARDAR Adil,ADIL,SARDAR,Pakistan,PAK,Baseball,BB
https://en.asiangames2018.id/athletes/athlete/SASAGAWA-Kohei-3008648/,SASAGAWA Kohei,KOHEI,SASAGAWA,Japan,JPN,Baseball,BB
https://en.asiangames2018.id/athletes/athlete/SATAKE-Katsutoshi-3001866/,SATAKE Katsutoshi,KATSUTOSHI,SATAKE,Japan,JPN,Baseball,BB
https://en.asiangames2018.id/athletes/athlete/SATO-Asahi-3008652/,SATO Asahi,ASAHI,SATO,Japan,JPN,Baseball,BB
https://en.asiangames2018.id/athletes/athlete/SENGSOULIN-Bee-3010118/,SENGSOULIN Bee,BEE,SENGSOULIN,Lao PDR,LAO,Baseball,BB
https://en.asiangames2018.id/athletes/athlete/SETIAWAN-Albefiandi-Aiken-Setiawan-3020937/,SETIAWAN Albefiandi Aiken Setiawan,ALBEFIANDI AIKEN SETIAWAN,SETIAWAN,Indonesia,INA,Baseball,BB
https://en.asiangames2018.id/athletes/athlete/SETIYONO-Ramon-Setiyono-3020909/,SETIYONO Ramon Setiyono,RAMON SETIYONO,SETIYONO,Indonesia,INA,Baseball,BB
https://en.asiangames2018.id/athletes/athlete/SHAH-Syed-Ali-3007483/,SHAH Syed Ali,SYED ALI,SHAH,Pakistan,PAK,Baseball,BB
https://en.asiangames2018.id/athletes/athlete/SHAH-Syed-Muhammad-3007488/,SHAH Syed Muhammad,SYED MUHAMMAD,SHAH,Pakistan,PAK,Baseball,BB
https://en.asiangames2018.id/athletes/athlete/SHEN-Hao-Wei-3029024/,SHEN Hao-Wei,HAO-WEI,SHEN,Chinese Taipei,TPE,Baseball,BB
https://en.asiangames2018.id/athletes/athlete/SIHAMAT-Wissaroot-3019477/,SIHAMAT Wissaroot,WISSAROOT,SIHAMAT,Thailand,THA,Baseball,BB
https://en.asiangames2018.id/athletes/athlete/SILOUANGLATH-Peun-3006040/,SILOUANGLATH Peun,PEUN,SILOUANGLATH,Lao PDR,LAO,Baseball,BB
https://en.asiangames2018.id/athletes/athlete/SON-Ahseop-3013959/,SON Ahseop,AHSEOP,SON,Republic of Korea,KOR,Baseball,BB
https://en.asiangames2018.id/athletes/athlete/SONG-Yunqi-3008430/,SONG Yunqi,YUNQI,SONG,China,CHN,Baseball,BB
https://en.asiangames2018.id/athletes/athlete/SOUKHALOM-Thatsaphone-3006337/,SOUKHALOM Thatsaphone,THATSAPHONE,SOUKHALOM,Lao PDR,LAO,Baseball,BB
https://en.asiangames2018.id/athletes/athlete/SU-Chihchieh-3010557/,SU Chihchieh,CHIHCHIEH,SU,Chinese Taipei,TPE,Baseball,BB
https://en.asiangames2018.id/athletes/athlete/SUANTHONG-Chayaphat-3020471/,SUANTHONG Chayaphat,CHAYAPHAT,SUANTHONG,Thailand,THA,Baseball,BB
https://en.asiangames2018.id/athletes/athlete/SUKMUANG-Phanuwat-3019445/,SUKMUANG Phanuwat,PHANUWAT,SUKMUANG,Thailand,THA,Baseball,BB
https://en.asiangames2018.id/athletes/athlete/SUN-Jianzeng-3010338/,SUN Jianzeng,JIANZENG,SUN,China,CHN,Baseball,BB
https://en.asiangames2018.id/athletes/athlete/SUSANTO-Adi-Susanto-3020914/,SUSANTO Adi Susanto,ADI SUSANTO,SUSANTO,Indonesia,INA,Baseball,BB
https://en.asiangames2018.id/athletes/athlete/TAI-Juliang-3010408/,TAI Juliang,JULIANG,TAI,Chinese Taipei,TPE,Baseball,BB
https://en.asiangames2018.id/athletes/athlete/TAKAHASHI-Takumi-3001894/,TAKAHASHI Takumi,TAKUMI,TAKAHASHI,Japan,JPN,Baseball,BB
https://en.asiangames2018.id/athletes/athlete/TAM-Ho-Yin-Benny-3023725/,TAM Ho Yin Benny,HO YIN BENNY,TAM,"Hong Kong, China",HKG,Baseball,BB
https://en.asiangames2018.id/athletes/athlete/TAMURA-Tsuyoshi-3002492/,TAMURA Tsuyoshi,TSUYOSHI,TAMURA,Japan,JPN,Baseball,BB
https://en.asiangames2018.id/athletes/athlete/TANG-Chiachun-3010372/,TANG Chiachun,CHIACHUN,TANG,Chinese Taipei,TPE,Baseball,BB
https://en.asiangames2018.id/athletes/athlete/THONGBAI-Chanatip-3019671/,THONGBAI Chanatip,CHANATIP,THONGBAI,Thailand,THA,Baseball,BB
https://en.asiangames2018.id/athletes/athlete/TOMIYAMA-Ryoga-3001881/,TOMIYAMA Ryoga,RYOGA,TOMIYAMA,Japan,JPN,Baseball,BB
https://en.asiangames2018.id/athletes/athlete/TSAI-Weifan-3010419/,TSAI Weifan,WEIFAN,TSAI,Chinese Taipei,TPE,Baseball,BB
https://en.asiangames2018.id/athletes/athlete/TSANG-Kin-Chung-3023726/,TSANG Kin Chung,KIN CHUNG,TSANG,"Hong Kong, China",HKG,Baseball,BB
https://en.asiangames2018.id/athletes/athlete/TSUJINO-Takehiro-3002490/,TSUJINO Takehiro,TAKEHIRO,TSUJINO,Japan,JPN,Baseball,BB
https://en.asiangames2018.id/athletes/athlete/UDUWAKA-HEWAGE-Nelanka-Karunarathna-3013686/,UDUWAKA HEWAGE Nelanka Karunarathna,NELANKA KARUNARATHNA,UDUWAKA HEWAGE,Sri Lanka,SRI,Baseball,BB
https://en.asiangames2018.id/athletes/athlete/ULLAH-Ihsan-3007418/,ULLAH Ihsan,IHSAN,ULLAH,Pakistan,PAK,Baseball,BB
https://en.asiangames2018.id/athletes/athlete/ULLAH-Ubaid-3007516/,ULLAH Ubaid,UBAID,ULLAH,Pakistan,PAK,Baseball,BB
https://en.asiangames2018.id/athletes/athlete/UR-REHMAN-Fazal-3007412/,UR REHMAN Fazal,FAZAL,UR REHMAN,Pakistan,PAK,Baseball,BB
https://en.asiangames2018.id/athletes/athlete/USMAN-Muhammad-3007466/,USMAN Muhammad,MUHAMMAD,USMAN,Pakistan,PAK,Baseball,BB
https://en.asiangames2018.id/athletes/athlete/USUI-Isamu-3008560/,USUI Isamu,ISAMU,USUI,Japan,JPN,Baseball,BB
https://en.asiangames2018.id/athletes/athlete/VA-Chinu-3009989/,VA Chinu,CHINU,VA,Lao PDR,LAO,Baseball,BB
https://en.asiangames2018.id/athletes/athlete/VENVONGSOTH-Boy-3010283/,VENVONGSOTH Boy,BOY,VENVONGSOTH,Lao PDR,LAO,Baseball,BB
https://en.asiangames2018.id/athletes/athlete/VUE-Long-3009928/,VUE Long,LONG,VUE,Lao PDR,LAO,Baseball,BB
https://en.asiangames2018.id/athletes/athlete/WANG-Chenghao-3010371/,WANG Chenghao,CHENGHAO,WANG,Chinese Taipei,TPE,Baseball,BB
https://en.asiangames2018.id/athletes/athlete/WANG-Tsunghao-3010375/,WANG Tsunghao,TSUNGHAO,WANG,Chinese Taipei,TPE,Baseball,BB
https://en.asiangames2018.id/athletes/athlete/WANG-Yupu-3010538/,WANG Yupu,YUPU,WANG,Chinese Taipei,TPE,Baseball,BB
https://en.asiangames2018.id/athletes/athlete/WASEEM-Muhammad-3007468/,WASEEM Muhammad,MUHAMMAD,WASEEM,Pakistan,PAK,Baseball,BB
https://en.asiangames2018.id/athletes/athlete/WEERASEKARA-MUDIYANSELAGE-A-P-W-3013009/,WEERASEKARA MUDIYANSELAGE A. P. W.,ASHAN PIUMAL WEERASEKARA,WEERASEKARA MUDIYANSELAGE,Sri Lanka,SRI,Baseball,BB
https://en.asiangames2018.id/athletes/athlete/WIJESINGHE-Wijesinghe-Meegallage-S-3013325/,WIJESINGHE Wijesinghe Meegallage S.,WIJESINGHE MEEGALLAGE SAL,WIJESINGHE,Sri Lanka,SRI,Baseball,BB
https://en.asiangames2018.id/athletes/athlete/WONGVICHIT-Adichat-3019665/,WONGVICHIT Adichat,ADICHAT,WONGVICHIT,Thailand,THA,Baseball,BB
https://en.asiangames2018.id/athletes/athlete/WU-Shengfeng-3010370/,WU Shengfeng,SHENGFENG,WU,Chinese Taipei,TPE,Baseball,BB
https://en.asiangames2018.id/athletes/athlete/WU-Tsz-Tung-3023729/,WU Tsz Tung,TSZ TUNG,WU,"Hong Kong, China",HKG,Baseball,BB
https://en.asiangames2018.id/athletes/athlete/WUTTHIKORN-Phoomwut-3020513/,WUTTHIKORN Phoomwut,PHOOMWUT,WUTTHIKORN,Thailand,THA,Baseball,BB
https://en.asiangames2018.id/athletes/athlete/XONG-Soua-3006533/,XONG Soua,SOUA,XONG,Lao PDR,LAO,Baseball,BB
https://en.asiangames2018.id/athletes/athlete/YANG-Euiji-3013917/,YANG Euiji,EUIJI,YANG,Republic of Korea,KOR,Baseball,BB
https://en.asiangames2018.id/athletes/athlete/YANG-Hyeonjong-3013828/,YANG Hyeonjong,HYEONJONG,YANG,Republic of Korea,KOR,Baseball,BB
https://en.asiangames2018.id/athletes/athlete/YANG-Jin-3012116/,YANG Jin,JIN,YANG,China,CHN,Baseball,BB
https://en.asiangames2018.id/athletes/athlete/YANG-Shunyi-3010341/,YANG Shunyi,SHUNYI,YANG,China,CHN,Baseball,BB
https://en.asiangames2018.id/athletes/athlete/YANG-Yanyong-3012107/,YANG Yanyong,YANYONG,YANG,China,CHN,Baseball,BB
https://en.asiangames2018.id/athletes/athlete/YELEE-Syvone-3006492/,YELEE Syvone,SYVONE,YELEE,Lao PDR,LAO,Baseball,BB
https://en.asiangames2018.id/athletes/athlete/YEUNG-Kun-Hin-3023730/,YEUNG Kun Hin,KUN HIN,YEUNG,"Hong Kong, China",HKG,Baseball,BB
https://en.asiangames2018.id/athletes/athlete/YU-Kam-To-Michael-3023731/,YU Kam To Michael,KAM TO MICHAEL,YU,"Hong Kong, China",HKG,Baseball,BB
https://en.asiangames2018.id/athletes/athlete/YUDHARANA-Chindy-Patria-Yudharana-3020917/,YUDHARANA Chindy Patria Yudharana,CHINDY PATRIA YUDHARANA,YUDHARANA,Indonesia,INA,Baseball,BB
https://en.asiangames2018.id/athletes/athlete/YUEN-Chun-Pang-3023732/,YUEN Chun Pang,CHUN PANG,YUEN,"Hong Kong, China",HKG,Baseball,BB
https://en.asiangames2018.id/athletes/athlete/YUNG-Tsun-Wai-3023733/,YUNG Tsun Wai,TSUN WAI,YUNG,"Hong Kong, China",HKG,Baseball,BB
https://en.asiangames2018.id/athletes/athlete/ZAKIR-Muhammad-3007470/,ZAKIR Muhammad,MUHAMMAD,ZAKIR,Pakistan,PAK,Baseball,BB
https://en.asiangames2018.id/athletes/athlete/ZAWAR-Muhammad-Sumair-3011465/,ZAWAR Muhammad Sumair,MUHAMMAD SUMAIR,ZAWAR,Pakistan,PAK,Baseball,BB
https://en.asiangames2018.id/athletes/athlete/ZHENG-Chaoqun-3008510/,ZHENG Chaoqun,CHAOQUN,ZHENG,China,CHN,Baseball,BB
https://en.asiangames2018.id/athletes/athlete/ZHU-Jinghao-3008489/,ZHU Jinghao,JINGHAO,ZHU,China,CHN,Baseball,BB
https://en.asiangames2018.id/athletes/athlete/ZULFIKAR-Faldy-Akhmad-Zulfikar-3020897/,ZULFIKAR Faldy Akhmad Zulfikar,FALDY AKHMAD ZULFIKAR,ZULFIKAR,Indonesia,INA,Baseball,BB
