url,fullname,name,surname,country,noc_code,discipline,discipline_code
https://en.asiangames2018.id/athletes/athlete/ABDUL-HADI-Farah-Ann-3005391/,ABDUL HADI Farah Ann,Farah Ann,Abdul Hadi,Malaysia,MAS,Artistic Gymnastics,GA
https://en.asiangames2018.id/athletes/athlete/ABDURAKHIMOV-Rasuljon-3001713/,ABDURAKHIMOV Rasuljon,Rasuljon,Abdurakhimov,Uzbekistan,UZB,Artistic Gymnastics,GA
https://en.asiangames2018.id/athletes/athlete/ABDUSAMATOV-Khusniddin-3001719/,ABDUSAMATOV Khusniddin,Khusniddin,Abdusamatov,Uzbekistan,UZB,Artistic Gymnastics,GA
https://en.asiangames2018.id/athletes/athlete/AEADWONG-Nattipong-3017918/,AEADWONG Nattipong,Nattipong,Aeadwong,Thailand,THA,Artistic Gymnastics,GA
https://en.asiangames2018.id/athletes/athlete/AHMAD-KOHANI-Mahdi-3005569/,AHMAD KOHANI Mahdi,Mahdi,Ahmad Kohani,IR Iran,IRI,Artistic Gymnastics,GA
https://en.asiangames2018.id/athletes/athlete/AKBAR-Agung-3020549/,AKBAR Agung,Agung,Akbar,Indonesia,INA,Artistic Gymnastics,GA
https://en.asiangames2018.id/athletes/athlete/ALDYANI-Ahmed-3023335/,ALDYANI Ahmed,Ahmed,Aldyani,Qatar,QAT,Artistic Gymnastics,GA
https://en.asiangames2018.id/athletes/athlete/ALJOHANI-Abdulaziz-Salem-A-3007304/,ALJOHANI Abdulaziz Salem A,Abdulaziz Salem A,Aljohani,Kingdom of Saudi Arabia,KSA,Artistic Gymnastics,GA
https://en.asiangames2018.id/athletes/athlete/ALSAYIGH-Jaffar-Saleh-3007306/,ALSAYIGH Jaffar Saleh,Jaffar Saleh,Alsayigh,Kingdom of Saudi Arabia,KSA,Artistic Gymnastics,GA
https://en.asiangames2018.id/athletes/athlete/ALSOULIMAN-Yazan-3021704/,ALSOULIMAN Yazan,Yazan,Alsouliman,Syria,SYR,Artistic Gymnastics,GA
https://en.asiangames2018.id/athletes/athlete/ALTANSUKH-Enkhtulga-3028087/,ALTANSUKH Enkhtulga,Enkhtulga,Altansukh,Mongolia,MGL,Artistic Gymnastics,GA
https://en.asiangames2018.id/athletes/athlete/APRIZAL-Muhammad-3020547/,APRIZAL Muhammad,Muhammad,Aprizal,Indonesia,INA,Artistic Gymnastics,GA
https://en.asiangames2018.id/athletes/athlete/ARACHCHI-APPUHAMILAGE-DON-D-K-3025254/,ARACHCHI APPUHAMILAGE DON D. K.,DILSHAN KAVIN,ARACHCHI APPUHAMILAGE DON,Sri Lanka,SRI,Artistic Gymnastics,GA
https://en.asiangames2018.id/athletes/athlete/ARIFIN-Samsul-3020546/,ARIFIN Samsul,Samsul,Arifin,Indonesia,INA,Artistic Gymnastics,GA
https://en.asiangames2018.id/athletes/athlete/ARMARTIANI-3020542/,ARMARTIANI,,Armartiani,Indonesia,INA,Artistic Gymnastics,GA
https://en.asiangames2018.id/athletes/athlete/AZIMOV-Abdulla-3001712/,AZIMOV Abdulla,Abdulla,Azimov,Uzbekistan,UZB,Artistic Gymnastics,GA
https://en.asiangames2018.id/athletes/athlete/AZIZOV-Ilyas-3021221/,AZIZOV Ilyas,Ilyas,Azizov,Kazakhstan,KAZ,Artistic Gymnastics,GA
https://en.asiangames2018.id/athletes/athlete/BAUYRZHANOVA-Aida-3021211/,BAUYRZHANOVA Aida,Aida,Bauyrzhanova,Kazakhstan,KAZ,Artistic Gymnastics,GA
https://en.asiangames2018.id/athletes/athlete/BOONTOENG-Kanyanat-3017925/,BOONTOENG Kanyanat,Kanyanat,Boontoeng,Thailand,THA,Artistic Gymnastics,GA
https://en.asiangames2018.id/athletes/athlete/BUDDA-REDDY-Aruna-3004088/,BUDDA REDDY Aruna,Aruna,Budda Reddy,India,IND,Artistic Gymnastics,GA
https://en.asiangames2018.id/athletes/athlete/BUI-Nguyen-Hai-Yen-3001876/,BUI Nguyen Hai Yen,Nguyen Hai Yen,Bui,Vietnam,VIE,Artistic Gymnastics,GA
https://en.asiangames2018.id/athletes/athlete/BUNAGAN-Corinne-Leanne-3029072/,BUNAGAN Corinne Leanne,Corinne Leanne,Bunagan,Philippines,PHI,Artistic Gymnastics,GA
https://en.asiangames2018.id/athletes/athlete/CAHYA-Nur-3020543/,CAHYA Nur,Nur,Cahya,Indonesia,INA,Artistic Gymnastics,GA
https://en.asiangames2018.id/athletes/athlete/CAPELLAN-Reyland-3013725/,CAPELLAN Reyland,Reyland,Capellan,Philippines,PHI,Artistic Gymnastics,GA
https://en.asiangames2018.id/athletes/athlete/CHAN-Tsz-Sum-Elizabeth-3024727/,CHAN Tsz Sum Elizabeth,Tsz Sum Elizabeth,Chan,"Hong Kong, China",HKG,Artistic Gymnastics,GA
https://en.asiangames2018.id/athletes/athlete/CHAU-Jern-Rong-3005454/,CHAU Jern Rong,Jern Rong,Chau,Malaysia,MAS,Artistic Gymnastics,GA
https://en.asiangames2018.id/athletes/athlete/CHEN-Chian-Shiun-3007396/,CHEN Chian-Shiun,Chian-Shiun,Chen,Chinese Taipei,TPE,Artistic Gymnastics,GA
https://en.asiangames2018.id/athletes/athlete/CHEN-Chih-Yu-3007256/,CHEN Chih-Yu,Chih-Yu,Chen,Chinese Taipei,TPE,Artistic Gymnastics,GA
https://en.asiangames2018.id/athletes/athlete/CHEN-Yile-3008271/,CHEN Yile,Yile,Chen,China,CHN,Artistic Gymnastics,GA
https://en.asiangames2018.id/athletes/athlete/CHIBA-Kenta-3024804/,CHIBA Kenta,Kenta,Chiba,Japan,JPN,Artistic Gymnastics,GA
https://en.asiangames2018.id/athletes/athlete/CHOEUN-Sokden-3021487/,CHOEUN Sokden,Sokden,Choeun,Cambodia,CAM,Artistic Gymnastics,GA
https://en.asiangames2018.id/athletes/athlete/CHOWDHURY-Mandira-3004104/,CHOWDHURY Mandira,Mandira,Chowdhury,India,IND,Artistic Gymnastics,GA
https://en.asiangames2018.id/athletes/athlete/CHUANG-Hsiu-Ju-3007380/,CHUANG Hsiu-Ju,Hsiu-Ju,Chuang,Chinese Taipei,TPE,Artistic Gymnastics,GA
https://en.asiangames2018.id/athletes/athlete/CHUIKINA-Yekaterina-3021208/,CHUIKINA Yekaterina,YEKATERINA,CHUIKINA,Kazakhstan,KAZ,Artistic Gymnastics,GA
https://en.asiangames2018.id/athletes/athlete/CHUSOVITINA-Oksana-3004894/,CHUSOVITINA Oksana,Oksana,Chusovitina,Uzbekistan,UZB,Artistic Gymnastics,GA
https://en.asiangames2018.id/athletes/athlete/DANG-Nam-3001869/,DANG Nam,Nam,Dang,Vietnam,VIE,Artistic Gymnastics,GA
https://en.asiangames2018.id/athletes/athlete/DAS-Pranati-3004091/,DAS Pranati,Pranati,Das,India,IND,Artistic Gymnastics,GA
https://en.asiangames2018.id/athletes/athlete/de-GUZMAN-Kaitlin-Cera-Lianne-3013722/,de GUZMAN Kaitlin Cera Lianne,KAITLIN CERA LIANNE,DE GUZMAN,Philippines,PHI,Artistic Gymnastics,GA
https://en.asiangames2018.id/athletes/athlete/DENG-Shudi-3007460/,DENG Shudi,Shudi,Deng,China,CHN,Artistic Gymnastics,GA
https://en.asiangames2018.id/athletes/athlete/DEVIRA-Tazsa-3020541/,DEVIRA Tazsa,Tazsa,Devira,Indonesia,INA,Artistic Gymnastics,GA
https://en.asiangames2018.id/athletes/athlete/DINH-Phuong-Thanh-3001868/,DINH Phuong Thanh,Phuong Thanh,Dinh,Vietnam,VIE,Artistic Gymnastics,GA
https://en.asiangames2018.id/athletes/athlete/DO-Vu-Hung-3001873/,DO Vu Hung,Vu Hung,Do,Vietnam,VIE,Artistic Gymnastics,GA
https://en.asiangames2018.id/athletes/athlete/DOUNGCHAN-Praewpraw-3017928/,DOUNGCHAN Praewpraw,Praewpraw,Doungchan,Thailand,THA,Artistic Gymnastics,GA
https://en.asiangames2018.id/athletes/athlete/ELKEKY-Jana-3002065/,ELKEKY Jana,Jana,Elkeky,Qatar,QAT,Artistic Gymnastics,GA
https://en.asiangames2018.id/athletes/athlete/FANG-Ko-Ching-3007386/,FANG Ko-Ching,Ko-Ching,Fang,Chinese Taipei,TPE,Artistic Gymnastics,GA
https://en.asiangames2018.id/athletes/athlete/FAUZIAH-Amalia-3020540/,FAUZIAH Amalia,Amalia,Fauziah,Indonesia,INA,Artistic Gymnastics,GA
https://en.asiangames2018.id/athletes/athlete/FERNANDO-Wickramaratna-Widanage-Ru-3025257/,FERNANDO Wickramaratna Widanage Ru,WICKRAMARATNA WIDANAGE RUCHIRA,FERNANDO,Sri Lanka,SRI,Artistic Gymnastics,GA
https://en.asiangames2018.id/athletes/athlete/FOKIN-Anton-3001710/,FOKIN Anton,Anton,Fokin,Uzbekistan,UZB,Artistic Gymnastics,GA
https://en.asiangames2018.id/athletes/athlete/HAM-Miju-3017125/,HAM Miju,Miju,Ham,Republic of Korea,KOR,Artistic Gymnastics,GA
https://en.asiangames2018.id/athletes/athlete/HAN-Jong-Hyok-3027589/,HAN Jong Hyok,Jong Hyok,Han,DPR Korea,PRK,Artistic Gymnastics,GA
https://en.asiangames2018.id/athletes/athlete/HANAWA-Soyoka-3025349/,HANAWA Soyoka,Soyoka,Hanawa,Japan,JPN,Artistic Gymnastics,GA
https://en.asiangames2018.id/athletes/athlete/HASEGAWA-Tomomasa-3024812/,HASEGAWA Tomomasa,Tomomasa,Hasegawa,Japan,JPN,Artistic Gymnastics,GA
https://en.asiangames2018.id/athletes/athlete/HOE-Wah-Toon-3101517/,HOE Wah Toon,Wah Toon,Hoe,Singapore,SGP,Artistic Gymnastics,GA
https://en.asiangames2018.id/athletes/athlete/HUANG-Hui-Mei-3007399/,HUANG Hui-Mei,Hui-Mei,Huang,Chinese Taipei,TPE,Artistic Gymnastics,GA
https://en.asiangames2018.id/athletes/athlete/IRFANALUTHFI-Rifda-3020539/,IRFANALUTHFI Rifda,Rifda,Irfanaluthfi,Indonesia,INA,Artistic Gymnastics,GA
https://en.asiangames2018.id/athletes/athlete/JAAFAR-Azroy-Amierol-3005452/,JAAFAR Azroy Amierol,Azroy Amierol,Jaafar,Malaysia,MAS,Artistic Gymnastics,GA
https://en.asiangames2018.id/athletes/athlete/JANTYKOV-Yerbol-3021213/,JANTYKOV Yerbol,Yerbol,Jantykov,Kazakhstan,KAZ,Artistic Gymnastics,GA
https://en.asiangames2018.id/athletes/athlete/JIM-Man-Hin-3024725/,JIM Man Hin,Man Hin,Jim,"Hong Kong, China",HKG,Artistic Gymnastics,GA
https://en.asiangames2018.id/athletes/athlete/JON-Jang-Mi-3027597/,JON Jang Mi,Jang Mi,Jon,DPR Korea,PRK,Artistic Gymnastics,GA
https://en.asiangames2018.id/athletes/athlete/JONG-Ryong-Il-3027590/,JONG Ryong Il,Ryong Il,Jong,DPR Korea,PRK,Artistic Gymnastics,GA
https://en.asiangames2018.id/athletes/athlete/JONG-Un-Gyong-3027595/,JONG Un Gyong,Un Gyong,Jong,DPR Korea,PRK,Artistic Gymnastics,GA
https://en.asiangames2018.id/athletes/athlete/JOOMA-Asad-Aziz-3009530/,JOOMA Asad Aziz,Asad Aziz,Jooma,Pakistan,PAK,Artistic Gymnastics,GA
https://en.asiangames2018.id/athletes/athlete/KAMEYAMA-Kohei-3024821/,KAMEYAMA Kohei,KOHEI,KAMEYAMA,Japan,JPN,Artistic Gymnastics,GA
https://en.asiangames2018.id/athletes/athlete/KARIMI-Milad-3021214/,KARIMI Milad,Milad,Karimi,Kazakhstan,KAZ,Artistic Gymnastics,GA
https://en.asiangames2018.id/athletes/athlete/KARMAKAR-Dipa-3004083/,KARMAKAR Dipa,Dipa,Karmakar,India,IND,Artistic Gymnastics,GA
https://en.asiangames2018.id/athletes/athlete/KEIKHA-Saeedreza-3005620/,KEIKHA Saeedreza,Saeedreza,Keikha,IR Iran,IRI,Artistic Gymnastics,GA
https://en.asiangames2018.id/athletes/athlete/KHAMROKULOV-Akobir-3001720/,KHAMROKULOV Akobir,Akobir,Khamrokulov,Uzbekistan,UZB,Artistic Gymnastics,GA
https://en.asiangames2018.id/athletes/athlete/KHANTHARA-Thidaporn-3017924/,KHANTHARA Thidaporn,Thidaporn,Khanthara,Thailand,THA,Artistic Gymnastics,GA
https://en.asiangames2018.id/athletes/athlete/KHOSRONEZHAD-Mohammadreza-3005617/,KHOSRONEZHAD Mohammadreza,Mohammadreza,Khosronezhad,IR Iran,IRI,Artistic Gymnastics,GA
https://en.asiangames2018.id/athletes/athlete/KIM-Hansol-3017142/,KIM Hansol,Hansol,Kim,Republic of Korea,KOR,Artistic Gymnastics,GA
https://en.asiangames2018.id/athletes/athlete/KIM-Jury-3017147/,KIM Jury,Jury,Kim,Republic of Korea,KOR,Artistic Gymnastics,GA
https://en.asiangames2018.id/athletes/athlete/KIM-Su-Jong-3027593/,KIM Su Jong,Su Jong,Kim,DPR Korea,PRK,Artistic Gymnastics,GA
https://en.asiangames2018.id/athletes/athlete/KIM-Won-Yong-3027598/,KIM Won Yong,Won Yong,Kim,DPR Korea,PRK,Artistic Gymnastics,GA
https://en.asiangames2018.id/athletes/athlete/KUMAR-Ashish-3004125/,KUMAR Ashish,Ashish,Kumar,India,IND,Artistic Gymnastics,GA
https://en.asiangames2018.id/athletes/athlete/KUMAR-Gaurav-3022868/,KUMAR Gaurav,Gaurav,Kumar,India,IND,Artistic Gymnastics,GA
https://en.asiangames2018.id/athletes/athlete/KURBANOV-Nariman-3021217/,KURBANOV Nariman,Nariman,Kurbanov,Kazakhstan,KAZ,Artistic Gymnastics,GA
https://en.asiangames2018.id/athletes/athlete/LAI-Pin-Ju-3007388/,LAI Pin-Ju,Pin-Ju,Lai,Chinese Taipei,TPE,Artistic Gymnastics,GA
https://en.asiangames2018.id/athletes/athlete/LE-Thanh-Tung-3001402/,LE Thanh Tung,Thanh Tung,Le,Vietnam,VIE,Artistic Gymnastics,GA
https://en.asiangames2018.id/athletes/athlete/LEE-Chih-Kai-3007262/,LEE Chih Kai,Chih Kai,Lee,Chinese Taipei,TPE,Artistic Gymnastics,GA
https://en.asiangames2018.id/athletes/athlete/LEE-Eun-Ju-3017164/,LEE Eun Ju,Eun Ju,Lee,Republic of Korea,KOR,Artistic Gymnastics,GA
https://en.asiangames2018.id/athletes/athlete/LEE-Hyeokjung-3017166/,LEE Hyeokjung,Hyeokjung,Lee,Republic of Korea,KOR,Artistic Gymnastics,GA
https://en.asiangames2018.id/athletes/athlete/LEE-Jaeseong-3017168/,LEE Jaeseong,Jaeseong,Lee,Republic of Korea,KOR,Artistic Gymnastics,GA
https://en.asiangames2018.id/athletes/athlete/LEE-Junho-3017175/,LEE Junho,Junho,Lee,Republic of Korea,KOR,Artistic Gymnastics,GA
https://en.asiangames2018.id/athletes/athlete/LIN-Chaopan-3011699/,LIN Chaopan,Chaopan,Lin,China,CHN,Artistic Gymnastics,GA
https://en.asiangames2018.id/athletes/athlete/LIU-Jinru-3008906/,LIU Jinru,Jinru,Liu,China,CHN,Artistic Gymnastics,GA
https://en.asiangames2018.id/athletes/athlete/LIU-Tingting-3011716/,LIU Tingting,Tingting,Liu,China,CHN,Artistic Gymnastics,GA
https://en.asiangames2018.id/athletes/athlete/LOO-Phay-Xing-3005455/,LOO Phay Xing,Phay Xing,Loo,Malaysia,MAS,Artistic Gymnastics,GA
https://en.asiangames2018.id/athletes/athlete/LUO-Huan-3008920/,LUO Huan,HUAN,LUO,China,CHN,Artistic Gymnastics,GA
https://en.asiangames2018.id/athletes/athlete/LUO-Huan-9954004/,LUO Huan,Huan,Luo,China,CHN,Artistic Gymnastics,GA
https://en.asiangames2018.id/athletes/athlete/MADANI-Saman-3005621/,MADANI Saman,Saman,Madani,IR Iran,IRI,Artistic Gymnastics,GA
https://en.asiangames2018.id/athletes/athlete/MAENO-Fuya-3024836/,MAENO Fuya,Fuya,Maeno,Japan,JPN,Artistic Gymnastics,GA
https://en.asiangames2018.id/athletes/athlete/MAT-ASRI-Zul-Bahrin-3005465/,MAT ASRI Zul Bahrin,Zul Bahrin,Mat Asri,Malaysia,MAS,Artistic Gymnastics,GA
https://en.asiangames2018.id/athletes/athlete/MEIRAM-Arailym-3021209/,MEIRAM Arailym,Arailym,Meiram,Kazakhstan,KAZ,Artistic Gymnastics,GA
https://en.asiangames2018.id/athletes/athlete/MOSA-Ahmed-3002064/,MOSA Ahmed,Ahmed,Mosa,Qatar,QAT,Artistic Gymnastics,GA
https://en.asiangames2018.id/athletes/athlete/MUEANGPHUAN-Sasiwimon-3017927/,MUEANGPHUAN Sasiwimon,Sasiwimon,Mueangphuan,Thailand,THA,Artistic Gymnastics,GA
https://en.asiangames2018.id/athletes/athlete/MUSSAYEV-Akim-3021219/,MUSSAYEV Akim,Akim,Mussayev,Kazakhstan,KAZ,Artistic Gymnastics,GA
https://en.asiangames2018.id/athletes/athlete/NAKAJI-Shiho-3025369/,NAKAJI Shiho,Shiho,Nakaji,Japan,JPN,Artistic Gymnastics,GA
https://en.asiangames2018.id/athletes/athlete/NAKAMURA-Yumika-3025370/,NAKAMURA Yumika,Yumika,Nakamura,Japan,JPN,Artistic Gymnastics,GA
https://en.asiangames2018.id/athletes/athlete/NATHAN-Nadine-Joy-3101559/,NATHAN Nadine Joy,Nadine Joy,Nathan,Singapore,SGP,Artistic Gymnastics,GA
https://en.asiangames2018.id/athletes/athlete/NAYAK-Pranati-3004086/,NAYAK Pranati,Pranati,Nayak,India,IND,Artistic Gymnastics,GA
https://en.asiangames2018.id/athletes/athlete/NG-Kiu-Chung-3024723/,NG Kiu Chung,Kiu Chung,Ng,"Hong Kong, China",HKG,Artistic Gymnastics,GA
https://en.asiangames2018.id/athletes/athlete/NG-Yan-Yin-3024728/,NG Yan Yin,Yan Yin,Ng,"Hong Kong, China",HKG,Artistic Gymnastics,GA
https://en.asiangames2018.id/athletes/athlete/NGUYEN-Tienna-Katelyn-3001880/,NGUYEN Tienna Katelyn,Tienna Katelyn,Nguyen,Vietnam,VIE,Artistic Gymnastics,GA
https://en.asiangames2018.id/athletes/athlete/NONOMURA-Shogo-3024850/,NONOMURA Shogo,Shogo,Nonomura,Japan,JPN,Artistic Gymnastics,GA
https://en.asiangames2018.id/athletes/athlete/ONOFRE-Ma-Cristina-3013708/,ONOFRE Ma Cristina,Ma Cristina,Onofre,Philippines,PHI,Artistic Gymnastics,GA
https://en.asiangames2018.id/athletes/athlete/PAK-Roman-3004555/,PAK Roman,Roman,Pak,Kyrgyzstan,KGZ,Artistic Gymnastics,GA
https://en.asiangames2018.id/athletes/athlete/PARK-Minsoo-3017232/,PARK Minsoo,Minsoo,Park,Republic of Korea,KOR,Artistic Gymnastics,GA
https://en.asiangames2018.id/athletes/athlete/PATRA-Rakesh-3004126/,PATRA Rakesh,Rakesh,Patra,India,IND,Artistic Gymnastics,GA
https://en.asiangames2018.id/athletes/athlete/PHAM-Phuoc-Hung-3001870/,PHAM Phuoc Hung,Phuoc Hung,Pham,Vietnam,VIE,Artistic Gymnastics,GA
https://en.asiangames2018.id/athletes/athlete/PHOTHONG-Anawin-3017923/,PHOTHONG Anawin,Anawin,Phothong,Thailand,THA,Artistic Gymnastics,GA
https://en.asiangames2018.id/athletes/athlete/PRAYOKO-Agus-3020545/,PRAYOKO Agus,Agus,Prayoko,Indonesia,INA,Artistic Gymnastics,GA
https://en.asiangames2018.id/athletes/athlete/PROMMANEE-Jamorn-3017888/,PROMMANEE Jamorn,Jamorn,Prommanee,Thailand,THA,Artistic Gymnastics,GA
https://en.asiangames2018.id/athletes/athlete/PYON-Rye-Yong-3027594/,PYON Rye Yong,Rye Yong,Pyon,DPR Korea,PRK,Artistic Gymnastics,GA
https://en.asiangames2018.id/athletes/athlete/RI-Kwang-Mo-3027588/,RI Kwang Mo,Kwang Mo,Ri,DPR Korea,PRK,Artistic Gymnastics,GA
https://en.asiangames2018.id/athletes/athlete/RI-Se-Gwang-3027587/,RI Se Gwang,Se Gwang,Ri,DPR Korea,PRK,Artistic Gymnastics,GA
https://en.asiangames2018.id/athletes/athlete/RI-Yong-Min-3027591/,RI Yong Min,Yong Min,Ri,DPR Korea,PRK,Artistic Gymnastics,GA
https://en.asiangames2018.id/athletes/athlete/SANJIYEVA-Olga-3021210/,SANJIYEVA Olga,Olga,Sanjiyeva,Kazakhstan,KAZ,Artistic Gymnastics,GA
https://en.asiangames2018.id/athletes/athlete/SAPUTRA-Muhammad-Try-3020548/,SAPUTRA Muhammad Try,Muhammad Try,Saputra,Indonesia,INA,Artistic Gymnastics,GA
https://en.asiangames2018.id/athletes/athlete/SHEK-Wai-Hung-3024724/,SHEK Wai Hung,Wai Hung,Shek,"Hong Kong, China",HKG,Artistic Gymnastics,GA
https://en.asiangames2018.id/athletes/athlete/SHIAO-Yu-Jan-3007281/,SHIAO Yu-Jan,Yu-Jan,Shiao,Chinese Taipei,TPE,Artistic Gymnastics,GA
https://en.asiangames2018.id/athletes/athlete/SINGH-Yogeshwar-3022872/,SINGH Yogeshwar,Yogeshwar,Singh,India,IND,Artistic Gymnastics,GA
https://en.asiangames2018.id/athletes/athlete/SUN-Wei-3007675/,SUN Wei,Wei,Sun,China,CHN,Artistic Gymnastics,GA
https://en.asiangames2018.id/athletes/athlete/SURINTORNTA-Tikumporn-3017917/,SURINTORNTA Tikumporn,Tikumporn,Surintornta,Thailand,THA,Artistic Gymnastics,GA
https://en.asiangames2018.id/athletes/athlete/TAN-Fu-Jie-3005461/,TAN Fu Jie,Fu Jie,Tan,Malaysia,MAS,Artistic Gymnastics,GA
https://en.asiangames2018.id/athletes/athlete/TAN-Sze-En-3101558/,TAN Sze En,Sze En,Tan,Singapore,SGP,Artistic Gymnastics,GA
https://en.asiangames2018.id/athletes/athlete/TAN-ING-Yueh-3005398/,TAN ING Yueh,Yueh,Tan Ing,Malaysia,MAS,Artistic Gymnastics,GA
https://en.asiangames2018.id/athletes/athlete/TANG-Chia-Hung-3007283/,TANG Chia-Hung,Chia-Hung,Tang,Chinese Taipei,TPE,Artistic Gymnastics,GA
https://en.asiangames2018.id/athletes/athlete/TANIGAWA-Kakeru-3024871/,TANIGAWA Kakeru,Kakeru,Tanigawa,Japan,JPN,Artistic Gymnastics,GA
https://en.asiangames2018.id/athletes/athlete/TANIGAWA-Wataru-3024872/,TANIGAWA Wataru,WATARU,TANIGAWA,Japan,JPN,Artistic Gymnastics,GA
https://en.asiangames2018.id/athletes/athlete/TAY-Wei-An-Terry-3101519/,TAY Wei An Terry,Wei An Terry,Tay,Singapore,SGP,Artistic Gymnastics,GA
https://en.asiangames2018.id/athletes/athlete/TIMBANG-Jan-Gwynn-3029073/,TIMBANG Jan Gwynn,Jan Gwynn,Timbang,Philippines,PHI,Artistic Gymnastics,GA
https://en.asiangames2018.id/athletes/athlete/TRACIE-Ang-3005399/,TRACIE Ang,Ang,Tracie,Malaysia,MAS,Artistic Gymnastics,GA
https://en.asiangames2018.id/athletes/athlete/TRAN-Doan-Quynh-Nam-3001879/,TRAN Doan Quynh Nam,Doan Quynh Nam,Tran,Vietnam,VIE,Artistic Gymnastics,GA
https://en.asiangames2018.id/athletes/athlete/TRUONG-Khanh-Van-3001877/,TRUONG Khanh Van,Khanh Van,Truong,Vietnam,VIE,Artistic Gymnastics,GA
https://en.asiangames2018.id/athletes/athlete/TUROBOVA-Sabina-3001706/,TUROBOVA Sabina,Sabina,Turobova,Uzbekistan,UZB,Artistic Gymnastics,GA
https://en.asiangames2018.id/athletes/athlete/UCHIYAMA-Yuki-3025391/,UCHIYAMA Yuki,Yuki,Uchiyama,Japan,JPN,Artistic Gymnastics,GA
https://en.asiangames2018.id/athletes/athlete/VERMA-Siddharth-3022879/,VERMA Siddharth,Siddharth,Verma,India,IND,Artistic Gymnastics,GA
https://en.asiangames2018.id/athletes/athlete/WICHIANPRADIT-Tissanupan-3017919/,WICHIANPRADIT Tissanupan,Tissanupan,Wichianpradit,Thailand,THA,Artistic Gymnastics,GA
https://en.asiangames2018.id/athletes/athlete/XIAO-Ruoteng-3007701/,XIAO Ruoteng,Ruoteng,Xiao,China,CHN,Artistic Gymnastics,GA
https://en.asiangames2018.id/athletes/athlete/YEO-Seojeong-3017428/,YEO Seojeong,Seojeong,Yeo,Republic of Korea,KOR,Artistic Gymnastics,GA
https://en.asiangames2018.id/athletes/athlete/YU-Chao-Wei-3007261/,YU Chao Wei,Chao Wei,Yu,Chinese Taipei,TPE,Artistic Gymnastics,GA
https://en.asiangames2018.id/athletes/athlete/YULO-Carlos-Edriel-3010516/,YULO Carlos Edriel,Carlos Edriel,Yulo,Philippines,PHI,Artistic Gymnastics,GA
https://en.asiangames2018.id/athletes/athlete/YUMOTO-Yurika-3025398/,YUMOTO Yurika,Yurika,Yumoto,Japan,JPN,Artistic Gymnastics,GA
https://en.asiangames2018.id/athletes/athlete/YUN-Narae-3017459/,YUN Narae,Narae,Yun,Republic of Korea,KOR,Artistic Gymnastics,GA
https://en.asiangames2018.id/athletes/athlete/ZHANG-Jin-3008936/,ZHANG Jin,Jin,Zhang,China,CHN,Artistic Gymnastics,GA
https://en.asiangames2018.id/athletes/athlete/ZOU-Jingyuan-3008256/,ZOU Jingyuan,Jingyuan,Zou,China,CHN,Artistic Gymnastics,GA
