url,fullname,name,surname,country,noc_code,discipline
https://en.asiangames2018.id/athletes/athlete/AL-AASMI-Rashid-Huwaishal-Moghrab-3000024/,AL AASMI Rashid Huwaishal Moghrab,Rashid Huwaishal Moghrab,Al Aasmi,Oman,OMA,Athletics
https://en.asiangames2018.id/athletes/athlete/AL-ABRI-Yousuf-Mohammed-Nasser-3000103/,AL ABRI Yousuf Mohammed Nasser,YOUSUF MOHAMMED NASSER,AL ABRI,Oman,OMA,Shooting
https://en.asiangames2018.id/athletes/athlete/AL-ADAWI-Issa-Samir-Hamed-3000004/,AL ADAWI Issa Samir Hamed,ISSA SAMIR HAMED,AL ADAWI,Oman,OMA,Swimming
https://en.asiangames2018.id/athletes/athlete/AL-AJMI-Murshid-Mohamed-Murshid-3000043/,AL AJMI Murshid Mohamed Murshid,MURSHID MOHAMED MURSHID,AL AJMI,Oman,OMA,Weightlifting
https://en.asiangames2018.id/athletes/athlete/AL-BADRI-Hatem-Hamood-Salim-3021160/,AL BADRI Hatem Hamood Salim,HATEM HAMOOD SALIM,AL BADRI,Oman,OMA,Athletics
https://en.asiangames2018.id/athletes/athlete/AL-BALUSHI-Muad-Darwish-Abdul-R-3000093/,AL BALUSHI Muad Darwish 'Abdul R.,MUAD DARWISH 'ABDUL RAHMAN,AL BALUSHI,Oman,OMA,Shooting
https://en.asiangames2018.id/athletes/athlete/AL-BALUSHI-Wadha-Nasiir-Nasser-3000118/,AL BALUSHI Wadha Nasiir Nasser,WADHA NASIIR NASSER,AL BALUSHI,Oman,OMA,Shooting
https://en.asiangames2018.id/athletes/athlete/AL-BATTASHI-Asad-Sultan-Obaid-3000042/,AL BATTASHI Asad Sultan Obaid,ASAD SULTAN OBAID,AL BATTASHI,Oman,OMA,Weightlifting
https://en.asiangames2018.id/athletes/athlete/AL-BULUSHI-Jamal-Saleh-Mohamed-3000095/,AL BULUSHI Jamal Saleh Mohamed,JAMAL SALEH MOHAMED,AL BULUSHI,Oman,OMA,Shooting
https://en.asiangames2018.id/athletes/athlete/AL-FAZARI-Hamed-Salim-Hamed-3000081/,AL FAZARI Hamed Salim Hamed,HAMED SALIM HAMED,AL FAZARI,Oman,OMA,Hockey
https://en.asiangames2018.id/athletes/athlete/AL-GAHAFFI-Fakhari-Khamis-Bakhit-3000109/,AL GAHAFFI Fakhari Khamis Bakhit,FAKHARI KHAMIS BAKHIT,AL GAHAFFI,Oman,OMA,Shooting
https://en.asiangames2018.id/athletes/athlete/AL-HADAIFI-Ibrahim-Khalfan-Ali-3021161/,AL HADAIFI Ibrahim Khalfan Ali,IBRAHIM KHALFAN ALI,AL HADAIFI,Oman,OMA,Athletics
https://en.asiangames2018.id/athletes/athlete/AL-HADI-Musab-Mohammed-Sulaiyam-3000050/,AL HADI Musab Mohammed Sulaiyam,Musab Mohammed Sulaiyam,Al Hadi,Oman,OMA,Sailing
https://en.asiangames2018.id/athletes/athlete/AL-HARTHI-Barakat-Mubarak-Mabrook-3000022/,AL HARTHI Barakat Mubarak Mabrook,Barakat Mubarak Mabrook,Al Harthi,Oman,OMA,Athletics
https://en.asiangames2018.id/athletes/athlete/AL-HARTHI-Yousuf-Marzohuq-Gharib-3021157/,AL HARTHI Yousuf Marzohuq Gharib,YOUSUF MARZOHUQ GHARIB,AL HARTHI,Oman,OMA,Athletics
https://en.asiangames2018.id/athletes/athlete/AL-HASHMI-Mazin-Sulaiman-Zahran-3000026/,AL HASHMI Mazin Sulaiman Zahran,Mazin Sulaiman Zahran,Al Hashmi,Oman,OMA,Beach Volleyball
https://en.asiangames2018.id/athletes/athlete/AL-HASHMI-Said-Muslem-Khalfan-3000114/,AL HASHMI Said Muslem Khalfan,SAID MUSLEM KHALFAN,AL HASHMI,Oman,OMA,Shooting
https://en.asiangames2018.id/athletes/athlete/AL-HASNI-Mahmood-Salim-Ghashim-3000070/,AL HASNI Mahmood Salim Ghashim,Mahmood Salim Ghashim,Al Hasni,Oman,OMA,Hockey
https://en.asiangames2018.id/athletes/athlete/AL-HINAI-Abdulmalik-Gharib-Juma-3000053/,AL HINAI Abdulmalik Gharib Juma,Abdulmalik Gharib Juma,Al Hinai,Oman,OMA,Sailing
https://en.asiangames2018.id/athletes/athlete/AL-JALBUBI-Nouh-Rashid-Said-3000001/,AL JALBUBI Nouh Rashid Said,Nouh Rashid Said,Al Jalbubi,Oman,OMA,Beach Volleyball
https://en.asiangames2018.id/athletes/athlete/AL-KENDI-Waleed-Issa-Al-Habashi-3000051/,AL KENDI Waleed Issa Al-Habashi,Waleed Issa Al-Habashi,Al Kendi,Oman,OMA,Sailing
https://en.asiangames2018.id/athletes/athlete/AL-KHATRI-Hamed-Said-Masoud-3000107/,AL KHATRI Hamed Said Masoud,HAMED SAID MASOUD,AL KHATRI,Oman,OMA,Shooting
https://en.asiangames2018.id/athletes/athlete/AL-KHATRI-Hilal-Harib-Khalafan-Kham-3000116/,AL KHATRI Hilal Harib Khalafan Kham,HILAL HARIB KHALAFAN KHAMIS,AL KHATRI,Oman,OMA,Shooting
https://en.asiangames2018.id/athletes/athlete/AL-KHATRI-Said-Ali-Rabia-3000135/,AL KHATRI Said Ali Rabia,SAID ALI RABIA,AL KHATRI,Oman,OMA,Shooting
https://en.asiangames2018.id/athletes/athlete/AL-KULAIBI-Abdul-Rahman-Yahya-M-3000052/,AL KULAIBI Abdul Rahman Yahya M.,ABDUL RAHMAN YAHYA MAHFOODH,AL KULAIBI,Oman,OMA,Swimming
https://en.asiangames2018.id/athletes/athlete/AL-LAUN-Sami-Awadh-Said-3000086/,AL LAUN Sami Awadh Said,Sami Awadh Said,Al Laun,Oman,OMA,Hockey
https://en.asiangames2018.id/athletes/athlete/AL-MABSALI-Adnan-Issa-Salim-Rashid-3000054/,AL MABSALI Adnan Issa Salim Rashid,ADNAN ISSA SALIM RASHID,AL MABSALI,Oman,OMA,Sailing
https://en.asiangames2018.id/athletes/athlete/AL-MALKI-Salyem-Mohamed-Said-3000104/,AL MALKI Salyem Mohamed Said,SALYEM MOHAMED SAID,AL MALKI,Oman,OMA,Shooting
https://en.asiangames2018.id/athletes/athlete/AL-NABHANI-Fatma-Talib-Sulaiman-3000005/,AL NABHANI Fatma Talib Sulaiman,FATMA TALIB SULAIMAN,AL NABHANI,Oman,OMA,Tennis
https://en.asiangames2018.id/athletes/athlete/AL-NABHANI-Mohammed-Talib-Sulaiman-3000006/,AL NABHANI Mohammed Talib Sulaiman,MOHAMMED TALIB SULAIMAN,AL NABHANI,Oman,OMA,Tennis
https://en.asiangames2018.id/athletes/athlete/AL-NASSERI-Yasir-Salim-Mohammed-3000126/,AL NASSERI Yasir Salim Mohammed,YASIR SALIM MOHAMMED,AL NASSERI,Oman,OMA,Shooting
https://en.asiangames2018.id/athletes/athlete/AL-NOFALI-Ahmed-Said-Salmeen-3000076/,AL NOFALI Ahmed Said Salmeen,AHMED SAID SALMEEN,AL NOFALI,Oman,OMA,Hockey
https://en.asiangames2018.id/athletes/athlete/AL-NOFLI-Younis-Ghabish-Salmeen-3000087/,AL NOFLI Younis Ghabish Salmeen,Younis Ghabish Salmeen,Al Nofli,Oman,OMA,Hockey
https://en.asiangames2018.id/athletes/athlete/AL-NOUFALI-Yahya-Salim-Khamis-3021232/,AL NOUFALI Yahya Salim Khamis,YAHYA SALIM KHAMIS,AL NOUFALI,Oman,OMA,Athletics
https://en.asiangames2018.id/athletes/athlete/AL-OMRANI-Yousuf-Thani-Abdullah-3000021/,AL OMRANI Yousuf Thani Abdullah,YOUSUF THANI ABDULLAH,AL OMRANI,Oman,OMA,Athletics
https://en.asiangames2018.id/athletes/athlete/AL-QURAINI-Abdullah-Salim-Ali-3021164/,AL QURAINI Abdullah Salim Ali,ABDULLAH SALIM ALI,AL QURAINI,Oman,OMA,Athletics
https://en.asiangames2018.id/athletes/athlete/AL-QURAINI-Obaid-Abdullah-Mohammed-3000056/,AL QURAINI Obaid Abdullah Mohammed,Obaid Abdullah Mohammed,Al Quraini,Oman,OMA,Athletics
https://en.asiangames2018.id/athletes/athlete/AL-RAIISI-Marwan-Abdul-Rahman-Yahya-3000072/,AL RAIISI Marwan Abdul Rahman Yahya,Marwan Abdul Rahman Yahya Issa,Al Raiisi,Oman,OMA,Hockey
https://en.asiangames2018.id/athletes/athlete/AL-RIYAMI-Samiha-Nayel-Abdullah-3000055/,AL RIYAMI Samiha Nayel Abdullah,SAMIHA NAYEL ABDULLAH,AL RIYAMI,Oman,OMA,Sailing
https://en.asiangames2018.id/athletes/athlete/AL-SHEREIQI-Haitham-Khalfan-3000003/,AL SHEREIQI Haitham Khalfan,Haitham Khalfan,Al Shereiqi,Oman,OMA,Beach Volleyball
https://en.asiangames2018.id/athletes/athlete/AL-SHIBLI-Qasim-5255005/,AL SHIBLI Qasim,Qasim,Al Shibli,Oman,OMA,Hockey
https://en.asiangames2018.id/athletes/athlete/AL-SHUHOUMI-Hussein-Rashid-Ali-3000131/,AL SHUHOUMI Hussein Rashid Ali,HUSSEIN RASHID ALI,AL SHUHOUMI,Oman,OMA,Shooting
https://en.asiangames2018.id/athletes/athlete/AL-TARSHI-Amina-Khamis-Abdullah-3000101/,AL TARSHI Amina Khamis Abdullah,AMINA KHAMIS ABDULLAH,AL TARSHI,Oman,OMA,Shooting
https://en.asiangames2018.id/athletes/athlete/AL-YARABI-Salim-Saleh-Muslem-3021162/,AL YARABI Salim Saleh Muslem,SALIM SALEH MUSLEM,AL YARABI,Oman,OMA,Athletics
https://en.asiangames2018.id/athletes/athlete/AL-ZAHLI-Badar-Salim-Hamood-3000125/,AL ZAHLI Badar Salim Hamood,BADAR SALIM HAMOOD,AL ZAHLI,Oman,OMA,Shooting
https://en.asiangames2018.id/athletes/athlete/AL-ABRI-Ismail-Nasser-Khamis-3000091/,AL-ABRI Ismail Nasser Khamis,ISMAIL NASSER KHAMIS,AL-ABRI,Oman,OMA,Shooting
https://en.asiangames2018.id/athletes/athlete/AL-BUSAIDI-Othman-Ali-Hilal-3000020/,AL-BUSAIDI Othman Ali Hilal,OTHMAN ALI HILAL,AL-BUSAIDI,Oman,OMA,Athletics
https://en.asiangames2018.id/athletes/athlete/AL-FARSI-Ibrahim-3030554/,AL-FARSI Ibrahim,Ibrahim,Al-Farsi,Oman,OMA,Hockey
https://en.asiangames2018.id/athletes/athlete/AL-FAZARI-Rashad-Salim-Hamed-3000079/,AL-FAZARI Rashad Salim Hamed,Rashad Salim Hamed,Al-Fazari,Oman,OMA,Hockey
https://en.asiangames2018.id/athletes/athlete/AL-HASANI-Imad-Ayyad-Masoud-Ayyad-3000073/,AL-HASANI Imad Ayyad Masoud Ayyad,Imad Ayyad Masoud Ayyad,Al-Hasani,Oman,OMA,Hockey
https://en.asiangames2018.id/athletes/athlete/AL-HASANI-Muhanna-Nasser-Ali-3000068/,AL-HASANI Muhanna Nasser Ali,Muhanna Nasser Ali,Al-Hasani,Oman,OMA,Hockey
https://en.asiangames2018.id/athletes/athlete/AL-HASANI-Siham-Nasser-Said-3000102/,AL-HASANI Siham Nasser Said,SIHAM NASSER SAID,AL-HASANI,Oman,OMA,Shooting
https://en.asiangames2018.id/athletes/athlete/AL-HATMI-Ahmed-Salim-Khalfan-3000130/,AL-HATMI Ahmed Salim Khalfan,AHMED SALIM KHALFAN,AL-HATMI,Oman,OMA,Shooting
https://en.asiangames2018.id/athletes/athlete/AL-HOUSNI-Ahmed-Khadoum-Surur-3000002/,AL-HOUSNI Ahmed Khadoum Surur,Ahmed Khadoum Surur,Al-Housni,Oman,OMA,Beach Volleyball
https://en.asiangames2018.id/athletes/athlete/AL-NASSERI-Saleem-Salim-Mohammed-A-3000134/,AL-NASSERI Saleem Salim Mohammed A.,SALEEM SALIM MOHAMMED ALI,AL-NASSERI,Oman,OMA,Shooting
https://en.asiangames2018.id/athletes/athlete/AL-NOUFALI-Fahad-Khamis-Salmeen-3000082/,AL-NOUFALI Fahad Khamis Salmeen,Fahad Khamis Salmeen,Al-Noufali,Oman,OMA,Hockey
https://en.asiangames2018.id/athletes/athlete/AL-QASMI-Asaad-Ali-Mubarak-3000071/,AL-QASMI Asaad Ali Mubarak,Asaad Ali Mubarak,Al-Qasmi,Oman,OMA,Hockey
https://en.asiangames2018.id/athletes/athlete/AL-RASHDI-Hashim-Hamed-Saleh-3000048/,AL-RASHDI Hashim Hamed Saleh,HASHIM HAMED SALEH,AL-RASHDI,Oman,OMA,Sailing
https://en.asiangames2018.id/athletes/athlete/AL-SAADI-Salah-Nasser-Ahmed-3000078/,AL-SAADI Salah Nasser Ahmed,Salah Nasser Ahmed,Al-Saadi,Oman,OMA,Hockey
https://en.asiangames2018.id/athletes/athlete/AL-SADI-Mohamed-Obaid-Hindi-3000016/,AL-SADI Mohamed Obaid Hindi,Mohamed Obaid Hindi,Al-Sadi,Oman,OMA,Athletics
https://en.asiangames2018.id/athletes/athlete/AL-SAIFI-Ammar-Yasir-Salim-Titoon-3000015/,AL-SAIFI Ammar Yasir Salim Titoon,Ammar Yasir Salim Titoon,Al-Saifi,Oman,OMA,Athletics
https://en.asiangames2018.id/athletes/athlete/AL-SHAAIBI-Ammaar-Juma-Salim-3000077/,AL-SHAAIBI Ammaar Juma Salim,Ammaar Juma Salim,Al-Shaaibi,Oman,OMA,Hockey
https://en.asiangames2018.id/athletes/athlete/AL-SHAAIBI-Khalid-Juma-Salim-Hamood-3000074/,AL-SHAAIBI Khalid Juma Salim Hamood,Khalid Juma Salim Hamood,Al-Shaaibi,Oman,OMA,Hockey
https://en.asiangames2018.id/athletes/athlete/AL-SHIBLI-Qasim-Moosa-Khalfan-3000069/,AL-SHIBLI Qasim Moosa Khalfan,Qasim Moosa Khalfan,Al-Shibli,Oman,OMA,Hockey
https://en.asiangames2018.id/athletes/athlete/AL-SULEIMANI-Mohammed-Hamdan-Said-3000023/,AL-SULEIMANI Mohammed Hamdan Said,MOHAMMED HAMDAN SAID,AL-SULEIMANI,Oman,OMA,Athletics
https://en.asiangames2018.id/athletes/athlete/AL-YAHYAAI-Huria-Ahmed-Mohammed-3000122/,AL-YAHYAAI Huria Ahmed Mohammed,HURIA AHMED MOHAMMED,AL-YAHYAAI,Oman,OMA,Shooting
https://en.asiangames2018.id/athletes/athlete/AL-ZADJALI-Ali-3030555/,AL-ZADJALI Ali,Ali,Al-Zadjali,Oman,OMA,Hockey
https://en.asiangames2018.id/athletes/athlete/ALALAWI-Salim-Ahmed-Salim-3000138/,ALALAWI Salim Ahmed Salim,SALIM AHMED SALIM,ALALAWI,Oman,OMA,Sailing
https://en.asiangames2018.id/athletes/athlete/ALARINI-Khair-Allah-Khamis-3021163/,ALARINI Khair Allah Khamis,KHAIR ALLAH KHAMIS,ALARINI,Oman,OMA,Athletics
https://en.asiangames2018.id/athletes/athlete/ALLOUN-Faisal-3030556/,ALLOUN Faisal,Faisal,Alloun,Oman,OMA,Hockey
https://en.asiangames2018.id/athletes/athlete/BAIT-JABOOB-Fatak-Abdul-Ghafoor-S-3000025/,BAIT JABOOB Fatak Abdul Ghafoor S.,FATAK ABDUL GHAFOOR SANJOOR,BAIT JABOOB,Oman,OMA,Athletics
https://en.asiangames2018.id/athletes/athlete/BAIT-QISAN-Fatek-Adnan-Awadh-3021156/,BAIT QISAN Fatek Adnan Awadh,Fatek Adnan Awadh,Bait Qisan,Oman,OMA,Athletics
https://en.asiangames2018.id/athletes/athlete/BAIT-SHAMAIAA-Mahmood-Ashoor-R-3000084/,BAIT SHAMAIAA Mahmood Ashoor R.,Mahmood Ashoor Ramadhan,Bait Shamaiaa,Oman,OMA,Hockey
https://en.asiangames2018.id/athletes/athlete/ISSAM-BADAR-DOSHAMBEH-Al-Balushi-3000094/,ISSAM BADAR DOSHAMBEH Al Balushi,AL BALUSHI,ISSAM BADAR DOSHAMBEH,Oman,OMA,Shooting
https://en.asiangames2018.id/athletes/athlete/RAJAB-Basin-3030553/,RAJAB Basin,Basin,Rajab,Oman,OMA,Hockey
