url,fullname,name,surname,country,noc_code,discipline
https://en.asiangames2018.id/athletes/athlete/ABAD-Alfau-Jan-3011089/,ABAD Alfau Jan,ALFAU JAN,ABAD,Philippines,PHI,Pencak Silat
https://en.asiangames2018.id/athletes/athlete/ABAD-Almohaidib-3011092/,ABAD Almohaidib,ALMOHAIDIB,ABAD,Philippines,PHI,Pencak Silat
https://en.asiangames2018.id/athletes/athlete/ABALA-Roque-Jr-5345280/,ABALA Roque Jr,ROQUE JR,ABALA,Philippines,PHI,Rowing
https://en.asiangames2018.id/athletes/athlete/ABELLA-Hanniel-3005859/,ABELLA Hanniel,HANNIEL,ABELLA,Philippines,PHI,Fencing
https://en.asiangames2018.id/athletes/athlete/ABITONA-Apple-Jane-3013857/,ABITONA Apple Jane,APPLE JANE,ABITONA,Philippines,PHI,Canoe/Kayak Sprint
https://en.asiangames2018.id/athletes/athlete/ACUNA-Amparo-Teresa-3008004/,ACUNA Amparo Teresa,AMPARO TERESA,ACUNA,Philippines,PHI,Shooting
https://en.asiangames2018.id/athletes/athlete/ADORNA-Ma-Claire-3005580/,ADORNA Ma Claire,Ma Claire,Adorna,Philippines,PHI,Triathlon
https://en.asiangames2018.id/athletes/athlete/AGOJO-Francis-Aaron-3005073/,AGOJO Francis Aaron,FRANCIS AARON,AGOJO,Philippines,PHI,Taekwondo
https://en.asiangames2018.id/athletes/athlete/AHANMISI-Maverick-3030526/,AHANMISI Maverick,Maverick,Ahanmisi,Philippines,PHI,Basketball
https://en.asiangames2018.id/athletes/athlete/ALCANTARA-Arven-3005077/,ALCANTARA Arven,ARVEN,ALCANTARA,Philippines,PHI,Taekwondo
https://en.asiangames2018.id/athletes/athlete/ALCANTARA-Francis-Casey-3005595/,ALCANTARA Francis Casey,FRANCIS CASEY,ALCANTARA,Philippines,PHI,Tennis
https://en.asiangames2018.id/athletes/athlete/ALCOSEBA-Mark-Anthony-3009537/,ALCOSEBA Mark Anthony,MARK ANTHONY,ALCOSEBA,Philippines,PHI,Soft Tennis
https://en.asiangames2018.id/athletes/athlete/ALIGAGA-Jessie-3006443/,ALIGAGA Jessie,JESSIE,ALIGAGA,Philippines,PHI,Wushu
https://en.asiangames2018.id/athletes/athlete/ALKHALDI-Jasmine-3008022/,ALKHALDI Jasmine,JASMINE,ALKHALDI,Philippines,PHI,Swimming
https://en.asiangames2018.id/athletes/athlete/ALMAZAN-Raymond-3030534/,ALMAZAN Raymond,Raymond,Almazan,Philippines,PHI,Basketball
https://en.asiangames2018.id/athletes/athlete/ALMENCION-Raquel-3013861/,ALMENCION Raquel,RAQUEL,ALMENCION,Philippines,PHI,Canoe/Kayak Sprint
https://en.asiangames2018.id/athletes/athlete/ALORA-Kirstie-Elaine-3005096/,ALORA Kirstie Elaine,KIRSTIE ELAINE,ALORA,Philippines,PHI,Taekwondo
https://en.asiangames2018.id/athletes/athlete/ALQUIROS-Francisco-3021580/,ALQUIROS Francisco,FRANCISCO,ALQUIROS,Philippines,PHI,Bridge
https://en.asiangames2018.id/athletes/athlete/ALTOMONTE-Francesca-3013755/,ALTOMONTE Francesca,FRANCESCA,ALTOMONTE,Philippines,PHI,Softball
https://en.asiangames2018.id/athletes/athlete/AMOR-Chiara-Sophia-3004225/,AMOR Chiara Sophia,CHIARA SOPHIA,AMOR,Philippines,PHI,Equestrian
https://en.asiangames2018.id/athletes/athlete/AMPOSTA-Alvin-5345281/,AMPOSTA Alvin,ALVIN,AMPOSTA,Philippines,PHI,Rowing
https://en.asiangames2018.id/athletes/athlete/ANCHETA-Joaquin-Miguel-3022876/,ANCHETA Joaquin Miguel,JOAQUIN MIGUEL,ANCHETA,Philippines,PHI,Shooting
https://en.asiangames2018.id/athletes/athlete/ANDO-Elreen-Ann-3007990/,ANDO Elreen Ann,ELREEN ANN,ANDO,Philippines,PHI,Weightlifting
https://en.asiangames2018.id/athletes/athlete/ANG-Billy-Joseph-3005578/,ANG Billy Joseph,BILLY JOSEPH,ANG,Philippines,PHI,JetSki
https://en.asiangames2018.id/athletes/athlete/ANTOLIHAO-Mary-Ann-3018656/,ANTOLIHAO Mary Ann,MARY ANN,ANTOLIHAO,Philippines,PHI,Softball
https://en.asiangames2018.id/athletes/athlete/ARAGON-Rhezie-3005093/,ARAGON Rhezie,RHEZIE,ARAGON,Philippines,PHI,Taekwondo
https://en.asiangames2018.id/athletes/athlete/ARCILLA-Joseph-3009534/,ARCILLA Joseph,JOSEPH,ARCILLA,Philippines,PHI,Soft Tennis
https://en.asiangames2018.id/athletes/athlete/ARIBADO-Jemyca-3009909/,ARIBADO Jemyca,JEMYCA,ARIBADO,Philippines,PHI,Squash
https://en.asiangames2018.id/athletes/athlete/ARLES-Maria-Lourdes-3004203/,ARLES Maria Lourdes,MARIA LOURDES,ARLES,Philippines,PHI,Bowling
https://en.asiangames2018.id/athletes/athlete/ARPON-Darlene-Mae-3004420/,ARPON Darlene Mae,DARLENE MAE,ARPON,Philippines,PHI,Taekwondo
https://en.asiangames2018.id/athletes/athlete/ARROYO-Joker-3004226/,ARROYO Joker,JOKER,ARROYO,Philippines,PHI,Equestrian
https://en.asiangames2018.id/athletes/athlete/ARZAGA-Odessa-Mariel-3009524/,ARZAGA Odessa Mariel,ODESSA MARIEL,ARZAGA,Philippines,PHI,Soft Tennis
https://en.asiangames2018.id/athletes/athlete/BABANTO-Rinna-3005336/,BABANTO Rinna,RINNA,BABANTO,Philippines,PHI,Taekwondo
https://en.asiangames2018.id/athletes/athlete/BACHO-Joel-3005614/,BACHO Joel,JOEL,BACHO,Philippines,PHI,Boxing
https://en.asiangames2018.id/athletes/athlete/BALABAL-Jason-3013088/,BALABAL Jason,JASON,BALABAL,Philippines,PHI,Kurash
https://en.asiangames2018.id/athletes/athlete/BALCITA-Mark-Lorenz-3005311/,BALCITA Mark Lorenz,MARK LORENZ,BALCITA,Philippines,PHI,Taekwondo
https://en.asiangames2018.id/athletes/athlete/BALIGASA-Lealyn-3013864/,BALIGASA Lealyn,LEALYN,BALIGASA,Philippines,PHI,Canoe/Kayak Sprint
https://en.asiangames2018.id/athletes/athlete/BALUYOT-Eros-Vincent-3007865/,BALUYOT Eros Vincent,Eros Vincent,Baluyot,Philippines,PHI,Ju-Jitsu
https://en.asiangames2018.id/athletes/athlete/BARON-Mary-Joy-3017848/,BARON Mary Joy,Mary Joy,Baron,Philippines,PHI,Volleyball
https://en.asiangames2018.id/athletes/athlete/BASA-Riflayca-3013868/,BASA Riflayca,RIFLAYCA,BASA,Philippines,PHI,Softball
https://en.asiangames2018.id/athletes/athlete/BAUTISTA-Clinton-Kingsley-3009620/,BAUTISTA Clinton Kingsley,Clinton Kingsley,Bautista,Philippines,PHI,Athletics
https://en.asiangames2018.id/athletes/athlete/BEGORNIA-Reymark-3009905/,BEGORNIA Reymark,REYMARK,BEGORNIA,Philippines,PHI,Squash
https://en.asiangames2018.id/athletes/athlete/BELGA-Beau-Michael-Vincent-3030527/,BELGA Beau Michael Vincent,Beau Michael Vincent,Belga,Philippines,PHI,Basketball
https://en.asiangames2018.id/athletes/athlete/BELGIRA-Lea-Denise-3030538/,BELGIRA Lea Denise,LEA DENISE,BELGIRA,Philippines,PHI,Cycling Mountain Bike
https://en.asiangames2018.id/athletes/athlete/BERAM-Trenten-Anthony-3009599/,BERAM Trenten Anthony,Trenten Anthony,Beram,Philippines,PHI,Athletics
https://en.asiangames2018.id/athletes/athlete/BLANDO-Garnet-Agnes-3013816/,BLANDO Garnet Agnes,GARNET AGNES,BLANDO,Philippines,PHI,Softball
https://en.asiangames2018.id/athletes/athlete/BLATCHE-Andray-3029598/,BLATCHE Andray,ANDRAY,BLATCHE,Philippines,PHI,Basketball
https://en.asiangames2018.id/athletes/athlete/BLATCHE-Andray-Maurice-3011472/,BLATCHE Andray Maurice,ANDRAY MAURICE,BLATCHE,Philippines,PHI,Basketball
https://en.asiangames2018.id/athletes/athlete/BOBIER-John-John-3009814/,BOBIER John John,JOHN JOHN,BOBIER,Philippines,PHI,Sepaktakraw
https://en.asiangames2018.id/athletes/athlete/BORRE-Precious-Jade-3011079/,BORRE Precious Jade,PRECIOUS JADE,BORRE,Philippines,PHI,Pencak Silat
https://en.asiangames2018.id/athletes/athlete/BORROMEO-Regina-Ma-Cristina-3018808/,BORROMEO Regina Ma Cristina,REGINA MA CRISTINA,BORROMEO,Philippines,PHI,Squash
https://en.asiangames2018.id/athletes/athlete/BUENO-Raymund-3029071/,BUENO Raymund,RAYMUND,BUENO,Philippines,PHI,Pencak Silat
https://en.asiangames2018.id/athletes/athlete/BULLO-Joshua-Gleen-3009818/,BULLO Joshua Gleen,JOSHUA GLEEN,BULLO,Philippines,PHI,Sepaktakraw
https://en.asiangames2018.id/athletes/athlete/BUNAGAN-Corinne-Leanne-3029072/,BUNAGAN Corinne Leanne,Corinne Leanne,Bunagan,Philippines,PHI,Artistic Gymnastics
https://en.asiangames2018.id/athletes/athlete/BUSTAMANTE-Patricia-Ann-3013866/,BUSTAMANTE Patricia Ann,PATRICIA ANN,BUSTAMANTE,Philippines,PHI,Canoe/Kayak Sprint
https://en.asiangames2018.id/athletes/athlete/CABANILLA-Eleazar-9950801/,CABANILLA Eleazar,Eleazar,Cabanilla,Philippines,PHI,Bridge
https://en.asiangames2018.id/athletes/athlete/CALUAG-Christopher-John-3005821/,CALUAG Christopher John,CHRISTOPHER JOHN,CALUAG,Philippines,PHI,Cycling BMX
https://en.asiangames2018.id/athletes/athlete/CALUAG-Daniel-Patrick-3005813/,CALUAG Daniel Patrick,DANIEL PATRICK,CALUAG,Philippines,PHI,Cycling BMX
https://en.asiangames2018.id/athletes/athlete/CALUMBRES-Riezel-3013966/,CALUMBRES Riezel,RIEZEL,CALUMBRES,Philippines,PHI,Softball
https://en.asiangames2018.id/athletes/athlete/CAMPOS-Alvin-3011087/,CAMPOS Alvin,ALVIN,CAMPOS,Philippines,PHI,Pencak Silat
https://en.asiangames2018.id/athletes/athlete/CANABAL-Baby-Jessica-3004421/,CANABAL Baby Jessica,BABY JESSICA,CANABAL,Philippines,PHI,Taekwondo
https://en.asiangames2018.id/athletes/athlete/CAPADOCIA-Marian-Jade-3005600/,CAPADOCIA Marian Jade,MARIAN JADE,CAPADOCIA,Philippines,PHI,Tennis
https://en.asiangames2018.id/athletes/athlete/CAPELLAN-Reyland-3013725/,CAPELLAN Reyland,Reyland,Capellan,Philippines,PHI,Artistic Gymnastics
https://en.asiangames2018.id/athletes/athlete/CARANTO-Maribeth-3013869/,CARANTO Maribeth,MARIBETH,CARANTO,Philippines,PHI,Canoe/Kayak Sprint
https://en.asiangames2018.id/athletes/athlete/CASTRO-Luis-Miguel-3016879/,CASTRO Luis Miguel,LUIS MIGUEL,CASTRO,Philippines,PHI,Golf
https://en.asiangames2018.id/athletes/athlete/CATANTAN-Samantha-Kyle-3011126/,CATANTAN Samantha Kyle,SAMANTHA KYLE,CATANTAN,Philippines,PHI,Fencing
https://en.asiangames2018.id/athletes/athlete/CATINDIG-Princess-Lorben-3009518/,CATINDIG Princess Lorben,PRINCESS LORBEN,CATINDIG,Philippines,PHI,Soft Tennis
https://en.asiangames2018.id/athletes/athlete/CATIPON-Lloyd-Dennis-3012454/,CATIPON Lloyd Dennis,LLOYD DENNIS,CATIPON,Philippines,PHI,Kurash
https://en.asiangames2018.id/athletes/athlete/CHICANO-John-3005587/,CHICANO John,John,Chicano,Philippines,PHI,Triathlon
https://en.asiangames2018.id/athletes/athlete/CHUA-Kenneth-3004184/,CHUA Kenneth,KENNETH,CHUA,Philippines,PHI,Bowling
https://en.asiangames2018.id/athletes/athlete/CLARKSON-Jordan-Taylor-3030528/,CLARKSON Jordan Taylor,Jordan Taylor,Clarkson,Philippines,PHI,Basketball
https://en.asiangames2018.id/athletes/athlete/COJUANGCO-Amaya-Amparo-3007790/,COJUANGCO Amaya Amparo,AMAYA AMPARO,COJUANGCO,Philippines,PHI,Archery
https://en.asiangames2018.id/athletes/athlete/COLONIA-Nestor-3007995/,COLONIA Nestor,NESTOR,COLONIA,Philippines,PHI,Weightlifting
https://en.asiangames2018.id/athletes/athlete/CORONACION-Dyan-Arcel-3004200/,CORONACION Dyan Arcel,DYAN ARCEL,CORONACION,Philippines,PHI,Bowling
https://en.asiangames2018.id/athletes/athlete/CORTEZ-Jan-Vincent-3007863/,CORTEZ Jan Vincent,Jan Vincent,Cortez,Philippines,PHI,Ju-Jitsu
https://en.asiangames2018.id/athletes/athlete/COVETA-Geylord-3004874/,COVETA Geylord,Geylord,Coveta,Philippines,PHI,Sailing
https://en.asiangames2018.id/athletes/athlete/CRAY-Eric-Shauwn-3020662/,CRAY Eric Shauwn,Eric Shauwn,Cray,Philippines,PHI,Athletics
https://en.asiangames2018.id/athletes/athlete/CRISOSTOMO-Juvenile-Faye-3005330/,CRISOSTOMO Juvenile Faye,JUVENILE FAYE,CRISOSTOMO,Philippines,PHI,Taekwondo
https://en.asiangames2018.id/athletes/athlete/CRUZ-Charleen-Abigaile-3017687/,CRUZ Charleen Abigaile,Charleen Abigaile,Cruz,Philippines,PHI,Volleyball
https://en.asiangames2018.id/athletes/athlete/CRUZ-Jericho-Xavier-3029650/,CRUZ Jericho Xavier,JERICHO XAVIER,CRUZ,Philippines,PHI,Basketball
https://en.asiangames2018.id/athletes/athlete/DALIDA-Yvonne-Alyssa-3009902/,DALIDA Yvonne Alyssa,YVONNE ALYSSA,DALIDA,Philippines,PHI,Squash
https://en.asiangames2018.id/athletes/athlete/DALISTAN-Paul-John-3030529/,DALISTAN Paul John,Paul John,Dalistan,Philippines,PHI,Basketball
https://en.asiangames2018.id/athletes/athlete/DAMASING-Shaira-3013987/,DAMASING Shaira,SHAIRA,DAMASING,Philippines,PHI,Softball
https://en.asiangames2018.id/athletes/athlete/DAMIAN-Noel-Jr-3009536/,DAMIAN Noel Jr,NOEL JR,DAMIAN,Philippines,PHI,Soft Tennis
https://en.asiangames2018.id/athletes/athlete/DAQUIO-Jamaica-3009527/,DAQUIO Jamaica,JAMAICA,DAQUIO,Philippines,PHI,Soft Tennis
https://en.asiangames2018.id/athletes/athlete/DAWA-Helen-3012418/,DAWA Helen,HELEN,DAWA,Philippines,PHI,Kurash
https://en.asiangames2018.id/athletes/athlete/de-GUIA-Jordan-3013243/,de GUIA Jordan,JORDAN,DE GUIA,Philippines,PHI,Canoe/Kayak Sprint
https://en.asiangames2018.id/athletes/athlete/de-GUZMAN-Kaitlin-Cera-Lianne-3013722/,de GUZMAN Kaitlin Cera Lianne,KAITLIN CERA LIANNE,DE GUZMAN,Philippines,PHI,Artistic Gymnastics
https://en.asiangames2018.id/athletes/athlete/de-GUZMAN-Mary-Cristy-Ann-3022112/,de GUZMAN Mary Cristy Ann,MARY CRISTY ANN,DE GUZMAN,Philippines,PHI,Bridge
https://en.asiangames2018.id/athletes/athlete/de-LEON-Ani-Karina-3005592/,de LEON Ani Karina,ANI KARINA,DE LEON,Philippines,PHI,Triathlon
https://en.asiangames2018.id/athletes/athlete/DECKER-Hailey-Cassandra-3013775/,DECKER Hailey Cassandra,HAILEY CASSANDRA,DECKER,Philippines,PHI,Softball
https://en.asiangames2018.id/athletes/athlete/DEE-Gian-Taylor-3007862/,DEE Gian Taylor,Gian Taylor,Dee,Philippines,PHI,Ju-Jitsu
https://en.asiangames2018.id/athletes/athlete/del-ROSARIO-Maria-Liza-3004197/,del ROSARIO Maria Liza,MARIA LIZA,DEL ROSARIO,Philippines,PHI,Bowling
https://en.asiangames2018.id/athletes/athlete/DELA-CRUZ-Christian-Al-3005158/,DELA CRUZ Christian Al,CHRISTIAN AL,DELA CRUZ,Philippines,PHI,Taekwondo
https://en.asiangames2018.id/athletes/athlete/DELA-CRUZ-Paul-Marton-3007799/,DELA CRUZ Paul Marton,PAUL MARTON,DELA CRUZ,Philippines,PHI,Archery
https://en.asiangames2018.id/athletes/athlete/DELOS-SANTOS-John-Lester-3029081/,DELOS SANTOS John Lester,JOHN LESTER,DELOS SANTOS,Philippines,PHI,Canoe/Kayak Sprint
https://en.asiangames2018.id/athletes/athlete/DELOS-SANTOS-Ma-Dessa-3007987/,DELOS SANTOS Ma Dessa,MA DESSA,DELOS SANTOS,Philippines,PHI,Weightlifting
https://en.asiangames2018.id/athletes/athlete/DELOS-SANTOS-Orencio-James-Virgil-3016900/,DELOS SANTOS Orencio James Virgil,ORENCIO JAMES VIRGIL,DELOS SANTOS,Philippines,PHI,Karate
https://en.asiangames2018.id/athletes/athlete/DIAZ-Hidilyn-3007983/,DIAZ Hidilyn,HIDILYN,DIAZ,Philippines,PHI,Weightlifting
https://en.asiangames2018.id/athletes/athlete/DIDAL-Margielyn-3009804/,DIDAL Margielyn,MARGIELYN,DIDAL,Philippines,PHI,Skateboard
https://en.asiangames2018.id/athletes/athlete/DIONES-Mark-Harry-3009566/,DIONES Mark Harry,Mark Harry,Diones,Philippines,PHI,Athletics
https://en.asiangames2018.id/athletes/athlete/DOMINGUEZ-Jeordan-3005307/,DOMINGUEZ Jeordan,JEORDAN,DOMINGUEZ,Philippines,PHI,Taekwondo
https://en.asiangames2018.id/athletes/athlete/DORMITORIO-Ariana-Thea-Patrice-3011144/,DORMITORIO Ariana Thea Patrice,ARIANA THEA PATRICE,DORMITORIO,Philippines,PHI,Cycling Mountain Bike
https://en.asiangames2018.id/athletes/athlete/DUMAAN-Dines-3011085/,DUMAAN Dines,DINES,DUMAAN,Philippines,PHI,Pencak Silat
https://en.asiangames2018.id/athletes/athlete/DY-Kim-Kianna-3017829/,DY Kim Kianna,Kim Kianna,Dy,Philippines,PHI,Volleyball
https://en.asiangames2018.id/athletes/athlete/EGAN-Victoria-3022140/,EGAN Victoria,VICTORIA,EGAN,Philippines,PHI,Bridge
https://en.asiangames2018.id/athletes/athlete/ELLAZAR-Skylynne-Kopia-3013763/,ELLAZAR Skylynne Kopia,SKYLYNNE KOPIA,ELLAZAR,Philippines,PHI,Softball
https://en.asiangames2018.id/athletes/athlete/ENOPIA-Princesslyn-3029068/,ENOPIA Princesslyn,PRINCESSLYN,ENOPIA,Philippines,PHI,Pencak Silat
https://en.asiangames2018.id/athletes/athlete/EPPINGER-Apryl-Jessica-3007861/,EPPINGER Apryl Jessica,Apryl Jessica,Eppinger,Philippines,PHI,Ju-Jitsu
https://en.asiangames2018.id/athletes/athlete/ERRAM-John-Paul-3018576/,ERRAM John Paul,John Paul,Erram,Philippines,PHI,Basketball
https://en.asiangames2018.id/athletes/athlete/ESCOTE-Emmanuel-3009826/,ESCOTE Emmanuel,EMMANUEL,ESCOTE,Philippines,PHI,Sepaktakraw
https://en.asiangames2018.id/athletes/athlete/ESGUERRA-Rosalyn-3013962/,ESGUERRA Rosalyn,ROSALYN,ESGUERRA,Philippines,PHI,Canoe/Kayak Sprint
https://en.asiangames2018.id/athletes/athlete/ESPENA-Bernadette-3028672/,ESPENA Bernadette,BERNADETTE,ESPENA,Philippines,PHI,Canoe/Kayak Sprint
https://en.asiangames2018.id/athletes/athlete/ESPINOLA-Lydio-Jr-3009894/,ESPINOLA Lydio Jr,LYDIO JR,ESPINOLA,Philippines,PHI,Squash
https://en.asiangames2018.id/athletes/athlete/ESTEBAN-Maxine-Isabel-3011128/,ESTEBAN Maxine Isabel,MAXINE ISABEL,ESTEBAN,Philippines,PHI,Fencing
https://en.asiangames2018.id/athletes/athlete/FAJARDO-Kim-3017835/,FAJARDO Kim,Kim,Fajardo,Philippines,PHI,Volleyball
https://en.asiangames2018.id/athletes/athlete/FALCON-Andrew-3028669/,FALCON Andrew,ANDREW,FALCON,Philippines,PHI,Bridge
https://en.asiangames2018.id/athletes/athlete/FARR-John-Derick-3020685/,FARR John Derick,JOHN DERICK,FARR,Philippines,PHI,Cycling Mountain Bike
https://en.asiangames2018.id/athletes/athlete/FELICIANO-Franc-3013253/,FELICIANO Franc,FRANC,FELICIANO,Philippines,PHI,Canoe/Kayak Sprint
https://en.asiangames2018.id/athletes/athlete/FELICIANO-Renzo-Mark-3009806/,FELICIANO Renzo Mark,RENZO MARK,FELICIANO,Philippines,PHI,Skateboard
https://en.asiangames2018.id/athletes/athlete/FERNANDEZ-Mario-3005647/,FERNANDEZ Mario,MARIO,FERNANDEZ,Philippines,PHI,Boxing
https://en.asiangames2018.id/athletes/athlete/FINES-Sienna-Elaine-3005836/,FINES Sienna Elaine,SIENNA ELAINE,FINES,Philippines,PHI,Cycling BMX
https://en.asiangames2018.id/athletes/athlete/FRANCISCO-Deorelar-3016806/,FRANCISCO Deorelar,DEORELAR,FRANCISCO,Philippines,PHI,Trampoline Gymnastics
https://en.asiangames2018.id/athletes/athlete/FRIAS-Mark-Jhon-3029082/,FRIAS Mark Jhon,MARK JHON,FRIAS,Philippines,PHI,Canoe/Kayak Sprint
https://en.asiangames2018.id/athletes/athlete/FUENTES-Ojay-3013295/,FUENTES Ojay,OJAY,FUENTES,Philippines,PHI,Canoe/Kayak Sprint
https://en.asiangames2018.id/athletes/athlete/GABAYERON-Ronsited-3009830/,GABAYERON Ronsited,RONSITED,GABAYERON,Philippines,PHI,Sepaktakraw
https://en.asiangames2018.id/athletes/athlete/GAO-Weiwei-3016861/,GAO Weiwei,WEIWEI,GAO,Philippines,PHI,Golf
https://en.asiangames2018.id/athletes/athlete/GARCIA-Jeffrey-3007998/,GARCIA Jeffrey,JEFFREY,GARCIA,Philippines,PHI,Weightlifting
https://en.asiangames2018.id/athletes/athlete/GARCIA-Robert-Andrew-3009890/,GARCIA Robert Andrew,ROBERT ANDREW,GARCIA,Philippines,PHI,Squash
https://en.asiangames2018.id/athletes/athlete/GO-Lloyd-Jefferson-3016857/,GO Lloyd Jefferson,LLOYD JEFFERSON,GO,Philippines,PHI,Golf
https://en.asiangames2018.id/athletes/athlete/GO-Lois-Kaye-3016859/,GO Lois Kaye,LOIS KAYE,GO,Philippines,PHI,Golf
https://en.asiangames2018.id/athletes/athlete/GONZALES-Jeffrey-3009807/,GONZALES Jeffrey,JEFFREY,GONZALES,Philippines,PHI,Skateboard
https://en.asiangames2018.id/athletes/athlete/GUEVARRA-Reese-Miquelle-3013838/,GUEVARRA Reese Miquelle,REESE MIQUELLE,GUEVARRA,Philippines,PHI,Softball
https://en.asiangames2018.id/athletes/athlete/GUGGENHEIM-Adrian-Rodolfo-Erwin-3007857/,GUGGENHEIM Adrian Rodolfo Erwin,Adrian Rodolfo Erwin,Guggenheim,Philippines,PHI,Ju-Jitsu
https://en.asiangames2018.id/athletes/athlete/HERNANDEZ-Enrico-Lorenzo-3004181/,HERNANDEZ Enrico Lorenzo,ENRICO LORENZO,HERNANDEZ,Philippines,PHI,Bowling
https://en.asiangames2018.id/athletes/athlete/HITOSIS-Khyshana-Athena-3009495/,HITOSIS Khyshana Athena,KHYSHANA ATHENA,HITOSIS,Philippines,PHI,Soft Tennis
https://en.asiangames2018.id/athletes/athlete/HOFMANN-Christof-Jr-3013108/,HOFMANN Christof Jr,CHRISTOF JR,HOFMANN,Philippines,PHI,Kurash
https://en.asiangames2018.id/athletes/athlete/HOSANA-Mark-Anthony-3005588/,HOSANA Mark Anthony,Mark Anthony,Hosana,Philippines,PHI,Triathlon
https://en.asiangames2018.id/athletes/athlete/HUELGAS-Nikko-3005584/,HUELGAS Nikko,Nikko,Huelgas,Philippines,PHI,Triathlon
https://en.asiangames2018.id/athletes/athlete/INSO-Jones-Llabres-3006428/,INSO Jones Llabres,JONES LLABRES,INSO,Philippines,PHI,Wushu
https://en.asiangames2018.id/athletes/athlete/ISLETA-Chloe-Kennedy-Anne-3008021/,ISLETA Chloe Kennedy Anne,CHLOE KENNEDY ANNE,ISLETA,Philippines,PHI,Swimming
https://en.asiangames2018.id/athletes/athlete/JALANDONI-Kaith-Ezra-3013217/,JALANDONI Kaith Ezra,KAITH EZRA,JALANDONI,Philippines,PHI,Softball
https://en.asiangames2018.id/athletes/athlete/JEMIOLO-Andrea-Candace-3029020/,JEMIOLO Andrea Candace,ANDREA CANDACE,JEMIOLO,Philippines,PHI,Squash
https://en.asiangames2018.id/athletes/athlete/JUMAPAO-Jo-Mar-Roland-3004183/,JUMAPAO Jo Mar Roland,JO MAR ROLAND,JUMAPAO,Philippines,PHI,Bowling
https://en.asiangames2018.id/athletes/athlete/JUMAWAN-Joeart-3009843/,JUMAWAN Joeart,JOEART,JUMAWAN,Philippines,PHI,Sepaktakraw
https://en.asiangames2018.id/athletes/athlete/JUNNA-Tsukii-3021387/,JUNNA Tsukii,TSUKII,JUNNA,Philippines,PHI,Karate
https://en.asiangames2018.id/athletes/athlete/KAIBIGAN-Yancy-3004877/,KAIBIGAN Yancy,YANCY,KAIBIGAN,Philippines,PHI,Sailing
https://en.asiangames2018.id/athletes/athlete/KILGROE-Kim-3005591/,KILGROE Kim,Kim,Kilgroe,Philippines,PHI,Triathlon
https://en.asiangames2018.id/athletes/athlete/KNOTT-Kristina-Marie-3030381/,KNOTT Kristina Marie,Kristina Marie,Knott,Philippines,PHI,Athletics
https://en.asiangames2018.id/athletes/athlete/KOHAGURA-Kohei-3007926/,KOHAGURA Kohei,KOHEI,KOHAGURA,Philippines,PHI,Judo
https://en.asiangames2018.id/athletes/athlete/KURAYOSHI-Megumi-3020538/,KURAYOSHI Megumi,Megumi,KURAYOSHI,Philippines,PHI,Judo
https://en.asiangames2018.id/athletes/athlete/LADON-Rogen-3005673/,LADON Rogen,ROGEN,LADON,Philippines,PHI,Boxing
https://en.asiangames2018.id/athletes/athlete/LANGE-Sierra-Arlyna-3013794/,LANGE Sierra Arlyna,SIERRA ARLYNA,LANGE,Philippines,PHI,Softball
https://en.asiangames2018.id/athletes/athlete/LAZARO-Dennise-Michelle-3028670/,LAZARO Dennise Michelle,Dennise Michelle,Lazaro,Philippines,PHI,Volleyball
https://en.asiangames2018.id/athletes/athlete/LEDA-Trisha-Marie-3011075/,LEDA Trisha Marie,TRISHA MARIE,LEDA,Philippines,PHI,Pencak Silat
https://en.asiangames2018.id/athletes/athlete/LEE-John-Carlo-3009846/,LEE John Carlo,JOHN CARLO,LEE,Philippines,PHI,Sepaktakraw
https://en.asiangames2018.id/athletes/athlete/LEE-Marco-Rafael-3005576/,LEE Marco Rafael,MARCO RAFAEL,LEE,Philippines,PHI,JetSki
https://en.asiangames2018.id/athletes/athlete/LENHERT-Kathrina-Melissa-3005597/,LENHERT Kathrina Melissa,KATHRINA MELISSA,LENHERT,Philippines,PHI,Tennis
https://en.asiangames2018.id/athletes/athlete/LEON-Rachelle-3004208/,LEON Rachelle,RACHELLE,LEON,Philippines,PHI,Bowling
https://en.asiangames2018.id/athletes/athlete/LEVISTE-Marie-Antonette-3004228/,LEVISTE Marie Antonette,MARIE ANTONETTE,LEVISTE,Philippines,PHI,Equestrian
https://en.asiangames2018.id/athletes/athlete/LIM-Alberto-Jr-3005593/,LIM Alberto Jr,ALBERTO JR,LIM,Philippines,PHI,Tennis
https://en.asiangames2018.id/athletes/athlete/LIM-Archimedes-3013162/,LIM Archimedes,ARCHIMEDES,LIM,Philippines,PHI,Swimming
https://en.asiangames2018.id/athletes/athlete/LIM-Marc-Alexander-3007867/,LIM Marc Alexander,Marc Alexander,Lim,Philippines,PHI,Ju-Jitsu
https://en.asiangames2018.id/athletes/athlete/LIWAG-Glaiza-3013974/,LIWAG Glaiza,GLAIZA,LIWAG,Philippines,PHI,Canoe/Kayak Sprint
https://en.asiangames2018.id/athletes/athlete/LLAMAS-Al-Rolan-3012469/,LLAMAS Al Rolan,AL ROLAN,LLAMAS,Philippines,PHI,Kurash
https://en.asiangames2018.id/athletes/athlete/LOBERANES-Grace-3013098/,LOBERANES Grace,GRACE,LOBERANES,Philippines,PHI,Kurash
https://en.asiangames2018.id/athletes/athlete/LOBREGUITO-Alvin-3012255/,LOBREGUITO Alvin,ALVIN,LOBREGUITO,Philippines,PHI,Wrestling
https://en.asiangames2018.id/athletes/athlete/LOON-Jefferson-Rhey-3029069/,LOON Jefferson Rhey,JEFFERSON RHEY,LOON,Philippines,PHI,Pencak Silat
https://en.asiangames2018.id/athletes/athlete/LOPENA-Anfernee-3030382/,LOPENA Anfernee,Anfernee,Lopena,Philippines,PHI,Athletics
https://en.asiangames2018.id/athletes/athlete/LOPEZ-Pauline-Louise-3005094/,LOPEZ Pauline Louise,PAULINE LOUISE,LOPEZ,Philippines,PHI,Taekwondo
https://en.asiangames2018.id/athletes/athlete/LOUIE-Brennan-Wayne-3011132/,LOUIE Brennan Wayne,BRENNAN WAYNE,LOUIE,Philippines,PHI,Fencing
https://en.asiangames2018.id/athletes/athlete/LOZADA-Wilhelmina-3011135/,LOZADA Wilhelmina,WILHELMINA,LOZADA,Philippines,PHI,Fencing
https://en.asiangames2018.id/athletes/athlete/LUSTRE-Aidelyn-3029080/,LUSTRE Aidelyn,AIDELYN,LUSTRE,Philippines,PHI,Canoe/Kayak Sprint
https://en.asiangames2018.id/athletes/athlete/MACAALAY-Jayson-Ramil-3016902/,MACAALAY Jayson Ramil,JAYSON RAMIL,MACAALAY,Philippines,PHI,Karate
https://en.asiangames2018.id/athletes/athlete/MACANDILI-Dawn-Nicole-3017756/,MACANDILI Dawn Nicole,Dawn Nicole,Macandili,Philippines,PHI,Volleyball
https://en.asiangames2018.id/athletes/athlete/MACAPAGAL-Mia-3014034/,MACAPAGAL Mia,MIA,MACAPAGAL,Philippines,PHI,Softball
https://en.asiangames2018.id/athletes/athlete/MACARANAS-Hermie-3013311/,MACARANAS Hermie,HERMIE,MACARANAS,Philippines,PHI,Canoe/Kayak Sprint
https://en.asiangames2018.id/athletes/athlete/MACROHON-Kristel-3007992/,MACROHON Kristel,KRISTEL,MACROHON,Philippines,PHI,Weightlifting
https://en.asiangames2018.id/athletes/athlete/MAGNO-Irish-3005611/,MAGNO Irish,IRISH,MAGNO,Philippines,PHI,Boxing
https://en.asiangames2018.id/athletes/athlete/MALIWAT-Joseph-Roman-Jr-Iii-3016921/,MALIWAT Joseph Roman Jr Iii,JOSEPH ROMAN JR III,MALIWAT,Philippines,PHI,Bridge
https://en.asiangames2018.id/athletes/athlete/MANABAT-Aleona-Denise-3017598/,MANABAT Aleona Denise,Aleona Denise,Manabat,Philippines,PHI,Volleyball
https://en.asiangames2018.id/athletes/athlete/MANAIG-Oliver-3013336/,MANAIG Oliver,OLIVER,MANAIG,Philippines,PHI,Canoe/Kayak Sprint
https://en.asiangames2018.id/athletes/athlete/MANALAC-Noelle-Conchita-Corazon-3009511/,MANALAC Noelle Conchita Corazon,NOELLE CONCHITA CORAZON,MANALAC,Philippines,PHI,Soft Tennis
https://en.asiangames2018.id/athletes/athlete/MANALANG-Felipe-3022194/,MANALANG Felipe,FELIPE,MANALANG,Philippines,PHI,Bridge
https://en.asiangames2018.id/athletes/athlete/MANATAD-Jefferson-3012249/,MANATAD Jefferson,JEFFERSON,MANATAD,Philippines,PHI,Wrestling
https://en.asiangames2018.id/athletes/athlete/MANDURIAO-Mikoff-3009547/,MANDURIAO Mikoff,MIKOFF,MANDURIAO,Philippines,PHI,Soft Tennis
https://en.asiangames2018.id/athletes/athlete/MANGILIT-Sharmane-3013986/,MANGILIT Sharmane,SHARMANE,MANGILIT,Philippines,PHI,Canoe/Kayak Sprint
https://en.asiangames2018.id/athletes/athlete/MANGROBANG-Marion-Kim-3005590/,MANGROBANG Marion Kim,Marion Kim,Mangrobang,Philippines,PHI,Triathlon
https://en.asiangames2018.id/athletes/athlete/MARANO-Abigail-3017597/,MARANO Abigail,Abigail,Marano,Philippines,PHI,Volleyball
https://en.asiangames2018.id/athletes/athlete/MARCIAL-Eumir-Felix-3005606/,MARCIAL Eumir Felix,EUMIR FELIX,MARCIAL,Philippines,PHI,Boxing
https://en.asiangames2018.id/athletes/athlete/MARIANO-Gemma-Milagros-3005775/,MARIANO Gemma Milagros,GEMMA MILAGROS,MARIANO,Philippines,PHI,Bridge
https://en.asiangames2018.id/athletes/athlete/MASBATE-Roger-Kenneth-3013348/,MASBATE Roger Kenneth,ROGER KENNETH,MASBATE,Philippines,PHI,Canoe/Kayak Sprint
https://en.asiangames2018.id/athletes/athlete/MAYAGMA-James-El-3029070/,MAYAGMA James El,JAMES EL,MAYAGMA,Philippines,PHI,Pencak Silat
https://en.asiangames2018.id/athletes/athlete/MEDINA-Francis-3009606/,MEDINA Francis,Francis,Medina,Philippines,PHI,Athletics
https://en.asiangames2018.id/athletes/athlete/MEDINA-Marian-Nicolle-3013711/,MEDINA Marian Nicolle,Marian Nicolle,Medina,Philippines,PHI,Rhythmic Gymnastics
https://en.asiangames2018.id/athletes/athlete/MELLA-Dustin-Jacob-3005296/,MELLA Dustin Jacob,DUSTIN JACOB,MELLA,Philippines,PHI,Taekwondo
https://en.asiangames2018.id/athletes/athlete/MIRANDA-Raoul-3004192/,MIRANDA Raoul,RAOUL,MIRANDA,Philippines,PHI,Bowling
https://en.asiangames2018.id/athletes/athlete/MOFAR-Ma-Theresa-3013993/,MOFAR Ma Theresa,MA THERESA,MOFAR,Philippines,PHI,Canoe/Kayak Sprint
https://en.asiangames2018.id/athletes/athlete/MOLINA-Frances-Xinia-3017787/,MOLINA Frances Xinia,FRANCES XINIA,MOLINA,Philippines,PHI,Volleyball
https://en.asiangames2018.id/athletes/athlete/MORADO-Julia-Melissa-3017822/,MORADO Julia Melissa,Julia Melissa,Morado,Philippines,PHI,Volleyball
https://en.asiangames2018.id/athletes/athlete/MORCILLOS-John-Jeffrey-3009857/,MORCILLOS John Jeffrey,JOHN JEFFREY,MORCILLOS,Philippines,PHI,Sepaktakraw
https://en.asiangames2018.id/athletes/athlete/MORRISON-Samuel-Thomas-Harper-3005079/,MORRISON Samuel Thomas Harper,SAMUEL THOMAS HARPER,MORRISON,Philippines,PHI,Taekwondo
https://en.asiangames2018.id/athletes/athlete/MOSQUEDA-Jenielou-3012431/,MOSQUEDA Jenielou,JENIELOU,MOSQUEDA,Philippines,PHI,Kurash
https://en.asiangames2018.id/athletes/athlete/NAKANO-Keisei-3007927/,NAKANO Keisei,Keisei,NAKANO,Philippines,PHI,Judo
https://en.asiangames2018.id/athletes/athlete/NAKANO-Shugen-3007929/,NAKANO Shugen,Shugen,NAKANO,Philippines,PHI,Judo
https://en.asiangames2018.id/athletes/athlete/NAPOLIS-Jenna-Kaila-3007860/,NAPOLIS Jenna Kaila,Jenna Kaila,Napolis,Philippines,PHI,Ju-Jitsu
https://en.asiangames2018.id/athletes/athlete/NAYRE-Jann-Mari-3028671/,NAYRE Jann Mari,JANN MARI,NAYRE,Philippines,PHI,Table Tennis
https://en.asiangames2018.id/athletes/athlete/NEVADO-Reymart-3013792/,NEVADO Reymart,REYMART,NEVADO,Philippines,PHI,Canoe/Kayak Sprint
https://en.asiangames2018.id/athletes/athlete/NICANOR-Michael-3005933/,NICANOR Michael,MICHAEL,NICANOR,Philippines,PHI,Fencing
https://en.asiangames2018.id/athletes/athlete/NINOBLA-Jocel-Lyn-3005561/,NINOBLA Jocel Lyn,JOCEL LYN,NINOBLA,Philippines,PHI,Taekwondo
https://en.asiangames2018.id/athletes/athlete/NORWOOD-Gabriel-Daniel-3018580/,NORWOOD Gabriel Daniel,Gabriel Daniel,Norwood,Philippines,PHI,Basketball
https://en.asiangames2018.id/athletes/athlete/OBIENA-Ernest-John-3009575/,OBIENA Ernest John,Ernest John,Obiena,Philippines,PHI,Athletics
https://en.asiangames2018.id/athletes/athlete/OCHOA-Margarita-3007859/,OCHOA Margarita,Margarita,Ochoa,Philippines,PHI,Ju-Jitsu
https://en.asiangames2018.id/athletes/athlete/OLIVA-Janna-Dominique-3005565/,OLIVA Janna Dominique,JANNA DOMINIQUE,OLIVA,Philippines,PHI,Taekwondo
https://en.asiangames2018.id/athletes/athlete/ONOFRE-Ma-Cristina-3013708/,ONOFRE Ma Cristina,Ma Cristina,Onofre,Philippines,PHI,Artistic Gymnastics
https://en.asiangames2018.id/athletes/athlete/ORTEGA-Daniel-3013808/,ORTEGA Daniel,DANIEL,ORTEGA,Philippines,PHI,Canoe/Kayak Sprint
https://en.asiangames2018.id/athletes/athlete/ORTEGA-Rick-Rod-3011078/,ORTEGA Rick Rod,RICK ROD,ORTEGA,Philippines,PHI,Pencak Silat
https://en.asiangames2018.id/athletes/athlete/ORTIZ-Maika-Angela-3017841/,ORTIZ Maika Angela,Maika Angela,Ortiz,Philippines,PHI,Volleyball
https://en.asiangames2018.id/athletes/athlete/ORTOUSTE-Rheyjey-3009859/,ORTOUSTE Rheyjey,RHEYJEY,ORTOUSTE,Philippines,PHI,Sepaktakraw
https://en.asiangames2018.id/athletes/athlete/PAALAM-Carlo-3005602/,PAALAM Carlo,CARLO,PAALAM,Philippines,PHI,Boxing
https://en.asiangames2018.id/athletes/athlete/PAAT-Mylene-3030540/,PAAT Mylene,Mylene,Paat,Philippines,PHI,Volleyball
https://en.asiangames2018.id/athletes/athlete/PABRIGA-Regie-Reznan-3009862/,PABRIGA Regie Reznan,REGIE REZNAN,PABRIGA,Philippines,PHI,Sepaktakraw
https://en.asiangames2018.id/athletes/athlete/PADILLA-Luvicar-Janine-3013703/,PADILLA Luvicar Janine,LUVICAR JANINE,PADILLA,Philippines,PHI,Trampoline Gymnastics
https://en.asiangames2018.id/athletes/athlete/PAGDANGANAN-Bianca-3016844/,PAGDANGANAN Bianca,BIANCA,PAGDANGANAN,Philippines,PHI,Golf
https://en.asiangames2018.id/athletes/athlete/PALICTE-James-3005612/,PALICTE James,JAMES,PALICTE,Philippines,PHI,Boxing
https://en.asiangames2018.id/athletes/athlete/PALMA-Royevel-9957801/,PALMA Royevel,ROYEVEL,PALMA,Philippines,PHI,Softball
https://en.asiangames2018.id/athletes/athlete/PALMA-Royevel-3030474/,PALMA Royevel,ROYEVEL,PALMA,Philippines,PHI,Softball
https://en.asiangames2018.id/athletes/athlete/PANGAN-Alvin-3009811/,PANGAN Alvin,ALVIN,PANGAN,Philippines,PHI,Sepaktakraw
https://en.asiangames2018.id/athletes/athlete/PANTALEON-Roberto-3013815/,PANTALEON Roberto,ROBERTO,PANTALEON,Philippines,PHI,Canoe/Kayak Sprint
https://en.asiangames2018.id/athletes/athlete/PARANTAC-Daniel-3006431/,PARANTAC Daniel,DANIEL,PARANTAC,Philippines,PHI,Wushu
https://en.asiangames2018.id/athletes/athlete/PARAS-Kobe-Lorenzo-3029636/,PARAS Kobe Lorenzo,KOBE LORENZO,PARAS,Philippines,PHI,Basketball
https://en.asiangames2018.id/athletes/athlete/PATRIMONIO-Anna-Clarice-3005599/,PATRIMONIO Anna Clarice,ANNA CLARICE,PATRIMONIO,Philippines,PHI,Tennis
https://en.asiangames2018.id/athletes/athlete/PATROMBON-Jeson-3005596/,PATROMBON Jeson,JESON,PATROMBON,Philippines,PHI,Tennis
https://en.asiangames2018.id/athletes/athlete/PELINO-David-William-3009911/,PELINO David William,DAVID WILLIAM,PELINO,Philippines,PHI,Squash
https://en.asiangames2018.id/athletes/athlete/PENA-Carlos-Angelo-9955405/,PENA Carlos Angelo,Carlos Angelo,Pena,Philippines,PHI,Ju-Jitsu
https://en.asiangames2018.id/athletes/athlete/PEREZ-Elien-Rose-3030475/,PEREZ Elien Rose,ELIEN ROSE,PEREZ,Philippines,PHI,Weightlifting
https://en.asiangames2018.id/athletes/athlete/PEREZ-Nathaniel-3005936/,PEREZ Nathaniel,NATHANIEL,PEREZ,Philippines,PHI,Fencing
https://en.asiangames2018.id/athletes/athlete/PETECIO-Nesthy-3005655/,PETECIO Nesthy,NESTHY,PETECIO,Philippines,PHI,Boxing
https://en.asiangames2018.id/athletes/athlete/POGOY-Roger-Ray-3029599/,POGOY Roger Ray,ROGER RAY,POGOY,Philippines,PHI,Basketball
https://en.asiangames2018.id/athletes/athlete/POGOY-Roger-Ray-3018585/,POGOY Roger Ray,ROGER RAY,POGOY,Philippines,PHI,Basketball
https://en.asiangames2018.id/athletes/athlete/POSADAS-Marian-Lara-3004204/,POSADAS Marian Lara,MARIAN LARA,POSADAS,Philippines,PHI,Bowling
https://en.asiangames2018.id/athletes/athlete/PRINGLE-Stanley-3030530/,PRINGLE Stanley,Stanley,Pringle,Philippines,PHI,Basketball
https://en.asiangames2018.id/athletes/athlete/QUIOGUE-Alberto-3016916/,QUIOGUE Alberto,ALBERTO,QUIOGUE,Philippines,PHI,Bridge
https://en.asiangames2018.id/athletes/athlete/RAMIREZ-Annie-3007858/,RAMIREZ Annie,Annie,Ramirez,Philippines,PHI,Ju-Jitsu
https://en.asiangames2018.id/athletes/athlete/RAMISCAL-Vince-Carlo-3009541/,RAMISCAL Vince Carlo,VINCE CARLO,RAMISCAL,Philippines,PHI,Soft Tennis
https://en.asiangames2018.id/athletes/athlete/REGALADO-Cherry-May-3011086/,REGALADO Cherry May,CHERRY MAY,REGALADO,Philippines,PHI,Pencak Silat
https://en.asiangames2018.id/athletes/athlete/REYES-Mika-Aereen-3017567/,REYES Mika Aereen,Mika Aereen,Reyes,Philippines,PHI,Volleyball
https://en.asiangames2018.id/athletes/athlete/REYES-Rodolfo-Jr-3005320/,REYES Rodolfo Jr,RODOLFO JR,REYES,Philippines,PHI,Taekwondo
https://en.asiangames2018.id/athletes/athlete/RIVERO-Ricci-Paolo-3029603/,RIVERO Ricci Paolo,RICCI PAOLO,RIVERO,Philippines,PHI,Basketball
https://en.asiangames2018.id/athletes/athlete/ROA-Cristy-Joy-3014094/,ROA Cristy Joy,CRISTY JOY,ROA,Philippines,PHI,Softball
https://en.asiangames2018.id/athletes/athlete/ROA-Rhea-3014000/,ROA Rhea,RHEA,ROA,Philippines,PHI,Canoe/Kayak Sprint
https://en.asiangames2018.id/athletes/athlete/ROMEO-Terrence-Bill-3029600/,ROMEO Terrence Bill,TERRENCE BILL,ROMEO,Philippines,PHI,Basketball
https://en.asiangames2018.id/athletes/athlete/ROMEO-Terrence-Bill-3018588/,ROMEO Terrence Bill,TERRENCE BILL,ROMEO,Philippines,PHI,Basketball
https://en.asiangames2018.id/athletes/athlete/ROSARIO-Jeth-Troy-3029634/,ROSARIO Jeth Troy,JETH TROY,ROSARIO,Philippines,PHI,Basketball
https://en.asiangames2018.id/athletes/athlete/ROSARIO-Jeth-Troy-3018592/,ROSARIO Jeth Troy,JETH TROY,ROSARIO,Philippines,PHI,Basketball
https://en.asiangames2018.id/athletes/athlete/RUZ-Jonathan-3013832/,RUZ Jonathan,JONATHAN,RUZ,Philippines,PHI,Canoe/Kayak Sprint
https://en.asiangames2018.id/athletes/athlete/SABIO-Shieldannah-3013680/,SABIO Shieldannah,Shieldannah,Sabio,Philippines,PHI,Rhythmic Gymnastics
https://en.asiangames2018.id/athletes/athlete/SACLAG-Jean-Claude-3006434/,SACLAG Jean Claude,JEAN CLAUDE,SACLAG,Philippines,PHI,Wushu
https://en.asiangames2018.id/athletes/athlete/SALAMAT-Marella-Vania-3005844/,SALAMAT Marella Vania,MARELLA VANIA,SALAMAT,Philippines,PHI,Cycling Road
https://en.asiangames2018.id/athletes/athlete/SANTIAGO-Alyja-Daphne-3017602/,SANTIAGO Alyja Daphne,Alyja Daphne,Santiago,Philippines,PHI,Volleyball
https://en.asiangames2018.id/athletes/athlete/SASO-Yuka-3016838/,SASO Yuka,YUKA,SASO,Philippines,PHI,Golf
https://en.asiangames2018.id/athletes/athlete/SAYAN-Thornton-Quieney-Lou-3006438/,SAYAN Thornton Quieney Lou,THORNTON QUIENEY LOU,SAYAN,Philippines,PHI,Wushu
https://en.asiangames2018.id/athletes/athlete/SELENCIO-John-Paul-3013840/,SELENCIO John Paul,JOHN PAUL,SELENCIO,Philippines,PHI,Canoe/Kayak Sprint
https://en.asiangames2018.id/athletes/athlete/SEMERAD-Anthony-Paul-3029602/,SEMERAD Anthony Paul,ANTHONY PAUL,SEMERAD,Philippines,PHI,Basketball
https://en.asiangames2018.id/athletes/athlete/SHARIEF-Afif-M-3029098/,SHARIEF Afif M.,AFIF M.,SHARIEF,Philippines,PHI,Karate
https://en.asiangames2018.id/athletes/athlete/SOLIS-Francisco-3029049/,SOLIS Francisco,FRANCISCO,SOLIS,Philippines,PHI,Wushu
https://en.asiangames2018.id/athletes/athlete/SOLIS-Jerome-3013843/,SOLIS Jerome,JEROME,SOLIS,Philippines,PHI,Canoe/Kayak Sprint
https://en.asiangames2018.id/athletes/athlete/SOO-George-3016925/,SOO George,GEORGE,SOO,Philippines,PHI,Bridge
https://en.asiangames2018.id/athletes/athlete/SORIANO-Mae-3013772/,SORIANO Mae,MAE,SORIANO,Philippines,PHI,Karate
https://en.asiangames2018.id/athletes/athlete/STANDHARDINGER-Christian-Karl-3018593/,STANDHARDINGER Christian Karl,Christian Karl,Standhardinger,Philippines,PHI,Basketball
https://en.asiangames2018.id/athletes/athlete/SUAREZ-Charly-3005603/,SUAREZ Charly,CHARLY,SUAREZ,Philippines,PHI,Boxing
https://en.asiangames2018.id/athletes/athlete/SUITOS-Chelsea-Kaitlyn-3013862/,SUITOS Chelsea Kaitlyn,CHELSEA KAITLYN,SUITOS,Philippines,PHI,Softball
https://en.asiangames2018.id/athletes/athlete/SUNANG-Marestella-3009616/,SUNANG Marestella,Marestella,Sunang,Philippines,PHI,Athletics
https://en.asiangames2018.id/athletes/athlete/SURBAN-Nino-3030537/,SURBAN Nino,NINO,SURBAN,Philippines,PHI,Cycling Mountain Bike
https://en.asiangames2018.id/athletes/athlete/SY-Marie-Alexis-3004206/,SY Marie Alexis,MARIE ALEXIS,SY,Philippines,PHI,Bowling
https://en.asiangames2018.id/athletes/athlete/TABAL-Mary-Joy-3009676/,TABAL Mary Joy,Mary Joy,Tabal,Philippines,PHI,Athletics
https://en.asiangames2018.id/athletes/athlete/TABORA-Krizziah-Lyn-3004201/,TABORA Krizziah Lyn,KRIZZIAH LYN,TABORA,Philippines,PHI,Bowling
https://en.asiangames2018.id/athletes/athlete/TABUGARA-Clemente-Jr-3006447/,TABUGARA Clemente Jr,CLEMENTE JR,TABUGARA,Philippines,PHI,Wushu
https://en.asiangames2018.id/athletes/athlete/TACAY-Rexor-3016904/,TACAY Rexor,REXOR,TACAY,Philippines,PHI,Karate
https://en.asiangames2018.id/athletes/athlete/TAGLE-Erwin-John-3007864/,TAGLE Erwin John,ERWIN JOHN,TAGLE,Philippines,PHI,Ju-Jitsu
https://en.asiangames2018.id/athletes/athlete/TAGLE-Nicole-Marie-3007798/,TAGLE Nicole Marie,NICOLE MARIE,TAGLE,Philippines,PHI,Archery
https://en.asiangames2018.id/athletes/athlete/TAKAHASHI-Mariya-3007930/,TAKAHASHI Mariya,Mariya,TAKAHASHI,Philippines,PHI,Judo
https://en.asiangames2018.id/athletes/athlete/TALLEDO-Christine-Mae-3014007/,TALLEDO Christine Mae,CHRISTINE MAE,TALLEDO,Philippines,PHI,Canoe/Kayak Sprint
https://en.asiangames2018.id/athletes/athlete/TAN-Allen-3016928/,TAN Allen,ALLEN,TAN,Philippines,PHI,Bridge
https://en.asiangames2018.id/athletes/athlete/TAN-Francis-Allen-3016914/,TAN Francis Allen,FRANCIS ALLEN,TAN,Philippines,PHI,Bridge
https://en.asiangames2018.id/athletes/athlete/TAN-Merwin-Matheiu-3004191/,TAN Merwin Matheiu,MERWIN MATHEIU,TAN,Philippines,PHI,Bowling
https://en.asiangames2018.id/athletes/athlete/TAULAVA-Pauliasi-3030531/,TAULAVA Pauliasi,Pauliasi,Taulava,Philippines,PHI,Basketball
https://en.asiangames2018.id/athletes/athlete/TAYONG-Lester-Troy-3018133/,TAYONG Lester Troy,Lester Troy,Tayong,Philippines,PHI,Sailing
https://en.asiangames2018.id/athletes/athlete/TENER-Noemi-3012916/,TENER Noemi,NOEMI,TENER,Philippines,PHI,Kurash
https://en.asiangames2018.id/athletes/athlete/TIMBANG-Jan-Gwynn-3029073/,TIMBANG Jan Gwynn,Jan Gwynn,Timbang,Philippines,PHI,Artistic Gymnastics
https://en.asiangames2018.id/athletes/athlete/TINIO-Justine-Gail-3011136/,TINIO Justine Gail,JUSTINE GAIL,TINIO,Philippines,PHI,Fencing
https://en.asiangames2018.id/athletes/athlete/TIU-Christopher-John-3030532/,TIU Christopher John,Christopher John,Tiu,Philippines,PHI,Basketball
https://en.asiangames2018.id/athletes/athlete/TOLEDO-Aries-3009583/,TOLEDO Aries,Aries,Toledo,Philippines,PHI,Athletics
https://en.asiangames2018.id/athletes/athlete/TOPACIO-Hagen-Alexander-3022875/,TOPACIO Hagen Alexander,HAGEN ALEXANDER,TOPACIO,Philippines,PHI,Shooting
https://en.asiangames2018.id/athletes/athlete/TORILLOS-Jenar-3005071/,TORILLOS Jenar,JENAR,TORILLOS,Philippines,PHI,Taekwondo
https://en.asiangames2018.id/athletes/athlete/TRATTER-Abu-3029637/,TRATTER Abu,ABU,TRATTER,Philippines,PHI,Basketball
https://en.asiangames2018.id/athletes/athlete/TROLLANO-Celedonio-9951417/,TROLLANO Celedonio,Celedonio,Trollano,Philippines,PHI,Basketball
https://en.asiangames2018.id/athletes/athlete/TROLLANO-Celedonio-Jr-3029601/,TROLLANO Celedonio Jr,CELEDONIO JR,TROLLANO,Philippines,PHI,Basketball
https://en.asiangames2018.id/athletes/athlete/UBAS-Janry-3009611/,UBAS Janry,Janry,Ubas,Philippines,PHI,Athletics
https://en.asiangames2018.id/athletes/athlete/UMALI-Angelo-Kenzo-3004179/,UMALI Angelo Kenzo,ANGELO KENZO,UMALI,Philippines,PHI,Bowling
https://en.asiangames2018.id/athletes/athlete/URSABIA-Angelie-3018611/,URSABIA Angelie,ANGELIE,URSABIA,Philippines,PHI,Softball
https://en.asiangames2018.id/athletes/athlete/UY-Kristopher-Robert-3005080/,UY Kristopher Robert,KRISTOPHER ROBERT,UY,Philippines,PHI,Taekwondo
https://en.asiangames2018.id/athletes/athlete/VALDEZ-Alyssa-3017591/,VALDEZ Alyssa,Alyssa,Valdez,Philippines,PHI,Volleyball
https://en.asiangames2018.id/athletes/athlete/VALDEZ-Jayson-3008006/,VALDEZ Jayson,JAYSON,VALDEZ,Philippines,PHI,Shooting
https://en.asiangames2018.id/athletes/athlete/VALLESTERO-Arianne-3020501/,VALLESTERO Arianne,ARIANNE,VALLESTERO,Philippines,PHI,Softball
https://en.asiangames2018.id/athletes/athlete/VEROSIL-Gerald-3005572/,VEROSIL Gerald,GERALD,VEROSIL,Philippines,PHI,Sport Climbing
https://en.asiangames2018.id/athletes/athlete/VICENCIO-Joseph-Benjamin-Eduardo-3007794/,VICENCIO Joseph Benjamin Eduardo,JOSEPH BENJAMIN EDUARDO,VICENCIO,Philippines,PHI,Archery
https://en.asiangames2018.id/athletes/athlete/VILLEGAS-Aira-3005601/,VILLEGAS Aira,AIRA,VILLEGAS,Philippines,PHI,Boxing
https://en.asiangames2018.id/athletes/athlete/VILLENA-Emerson-3018134/,VILLENA Emerson,Emerson,Villena,Philippines,PHI,Sailing
https://en.asiangames2018.id/athletes/athlete/VILOG-Marco-3009594/,VILOG Marco,Marco,Vilog,Philippines,PHI,Athletics
https://en.asiangames2018.id/athletes/athlete/VIROLA-Romulo-3024151/,VIROLA Romulo,ROMULO,VIROLA,Philippines,PHI,Bridge
https://en.asiangames2018.id/athletes/athlete/WALLY-Divine-3006450/,WALLY Divine,DIVINE,WALLY,Philippines,PHI,Wushu
https://en.asiangames2018.id/athletes/athlete/WATANABE-Kiyomi-3007932/,WATANABE Kiyomi,Kiyomi,WATANABE,Philippines,PHI,Judo
https://en.asiangames2018.id/athletes/athlete/WILLIAM-Jayson-3029635/,WILLIAM Jayson,JAYSON,WILLIAM,Philippines,PHI,Basketball
https://en.asiangames2018.id/athletes/athlete/WONG-Agatha-Chrystenzen-3006453/,WONG Agatha Chrystenzen,AGATHA CHRYSTENZEN,WONG,Philippines,PHI,Wushu
https://en.asiangames2018.id/athletes/athlete/YAM-Juan-Rafael-3009914/,YAM Juan Rafael,JUAN RAFAEL,YAM,Philippines,PHI,Squash
https://en.asiangames2018.id/athletes/athlete/YANG-Kong-Te-3022015/,YANG Kong Te,KONG TE,YANG,Philippines,PHI,Bridge
https://en.asiangames2018.id/athletes/athlete/YAP-Earl-Benjamin-3007791/,YAP Earl Benjamin,EARL BENJAMIN,YAP,Philippines,PHI,Archery
https://en.asiangames2018.id/athletes/athlete/YAP-James-Carlos-3030533/,YAP James Carlos,James Carlos,Yap,Philippines,PHI,Basketball
https://en.asiangames2018.id/athletes/athlete/YU-Roxanne-Ashley-3008025/,YU Roxanne Ashley,ROXANNE ASHLEY,YU,Philippines,PHI,Swimming
https://en.asiangames2018.id/athletes/athlete/YULO-Carlos-Edriel-3010516/,YULO Carlos Edriel,Carlos Edriel,Yulo,Philippines,PHI,Artistic Gymnastics
https://en.asiangames2018.id/athletes/athlete/ZARAGOSA-Ruperto-Iii-3016834/,ZARAGOSA Ruperto Iii,RUPERTO III,ZARAGOSA,Philippines,PHI,Golf
